ticket_id,subject,category,priority,status,created_at,resolved_at,closed_at,assignee,team,customer,contact_channel,sla_breached,satisfaction_score
SUP-2000000,Data Export/Import - TechStart Inc,Data Export/Import,Low,Closed,2024-01-08 20:06:23,2024-01-12 07:07:25,2024-01-12 07:46:25,laura.smith,Technical Team,TechStart Inc,Portal,false,
SUP-2000001,Account Management - Individual,Account Management,Low,Reopened,2024-01-01 13:28:32,2024-01-02 14:02:37,,laura.smith,Account Team,Individual,Portal,false,
SUP-2000002,Billing Issue - TechStart Inc,Billing Issue,Medium,Closed,2024-01-04 07:23:23,2024-01-05 04:24:08,2024-01-05 05:22:08,jennifer.wu,Finance Support,TechStart Inc,Chat,false,6.9
SUP-2000003,Account Management - UniServices,Account Management,High,Closed,2024-01-10 14:01:31,2024-01-11 10:52:06,2024-01-11 11:18:06,laura.smith,Account Team,UniServices,Phone,false,7.2
SUP-2000004,Performance Issue - CityCouncil,Performance Issue,Medium,Closed,2024-01-16 09:28:17,2024-01-18 07:11:18,2024-01-18 07:59:18,sofia.moreau,Engineering,CityCouncil,Portal,false,6.5
SUP-2000005,Feature Request - Individual,Feature Request,Medium,Closed,2024-01-05 11:26:18,2024-01-06 01:19:55,2024-01-06 01:43:55,alex.chen,Product Team,Individual,Phone,false,8.2
SUP-2000006,Integration Problem - Acme Corp,Integration Problem,Medium,Escalated,2024-01-26 16:57:45,2024-01-31 15:07:21,,maya.patel,Integration Team,Acme Corp,Email,false,
SUP-2000007,Feature Request - Global Finance,Feature Request,High,Closed,2024-01-10 10:39:58,2024-01-10 18:16:49,2024-01-10 18:36:49,maya.patel,Product Team,Global Finance,Chat,false,4.6
SUP-2000008,Technical Support - RetailCo,Technical Support,Medium,Closed,2024-01-03 09:45:30,2024-01-06 05:53:34,2024-01-06 06:29:34,thomas.berg,Technical Team,RetailCo,Email,false,5.6
SUP-2000009,Billing Issue - Acme Corp,Billing Issue,Critical,Closed,2024-01-16 09:06:18,2024-01-16 11:41:51,2024-01-16 12:23:51,maya.patel,Finance Support,Acme Corp,Portal,false,6.3
SUP-2000010,Billing Issue - StartupXYZ,Billing Issue,High,Closed,2024-01-09 15:04:46,2024-01-10 00:25:10,2024-01-10 00:32:10,sofia.moreau,Finance Support,StartupXYZ,Portal,false,7.6
SUP-2000011,Billing Issue - RetailCo,Billing Issue,Medium,Closed,2024-01-12 11:40:07,2024-01-13 15:02:05,2024-01-13 15:58:05,carlos.silva,Finance Support,RetailCo,Email,false,6.6
SUP-2000012,Data Export/Import - StartupXYZ,Data Export/Import,Low,Closed,2024-01-23 20:58:10,2024-01-25 15:28:28,2024-01-25 15:45:28,alex.chen,Technical Team,StartupXYZ,Chat,false,7.5
SUP-2000013,Technical Support - RetailCo,Technical Support,Medium,Closed,2024-01-04 08:01:19,2024-01-05 11:57:13,2024-01-05 12:10:13,maya.patel,Technical Team,RetailCo,Chat,false,
SUP-2000014,Data Export/Import - MedGroup,Data Export/Import,Low,Closed,2024-01-05 08:17:46,2024-01-10 04:13:48,2024-01-10 04:59:48,alex.chen,Technical Team,MedGroup,Chat,false,6.9
SUP-2000015,Billing Issue - Global Finance,Billing Issue,Low,Closed,2024-01-22 13:31:15,2024-02-01 22:39:04,2024-02-01 23:04:04,thomas.berg,Finance Support,Global Finance,Phone,true,5.3
SUP-2000016,Account Management - UniServices,Account Management,Medium,Closed,2024-01-16 10:00:35,2024-01-19 21:48:11,2024-01-19 22:03:11,carlos.silva,Account Team,UniServices,Phone,false,
SUP-2000017,Data Export/Import - CityCouncil,Data Export/Import,Low,Closed,2024-01-01 02:15:43,2024-01-06 02:47:31,2024-01-06 03:42:31,carlos.silva,Technical Team,CityCouncil,Chat,false,
SUP-2000018,Data Export/Import - StartupXYZ,Data Export/Import,Medium,Closed,2024-01-12 09:30:14,2024-01-13 15:11:04,2024-01-13 15:33:04,carlos.silva,Technical Team,StartupXYZ,Chat,false,6.7
SUP-2000019,Billing Issue - Global Finance,Billing Issue,Medium,Closed,2024-01-08 09:36:31,2024-01-10 02:21:50,2024-01-10 02:54:50,sofia.moreau,Finance Support,Global Finance,Portal,false,7.4
SUP-2000020,Technical Support - Global Finance,Technical Support,Medium,Closed,2024-01-08 10:47:39,2024-01-14 07:13:28,2024-01-14 07:33:28,sofia.moreau,Technical Team,Global Finance,Chat,true,6.3
SUP-2000021,Feature Request - Individual,Feature Request,Critical,Closed,2024-01-12 11:23:04,2024-01-12 14:22:03,2024-01-12 15:11:03,maya.patel,Product Team,Individual,Chat,false,8.0
SUP-2000022,Data Export/Import - Global Finance,Data Export/Import,Low,Closed,2024-01-18 16:15:55,2024-01-20 10:04:28,2024-01-20 10:25:28,jennifer.wu,Technical Team,Global Finance,Portal,false,6.6
SUP-2000023,Integration Problem - Acme Corp,Integration Problem,High,Closed,2024-01-16 13:59:59,2024-01-17 04:35:21,2024-01-17 04:47:21,alex.chen,Integration Team,Acme Corp,Email,false,6.6
SUP-2000024,Billing Issue - Individual,Billing Issue,Medium,Closed,2024-01-17 10:40:34,2024-01-18 03:04:43,2024-01-18 03:54:43,laura.smith,Finance Support,Individual,Phone,false,
SUP-2000025,Feature Request - Acme Corp,Feature Request,Low,Closed,2024-01-23 14:45:45,2024-01-28 23:33:58,2024-01-29 00:33:58,laura.smith,Product Team,Acme Corp,Chat,false,
SUP-2000026,Performance Issue - StartupXYZ,Performance Issue,Low,Closed,2024-01-27 08:13:50,2024-01-30 16:34:36,2024-01-30 17:08:36,laura.smith,Engineering,StartupXYZ,Phone,false,
SUP-2000027,Feature Request - CityCouncil,Feature Request,Medium,Closed,2024-01-09 11:07:04,2024-01-11 21:55:01,2024-01-11 22:08:01,alex.chen,Product Team,CityCouncil,Email,false,
SUP-2000028,Technical Support - CityCouncil,Technical Support,High,Closed,2024-01-25 16:41:39,2024-01-26 03:19:05,2024-01-26 03:57:05,laura.smith,Technical Team,CityCouncil,Email,false,
SUP-2000029,Integration Problem - Acme Corp,Integration Problem,High,Closed,2024-01-10 04:02:54,2024-01-10 15:48:24,2024-01-10 16:26:24,jennifer.wu,Integration Team,Acme Corp,Chat,false,
SUP-2000030,Account Management - MedGroup,Account Management,Medium,Escalated,2024-01-03 11:32:58,2024-01-04 17:00:28,,carlos.silva,Account Team,MedGroup,Chat,false,
SUP-2000031,Technical Support - RetailCo,Technical Support,Low,Closed,2024-01-01 09:24:23,2024-01-02 20:20:07,2024-01-02 20:32:07,sofia.moreau,Technical Team,RetailCo,Phone,false,7.0
SUP-2000032,Integration Problem - Acme Corp,Integration Problem,Medium,Reopened,2024-01-03 08:33:05,2024-01-06 08:09:54,,laura.smith,Integration Team,Acme Corp,Chat,false,
SUP-2000033,Feature Request - Global Finance,Feature Request,Medium,Escalated,2024-01-11 10:26:13,2024-01-15 00:45:38,,maya.patel,Product Team,Global Finance,Phone,false,
SUP-2000034,Billing Issue - CityCouncil,Billing Issue,High,Reopened,2024-01-17 11:21:19,2024-01-17 18:24:32,,ryan.kim,Finance Support,CityCouncil,Email,false,
SUP-2000035,Billing Issue - RetailCo,Billing Issue,High,Closed,2024-01-18 14:55:11,2024-01-18 19:52:56,2024-01-18 20:49:56,maya.patel,Finance Support,RetailCo,Email,false,
SUP-2000036,Integration Problem - MedGroup,Integration Problem,High,Closed,2024-01-23 08:54:59,2024-01-23 20:28:49,2024-01-23 21:15:49,alex.chen,Integration Team,MedGroup,Chat,false,
SUP-2000037,Billing Issue - RetailCo,Billing Issue,Medium,Closed,2024-01-10 14:33:37,2024-01-10 19:34:52,2024-01-10 20:23:52,alex.chen,Finance Support,RetailCo,Portal,false,7.0
SUP-2000038,Billing Issue - Acme Corp,Billing Issue,Medium,Closed,2024-01-15 10:29:36,2024-01-15 22:31:33,2024-01-15 23:30:33,maya.patel,Finance Support,Acme Corp,Chat,false,7.9
SUP-2000039,Account Management - RetailCo,Account Management,Medium,Closed,2024-01-19 11:03:07,2024-01-26 08:38:17,2024-01-26 08:49:17,thomas.berg,Account Team,RetailCo,Email,true,6.7
SUP-2000040,Billing Issue - Acme Corp,Billing Issue,High,Closed,2024-01-23 10:58:34,2024-01-23 20:00:02,2024-01-23 20:58:02,maya.patel,Finance Support,Acme Corp,Portal,false,7.2
SUP-2000041,Technical Support - Acme Corp,Technical Support,Low,Closed,2024-01-16 19:22:25,2024-01-22 20:35:40,2024-01-22 21:05:40,sofia.moreau,Technical Team,Acme Corp,Phone,false,
SUP-2000042,Performance Issue - Individual,Performance Issue,Medium,Reopened,2024-01-05 15:26:42,2024-01-07 12:05:28,,thomas.berg,Engineering,Individual,Phone,false,
SUP-2000043,Billing Issue - StartupXYZ,Billing Issue,Low,Closed,2024-01-13 07:01:55,2024-01-22 03:18:30,2024-01-22 04:08:30,jennifer.wu,Finance Support,StartupXYZ,Phone,false,6.7
SUP-2000044,Technical Support - UniServices,Technical Support,Medium,Reopened,2024-01-23 15:13:26,2024-01-28 16:34:45,,carlos.silva,Technical Team,UniServices,Email,false,
SUP-2000045,Technical Support - RetailCo,Technical Support,Critical,Closed,2024-01-24 14:18:51,2024-01-24 15:48:10,2024-01-24 16:40:10,alex.chen,Technical Team,RetailCo,Email,false,8.7
SUP-2000046,Account Management - TechStart Inc,Account Management,Low,Closed,2024-01-22 05:40:34,2024-01-24 18:38:51,2024-01-24 18:50:51,maya.patel,Account Team,TechStart Inc,Phone,false,6.6
SUP-2000047,Billing Issue - UniServices,Billing Issue,Critical,Closed,2024-01-02 08:08:09,2024-01-02 09:20:03,2024-01-02 09:40:03,jennifer.wu,Finance Support,UniServices,Phone,false,7.5
SUP-2000048,Performance Issue - Acme Corp,Performance Issue,High,Closed,2024-01-25 14:10:20,2024-01-27 06:09:24,2024-01-27 07:07:24,carlos.silva,Engineering,Acme Corp,Portal,true,5.1
SUP-2000049,Billing Issue - RetailCo,Billing Issue,Medium,Closed,2024-01-10 12:13:45,2024-01-10 21:47:13,2024-01-10 22:30:13,maya.patel,Finance Support,RetailCo,Email,false,
SUP-2000050,Integration Problem - MedGroup,Integration Problem,Low,Closed,2024-01-02 14:05:26,2024-01-04 23:29:07,2024-01-05 00:13:07,alex.chen,Integration Team,MedGroup,Chat,false,5.4
SUP-2000051,Data Export/Import - Acme Corp,Data Export/Import,Medium,Closed,2024-01-10 12:00:04,2024-01-11 13:35:02,2024-01-11 13:51:02,jennifer.wu,Technical Team,Acme Corp,Phone,false,6.9
SUP-2000052,Integration Problem - CityCouncil,Integration Problem,Medium,Closed,2024-01-02 13:42:51,2024-01-06 08:06:53,2024-01-06 08:19:53,laura.smith,Integration Team,CityCouncil,Email,false,
SUP-2000053,Billing Issue - UniServices,Billing Issue,Low,Closed,2024-01-01 07:53:00,2024-01-07 16:38:12,2024-01-07 17:26:12,ryan.kim,Finance Support,UniServices,Portal,false,6.3
SUP-2000054,Feature Request - MedGroup,Feature Request,High,Closed,2024-01-25 09:25:14,2024-01-25 15:12:04,2024-01-25 15:18:04,jennifer.wu,Product Team,MedGroup,Phone,false,5.1
SUP-2000055,Technical Support - StartupXYZ,Technical Support,Medium,Closed,2024-01-12 14:00:51,2024-01-13 03:43:43,2024-01-13 03:49:43,maya.patel,Technical Team,StartupXYZ,Portal,false,
SUP-2000056,Technical Support - StartupXYZ,Technical Support,Medium,Escalated,2024-01-24 15:10:26,2024-01-25 11:48:52,,jennifer.wu,Technical Team,StartupXYZ,Chat,false,
SUP-2000057,Technical Support - StartupXYZ,Technical Support,Medium,Closed,2024-01-03 08:40:34,2024-01-07 23:06:43,2024-01-07 23:15:43,thomas.berg,Technical Team,StartupXYZ,Chat,true,5.3
SUP-2000058,Integration Problem - StartupXYZ,Integration Problem,High,Closed,2024-01-17 09:52:13,2024-01-17 16:07:50,2024-01-17 16:15:50,ryan.kim,Integration Team,StartupXYZ,Chat,false,6.4
SUP-2000059,Account Management - Global Finance,Account Management,Medium,Closed,2024-01-26 09:48:25,2024-01-28 09:07:55,2024-01-28 09:25:55,sofia.moreau,Account Team,Global Finance,Email,false,
SUP-2000060,Account Management - Global Finance,Account Management,Medium,Closed,2024-01-11 02:28:24,2024-01-14 14:31:38,2024-01-14 15:19:38,thomas.berg,Account Team,Global Finance,Chat,false,5.1
SUP-2000061,Feature Request - TechStart Inc,Feature Request,Medium,Escalated,2024-01-05 15:18:16,2024-01-07 15:43:15,,thomas.berg,Product Team,TechStart Inc,Phone,false,
SUP-2000062,Technical Support - TechStart Inc,Technical Support,High,Closed,2024-01-24 08:04:10,2024-01-24 17:01:38,2024-01-24 17:59:38,thomas.berg,Technical Team,TechStart Inc,Portal,false,5.9
SUP-2000063,Account Management - CityCouncil,Account Management,Critical,Closed,2024-01-12 12:56:41,2024-01-12 13:39:52,2024-01-12 14:19:52,alex.chen,Account Team,CityCouncil,Portal,false,8.0
SUP-2000064,Account Management - UniServices,Account Management,Critical,Closed,2024-01-28 13:16:46,2024-01-28 13:55:44,2024-01-28 14:33:44,laura.smith,Account Team,UniServices,Email,false,
SUP-2000065,Billing Issue - StartupXYZ,Billing Issue,Medium,Reopened,2024-01-01 13:03:36,2024-01-01 19:27:55,,maya.patel,Finance Support,StartupXYZ,Chat,false,
SUP-2000066,Integration Problem - Global Finance,Integration Problem,Medium,Closed,2024-01-18 06:47:45,2024-01-20 18:22:46,2024-01-20 19:04:46,ryan.kim,Integration Team,Global Finance,Phone,false,3.6
SUP-2000067,Technical Support - StartupXYZ,Technical Support,Low,Closed,2024-01-08 14:48:27,2024-01-11 00:47:52,2024-01-11 01:06:52,alex.chen,Technical Team,StartupXYZ,Phone,false,
SUP-2000068,Data Export/Import - UniServices,Data Export/Import,Critical,Closed,2024-01-22 08:02:00,2024-01-22 09:35:08,2024-01-22 10:33:08,sofia.moreau,Technical Team,UniServices,Portal,false,6.3
SUP-2000069,Feature Request - Acme Corp,Feature Request,Low,Closed,2024-01-15 13:46:01,2024-01-24 02:43:59,2024-01-24 03:02:59,sofia.moreau,Product Team,Acme Corp,Chat,false,5.1
SUP-2000070,Account Management - UniServices,Account Management,Medium,Closed,2024-01-17 15:45:55,2024-01-18 22:43:06,2024-01-18 23:38:06,maya.patel,Account Team,UniServices,Portal,false,6.5
SUP-2000071,Technical Support - TechStart Inc,Technical Support,Low,Closed,2024-01-22 09:52:50,2024-01-23 02:29:33,2024-01-23 02:59:33,sofia.moreau,Technical Team,TechStart Inc,Phone,false,7.4
SUP-2000072,Integration Problem - TechStart Inc,Integration Problem,Critical,Closed,2024-01-13 13:08:59,2024-01-13 15:18:58,2024-01-13 15:38:58,laura.smith,Integration Team,TechStart Inc,Chat,false,5.0
SUP-2000073,Billing Issue - RetailCo,Billing Issue,Low,Closed,2024-01-05 04:02:19,2024-01-06 02:04:22,2024-01-06 02:16:22,carlos.silva,Finance Support,RetailCo,Chat,false,7.6
SUP-2000074,Performance Issue - CityCouncil,Performance Issue,Low,Closed,2024-01-26 14:04:28,2024-01-28 02:50:41,2024-01-28 03:10:41,carlos.silva,Engineering,CityCouncil,Phone,false,4.7
SUP-2000075,Account Management - Global Finance,Account Management,Medium,Closed,2024-01-09 11:00:58,2024-01-10 05:00:01,2024-01-10 05:10:01,alex.chen,Account Team,Global Finance,Email,false,7.7
SUP-2000076,Feature Request - TechStart Inc,Feature Request,High,Closed,2024-01-23 10:46:16,2024-01-24 08:48:57,2024-01-24 08:58:57,ryan.kim,Product Team,TechStart Inc,Email,false,6.5
SUP-2000077,Billing Issue - StartupXYZ,Billing Issue,Low,Closed,2024-01-03 14:41:40,2024-01-04 22:25:07,2024-01-04 23:11:07,ryan.kim,Finance Support,StartupXYZ,Email,false,7.3
SUP-2000078,Performance Issue - Acme Corp,Performance Issue,Medium,Closed,2024-01-08 14:38:31,2024-01-10 21:38:34,2024-01-10 22:04:34,laura.smith,Engineering,Acme Corp,Chat,false,
SUP-2000079,Technical Support - TechStart Inc,Technical Support,High,Reopened,2024-01-23 19:14:38,2024-01-24 05:20:50,,laura.smith,Technical Team,TechStart Inc,Phone,false,
SUP-2000080,Billing Issue - Acme Corp,Billing Issue,Medium,Closed,2024-01-22 14:00:53,2024-01-23 07:17:11,2024-01-23 07:50:11,sofia.moreau,Finance Support,Acme Corp,Email,false,6.9
SUP-2000081,Billing Issue - MedGroup,Billing Issue,High,Reopened,2024-01-22 15:50:49,2024-01-22 20:53:36,,sofia.moreau,Finance Support,MedGroup,Phone,false,
SUP-2000082,Integration Problem - Acme Corp,Integration Problem,Medium,Closed,2024-01-11 17:32:32,2024-01-13 05:20:41,2024-01-13 06:13:41,maya.patel,Integration Team,Acme Corp,Portal,false,
SUP-2000083,Feature Request - RetailCo,Feature Request,Low,Closed,2024-01-16 14:31:06,2024-01-20 21:19:46,2024-01-20 22:00:46,ryan.kim,Product Team,RetailCo,Email,false,5.0
SUP-2000084,Feature Request - Individual,Feature Request,Low,Closed,2024-01-18 10:55:42,2024-01-30 05:58:48,2024-01-30 06:43:48,alex.chen,Product Team,Individual,Phone,true,7.1
SUP-2000085,Account Management - UniServices,Account Management,Medium,Escalated,2024-01-08 08:46:54,2024-01-10 02:07:46,,thomas.berg,Account Team,UniServices,Chat,false,
SUP-2000086,Technical Support - StartupXYZ,Technical Support,Critical,Closed,2024-01-09 08:31:55,2024-01-09 12:56:22,2024-01-09 13:46:22,carlos.silva,Technical Team,StartupXYZ,Phone,true,
SUP-2000087,Technical Support - StartupXYZ,Technical Support,Medium,Closed,2024-01-16 08:30:42,2024-01-17 13:16:35,2024-01-17 13:28:35,thomas.berg,Technical Team,StartupXYZ,Portal,false,6.4
SUP-2000088,Technical Support - CityCouncil,Technical Support,Critical,Closed,2024-01-11 08:22:52,2024-01-11 14:47:24,2024-01-11 15:46:24,laura.smith,Technical Team,CityCouncil,Portal,true,6.0
SUP-2000089,Integration Problem - Acme Corp,Integration Problem,Medium,Escalated,2024-01-01 18:39:00,2024-01-05 01:17:11,,jennifer.wu,Integration Team,Acme Corp,Phone,false,
SUP-2000090,Performance Issue - RetailCo,Performance Issue,Medium,Escalated,2024-01-08 09:04:29,2024-01-11 04:13:09,,thomas.berg,Engineering,RetailCo,Chat,false,
SUP-2000091,Feature Request - Global Finance,Feature Request,Low,Closed,2024-01-18 11:04:10,2024-01-28 07:27:02,2024-01-28 08:00:02,jennifer.wu,Product Team,Global Finance,Email,false,5.7
SUP-2000092,Performance Issue - MedGroup,Performance Issue,Medium,Closed,2024-01-08 08:11:15,2024-01-09 15:14:19,2024-01-09 15:53:19,laura.smith,Engineering,MedGroup,Email,false,
SUP-2000093,Feature Request - MedGroup,Feature Request,Low,Escalated,2024-01-22 12:50:58,2024-02-22 17:00:51,,thomas.berg,Product Team,MedGroup,Email,false,
SUP-2000094,Account Management - Global Finance,Account Management,Medium,Closed,2024-01-24 05:28:41,2024-01-26 23:32:05,2024-01-26 23:52:05,thomas.berg,Account Team,Global Finance,Portal,false,5.9
SUP-2000095,Technical Support - MedGroup,Technical Support,Medium,Closed,2024-01-16 22:46:41,2024-01-19 01:31:36,2024-01-19 02:03:36,sofia.moreau,Technical Team,MedGroup,Chat,false,7.4
SUP-2000096,Technical Support - MedGroup,Technical Support,Medium,Closed,2024-01-17 09:22:27,2024-01-19 19:53:31,2024-01-19 20:45:31,jennifer.wu,Technical Team,MedGroup,Chat,false,6.6
SUP-2000097,Account Management - TechStart Inc,Account Management,Medium,Closed,2024-01-04 15:55:35,2024-01-04 21:31:28,2024-01-04 21:56:28,maya.patel,Account Team,TechStart Inc,Phone,false,6.3
SUP-2000098,Billing Issue - RetailCo,Billing Issue,High,Reopened,2024-01-16 09:48:33,2024-01-16 18:41:33,,ryan.kim,Finance Support,RetailCo,Chat,false,
SUP-2000099,Integration Problem - UniServices,Integration Problem,Critical,Closed,2024-01-23 10:05:03,2024-01-23 14:13:47,2024-01-23 14:37:47,maya.patel,Integration Team,UniServices,Phone,true,5.6
SUP-2000100,Technical Support - Individual,Technical Support,Medium,Closed,2024-01-20 11:31:03,2024-01-21 16:16:35,2024-01-21 16:57:35,jennifer.wu,Technical Team,Individual,Phone,false,6.2
SUP-2000101,Feature Request - Individual,Feature Request,Low,Escalated,2024-01-12 14:25:55,2024-01-15 17:47:52,,sofia.moreau,Product Team,Individual,Phone,false,
SUP-2000102,Integration Problem - RetailCo,Integration Problem,Medium,Closed,2024-01-26 13:17:33,2024-01-28 13:55:10,2024-01-28 14:20:10,ryan.kim,Integration Team,RetailCo,Portal,false,7.0
SUP-2000103,Integration Problem - Global Finance,Integration Problem,Medium,Closed,2024-01-07 01:17:25,2024-01-09 20:04:08,2024-01-09 20:39:08,carlos.silva,Integration Team,Global Finance,Chat,false,5.1
SUP-2000104,Integration Problem - RetailCo,Integration Problem,Medium,Closed,2024-01-05 10:25:17,2024-01-11 03:05:17,2024-01-11 03:44:17,sofia.moreau,Integration Team,RetailCo,Portal,true,
SUP-2000105,Data Export/Import - Acme Corp,Data Export/Import,Low,Closed,2024-01-16 11:48:51,2024-01-18 08:07:11,2024-01-18 08:47:11,carlos.silva,Technical Team,Acme Corp,Portal,false,7.1
SUP-2000106,Billing Issue - TechStart Inc,Billing Issue,Medium,Closed,2024-01-22 12:43:50,2024-01-22 23:39:17,2024-01-22 23:58:17,carlos.silva,Finance Support,TechStart Inc,Chat,false,6.0
SUP-2000107,Performance Issue - StartupXYZ,Performance Issue,High,Closed,2024-01-04 12:46:06,2024-01-04 23:00:23,2024-01-04 23:15:23,maya.patel,Engineering,StartupXYZ,Email,false,7.6
SUP-2000108,Performance Issue - RetailCo,Performance Issue,Critical,Closed,2024-01-26 09:20:55,2024-01-26 13:05:56,2024-01-26 13:28:56,maya.patel,Engineering,RetailCo,Email,false,5.5
SUP-2000109,Performance Issue - Global Finance,Performance Issue,Medium,Closed,2024-01-13 12:32:19,2024-01-19 18:27:17,2024-01-19 19:19:17,maya.patel,Engineering,Global Finance,Phone,true,
SUP-2000110,Feature Request - Acme Corp,Feature Request,High,Closed,2024-01-01 15:24:40,2024-01-02 00:57:55,2024-01-02 01:02:55,maya.patel,Product Team,Acme Corp,Chat,false,5.8
SUP-2000111,Performance Issue - RetailCo,Performance Issue,Medium,Closed,2024-01-22 16:36:51,2024-01-25 01:07:42,2024-01-25 01:22:42,carlos.silva,Engineering,RetailCo,Email,false,6.1
SUP-2000112,Feature Request - MedGroup,Feature Request,High,Closed,2024-01-16 14:04:12,2024-01-17 05:52:15,2024-01-17 06:29:15,laura.smith,Product Team,MedGroup,Email,false,4.9
SUP-2000113,Integration Problem - MedGroup,Integration Problem,Critical,Closed,2024-01-03 22:01:32,2024-01-04 02:13:39,2024-01-04 02:29:39,jennifer.wu,Integration Team,MedGroup,Chat,true,
SUP-2000114,Performance Issue - TechStart Inc,Performance Issue,Medium,Closed,2024-01-12 10:23:12,2024-01-13 04:01:04,2024-01-13 04:09:04,alex.chen,Engineering,TechStart Inc,Phone,false,8.0
SUP-2000115,Feature Request - Global Finance,Feature Request,High,Closed,2024-01-26 17:17:30,2024-01-27 23:29:48,2024-01-28 00:15:48,maya.patel,Product Team,Global Finance,Portal,true,
SUP-2000116,Integration Problem - Global Finance,Integration Problem,Low,Closed,2024-01-04 07:28:25,2024-02-17 05:47:24,2024-02-17 05:53:24,thomas.berg,Integration Team,Global Finance,Portal,true,4.2
SUP-2000117,Data Export/Import - RetailCo,Data Export/Import,Medium,Closed,2024-01-06 14:52:23,2024-01-08 10:24:34,2024-01-08 10:50:34,jennifer.wu,Technical Team,RetailCo,Portal,false,7.8
SUP-2000118,Billing Issue - MedGroup,Billing Issue,High,Closed,2024-01-24 09:37:21,2024-01-24 18:29:10,2024-01-24 19:16:10,carlos.silva,Finance Support,MedGroup,Portal,false,
SUP-2000119,Account Management - Global Finance,Account Management,Low,Closed,2024-01-09 15:43:12,2024-01-11 22:08:42,2024-01-11 23:04:42,laura.smith,Account Team,Global Finance,Portal,false,7.1
SUP-2000120,Account Management - MedGroup,Account Management,High,Closed,2024-01-13 10:43:22,2024-01-14 04:55:48,2024-01-14 05:45:48,sofia.moreau,Account Team,MedGroup,Phone,false,7.9
SUP-2000121,Integration Problem - TechStart Inc,Integration Problem,Medium,Closed,2024-01-18 03:41:54,2024-01-19 12:52:55,2024-01-19 13:52:55,sofia.moreau,Integration Team,TechStart Inc,Portal,false,7.8
SUP-2000122,Billing Issue - Individual,Billing Issue,Low,Closed,2024-01-05 04:47:12,2024-01-08 03:07:46,2024-01-08 03:31:46,alex.chen,Finance Support,Individual,Chat,false,8.0
SUP-2000123,Account Management - CityCouncil,Account Management,Low,Escalated,2024-01-17 10:08:47,2024-01-25 13:04:08,,carlos.silva,Account Team,CityCouncil,Portal,false,
SUP-2000124,Billing Issue - RetailCo,Billing Issue,Critical,Reopened,2024-01-04 09:45:36,2024-01-04 15:02:57,,thomas.berg,Finance Support,RetailCo,Chat,false,
SUP-2000125,Technical Support - Acme Corp,Technical Support,Low,Escalated,2024-01-23 20:50:18,2024-01-26 02:11:48,,laura.smith,Technical Team,Acme Corp,Chat,false,
SUP-2000126,Billing Issue - Acme Corp,Billing Issue,Low,Closed,2024-01-25 16:54:28,2024-01-31 12:27:13,2024-01-31 13:11:13,jennifer.wu,Finance Support,Acme Corp,Chat,false,5.5
SUP-2000127,Feature Request - Acme Corp,Feature Request,Critical,Closed,2024-01-13 20:26:12,2024-01-13 22:46:32,2024-01-13 23:11:32,laura.smith,Product Team,Acme Corp,Email,false,6.5
SUP-2000128,Technical Support - Acme Corp,Technical Support,Medium,Closed,2024-01-10 15:05:49,2024-01-13 05:39:35,2024-01-13 06:01:35,alex.chen,Technical Team,Acme Corp,Email,false,6.3
SUP-2000129,Performance Issue - UniServices,Performance Issue,Critical,Closed,2024-01-01 09:17:54,2024-01-01 14:05:07,2024-01-01 15:04:07,jennifer.wu,Engineering,UniServices,Chat,true,6.4
SUP-2000130,Account Management - TechStart Inc,Account Management,Low,Closed,2024-01-06 10:49:12,2024-01-14 19:24:17,2024-01-14 19:55:17,sofia.moreau,Account Team,TechStart Inc,Email,false,
SUP-2000131,Integration Problem - StartupXYZ,Integration Problem,Medium,Reopened,2024-01-26 11:21:39,2024-01-27 13:41:14,,jennifer.wu,Integration Team,StartupXYZ,Chat,false,
SUP-2000132,Data Export/Import - RetailCo,Data Export/Import,Low,Closed,2024-01-02 15:21:55,2024-01-21 15:12:43,2024-01-21 15:51:43,alex.chen,Technical Team,RetailCo,Portal,true,7.8
SUP-2000133,Technical Support - Acme Corp,Technical Support,Medium,Closed,2024-01-09 13:27:27,2024-01-15 20:20:21,2024-01-15 21:03:21,laura.smith,Technical Team,Acme Corp,Chat,true,6.1
SUP-2000134,Performance Issue - MedGroup,Performance Issue,Medium,Closed,2024-01-10 09:58:31,2024-01-14 07:30:43,2024-01-14 08:23:43,jennifer.wu,Engineering,MedGroup,Portal,false,5.3
SUP-2000135,Technical Support - Acme Corp,Technical Support,Medium,Reopened,2024-01-04 16:58:05,2024-01-05 05:52:43,,laura.smith,Technical Team,Acme Corp,Portal,false,
SUP-2000136,Technical Support - CityCouncil,Technical Support,Low,Escalated,2024-01-19 11:59:00,2024-01-23 04:05:00,,maya.patel,Technical Team,CityCouncil,Phone,false,
SUP-2000137,Feature Request - UniServices,Feature Request,Low,Closed,2024-01-08 08:45:34,2024-01-10 06:44:17,2024-01-10 06:49:17,maya.patel,Product Team,UniServices,Chat,false,6.1
SUP-2000138,Billing Issue - RetailCo,Billing Issue,High,Closed,2024-01-23 09:38:26,2024-01-23 16:12:57,2024-01-23 16:50:57,carlos.silva,Finance Support,RetailCo,Chat,false,7.6
SUP-2000139,Technical Support - Acme Corp,Technical Support,Low,Closed,2024-01-13 13:34:55,2024-01-16 18:03:31,2024-01-16 18:30:31,carlos.silva,Technical Team,Acme Corp,Phone,false,7.4
SUP-2000140,Feature Request - Global Finance,Feature Request,Medium,Closed,2024-01-17 08:31:09,2024-01-20 06:08:36,2024-01-20 06:21:36,jennifer.wu,Product Team,Global Finance,Portal,false,6.5
SUP-2000141,Performance Issue - TechStart Inc,Performance Issue,Low,Closed,2024-01-01 12:13:20,2024-01-04 00:38:50,2024-01-04 01:37:50,laura.smith,Engineering,TechStart Inc,Phone,false,6.3
SUP-2000142,Technical Support - TechStart Inc,Technical Support,Low,Closed,2024-01-23 09:21:20,2024-01-27 02:19:32,2024-01-27 03:15:32,carlos.silva,Technical Team,TechStart Inc,Phone,false,5.4
SUP-2000143,Integration Problem - UniServices,Integration Problem,High,Closed,2024-01-10 11:30:15,2024-01-10 17:28:09,2024-01-10 18:23:09,jennifer.wu,Integration Team,UniServices,Phone,false,7.0
SUP-2000144,Account Management - Global Finance,Account Management,High,Escalated,2024-01-03 12:49:08,2024-01-04 00:47:20,,ryan.kim,Account Team,Global Finance,Portal,false,
SUP-2000145,Billing Issue - RetailCo,Billing Issue,Medium,Closed,2024-01-17 10:47:01,2024-01-19 08:14:30,2024-01-19 08:40:30,laura.smith,Finance Support,RetailCo,Chat,false,7.6
SUP-2000146,Technical Support - Individual,Technical Support,High,Reopened,2024-01-01 08:10:34,2024-01-01 16:50:09,,carlos.silva,Technical Team,Individual,Phone,false,
SUP-2000147,Technical Support - Global Finance,Technical Support,Critical,Closed,2024-01-06 14:38:31,2024-01-06 18:46:14,2024-01-06 18:58:14,laura.smith,Technical Team,Global Finance,Portal,true,
SUP-2000148,Technical Support - StartupXYZ,Technical Support,Medium,Closed,2024-01-26 10:22:52,2024-01-27 02:23:43,2024-01-27 02:36:43,maya.patel,Technical Team,StartupXYZ,Chat,false,
SUP-2000149,Billing Issue - Global Finance,Billing Issue,High,Closed,2024-01-23 15:09:33,2024-01-23 17:29:32,2024-01-23 17:39:32,alex.chen,Finance Support,Global Finance,Portal,false,7.5
SUP-2000150,Technical Support - Global Finance,Technical Support,Medium,Closed,2024-01-04 09:02:30,2024-01-07 18:53:38,2024-01-07 19:52:38,maya.patel,Technical Team,Global Finance,Portal,false,5.9
SUP-2000151,Feature Request - TechStart Inc,Feature Request,Medium,Closed,2024-01-17 14:53:31,2024-01-20 23:57:21,2024-01-21 00:55:21,laura.smith,Product Team,TechStart Inc,Email,false,7.2
SUP-2000152,Billing Issue - Global Finance,Billing Issue,Critical,Escalated,2024-01-25 03:51:27,2024-01-25 11:11:01,,laura.smith,Finance Support,Global Finance,Phone,false,
SUP-2000153,Account Management - MedGroup,Account Management,Medium,Closed,2024-01-09 13:00:14,2024-01-10 03:41:34,2024-01-10 04:07:34,maya.patel,Account Team,MedGroup,Email,false,6.1
SUP-2000154,Technical Support - Acme Corp,Technical Support,High,Closed,2024-01-19 14:31:04,2024-01-19 21:59:44,2024-01-19 22:32:44,carlos.silva,Technical Team,Acme Corp,Portal,false,6.3
SUP-2000155,Data Export/Import - StartupXYZ,Data Export/Import,Low,Closed,2024-01-16 11:50:11,2024-01-19 14:01:11,2024-01-19 14:08:11,laura.smith,Technical Team,StartupXYZ,Email,false,8.4
SUP-2000156,Account Management - TechStart Inc,Account Management,Medium,Closed,2024-01-23 22:06:00,2024-01-27 04:58:58,2024-01-27 05:19:58,thomas.berg,Account Team,TechStart Inc,Chat,false,6.5
SUP-2000157,Integration Problem - Acme Corp,Integration Problem,Low,Closed,2024-01-01 13:24:22,2024-01-04 20:02:20,2024-01-04 20:36:20,maya.patel,Integration Team,Acme Corp,Chat,false,5.3
SUP-2000158,Technical Support - Global Finance,Technical Support,Medium,Closed,2024-01-04 10:55:05,2024-01-08 13:26:46,2024-01-08 14:25:46,ryan.kim,Technical Team,Global Finance,Email,true,4.3
SUP-2000159,Data Export/Import - TechStart Inc,Data Export/Import,Low,Closed,2024-01-16 16:09:06,2024-01-26 08:27:59,2024-01-26 08:37:59,laura.smith,Technical Team,TechStart Inc,Portal,false,7.5
SUP-2000160,Technical Support - TechStart Inc,Technical Support,High,Closed,2024-01-26 15:47:08,2024-01-27 07:14:03,2024-01-27 08:07:03,jennifer.wu,Technical Team,TechStart Inc,Chat,false,
SUP-2000161,Technical Support - MedGroup,Technical Support,Medium,Closed,2024-01-25 13:34:58,2024-01-27 03:28:28,2024-01-27 04:10:28,jennifer.wu,Technical Team,MedGroup,Email,false,5.9
SUP-2000162,Billing Issue - Acme Corp,Billing Issue,Medium,Closed,2024-01-11 12:35:40,2024-01-13 20:01:51,2024-01-13 20:47:51,carlos.silva,Finance Support,Acme Corp,Portal,false,4.8
SUP-2000163,Billing Issue - MedGroup,Billing Issue,Medium,Reopened,2024-01-05 21:25:24,2024-01-07 11:16:57,,thomas.berg,Finance Support,MedGroup,Email,false,
SUP-2000164,Feature Request - UniServices,Feature Request,Medium,Closed,2024-01-09 09:13:41,2024-01-12 17:13:31,2024-01-12 18:00:31,carlos.silva,Product Team,UniServices,Portal,false,6.9
SUP-2000165,Technical Support - TechStart Inc,Technical Support,Medium,Closed,2024-01-23 11:39:45,2024-01-24 02:43:35,2024-01-24 03:13:35,alex.chen,Technical Team,TechStart Inc,Email,false,
SUP-2000166,Account Management - TechStart Inc,Account Management,High,Closed,2024-01-03 09:11:48,2024-01-03 11:57:57,2024-01-03 12:35:57,maya.patel,Account Team,TechStart Inc,Email,false,8.2
SUP-2000167,Billing Issue - Global Finance,Billing Issue,Critical,Escalated,2024-01-11 12:56:21,2024-01-11 15:27:13,,carlos.silva,Finance Support,Global Finance,Portal,false,
SUP-2000168,Feature Request - RetailCo,Feature Request,High,Closed,2024-01-16 11:36:55,2024-01-17 03:44:26,2024-01-17 04:04:26,sofia.moreau,Product Team,RetailCo,Chat,false,7.3
SUP-2000169,Performance Issue - Acme Corp,Performance Issue,Low,Closed,2024-01-15 13:42:34,2024-02-09 20:02:48,2024-02-09 20:37:48,laura.smith,Engineering,Acme Corp,Portal,true,7.4
SUP-2000170,Technical Support - RetailCo,Technical Support,High,Closed,2024-01-08 12:46:15,2024-01-09 02:27:15,2024-01-09 02:39:15,carlos.silva,Technical Team,RetailCo,Chat,false,6.2
SUP-2000171,Billing Issue - Acme Corp,Billing Issue,Medium,Reopened,2024-01-22 09:24:09,2024-01-23 18:45:43,,carlos.silva,Finance Support,Acme Corp,Phone,false,
SUP-2000172,Technical Support - MedGroup,Technical Support,Low,Closed,2024-01-18 10:57:09,2024-01-24 02:01:23,2024-01-24 02:25:23,sofia.moreau,Technical Team,MedGroup,Phone,false,7.0
SUP-2000173,Technical Support - Global Finance,Technical Support,Critical,Closed,2024-01-12 16:56:40,2024-01-12 20:01:54,2024-01-12 20:40:54,laura.smith,Technical Team,Global Finance,Email,false,7.5
SUP-2000174,Billing Issue - StartupXYZ,Billing Issue,High,Closed,2024-01-03 12:38:18,2024-01-03 17:55:04,2024-01-03 18:01:04,alex.chen,Finance Support,StartupXYZ,Chat,false,7.6
SUP-2000175,Billing Issue - Acme Corp,Billing Issue,Medium,Closed,2024-01-22 09:19:42,2024-01-23 16:59:12,2024-01-23 17:39:12,jennifer.wu,Finance Support,Acme Corp,Chat,false,7.1
SUP-2000176,Technical Support - UniServices,Technical Support,Low,Closed,2024-01-23 13:25:26,2024-01-24 06:35:18,2024-01-24 07:04:18,maya.patel,Technical Team,UniServices,Chat,false,
SUP-2000177,Integration Problem - RetailCo,Integration Problem,Medium,Closed,2024-01-12 14:02:01,2024-01-14 07:53:20,2024-01-14 08:52:20,laura.smith,Integration Team,RetailCo,Email,false,6.7
SUP-2000178,Feature Request - UniServices,Feature Request,High,Closed,2024-01-19 09:04:27,2024-01-21 15:10:14,2024-01-21 15:41:14,ryan.kim,Product Team,UniServices,Portal,true,7.6
SUP-2000179,Integration Problem - Acme Corp,Integration Problem,Low,Closed,2024-01-19 13:23:29,2024-02-05 23:35:30,2024-02-06 00:26:30,maya.patel,Integration Team,Acme Corp,Phone,true,6.0
SUP-2000180,Data Export/Import - TechStart Inc,Data Export/Import,Low,Escalated,2024-01-24 13:02:42,2024-01-27 13:24:26,,maya.patel,Technical Team,TechStart Inc,Portal,false,
SUP-2000181,Billing Issue - MedGroup,Billing Issue,High,Closed,2024-01-10 16:14:25,2024-01-11 03:51:35,2024-01-11 03:58:35,alex.chen,Finance Support,MedGroup,Portal,false,7.4
SUP-2000182,Billing Issue - TechStart Inc,Billing Issue,Medium,Closed,2024-01-18 10:09:06,2024-01-19 10:53:32,2024-01-19 11:21:32,sofia.moreau,Finance Support,TechStart Inc,Chat,false,6.9
SUP-2000183,Data Export/Import - MedGroup,Data Export/Import,Medium,Closed,2024-01-08 12:10:03,2024-01-08 19:32:01,2024-01-08 20:13:01,sofia.moreau,Technical Team,MedGroup,Chat,false,7.1
SUP-2000184,Billing Issue - RetailCo,Billing Issue,Critical,Closed,2024-01-15 10:01:41,2024-01-15 10:52:39,2024-01-15 11:21:39,laura.smith,Finance Support,RetailCo,Phone,false,6.9
SUP-2000185,Integration Problem - Acme Corp,Integration Problem,Low,Closed,2024-01-23 16:25:56,2024-02-01 20:47:35,2024-02-01 20:53:35,jennifer.wu,Integration Team,Acme Corp,Phone,false,
SUP-2000186,Feature Request - Acme Corp,Feature Request,Medium,Reopened,2024-01-01 12:32:37,2024-01-06 03:42:32,,carlos.silva,Product Team,Acme Corp,Email,false,
SUP-2000187,Feature Request - TechStart Inc,Feature Request,Low,Closed,2024-01-10 11:44:16,2024-01-12 16:16:28,2024-01-12 16:34:28,carlos.silva,Product Team,TechStart Inc,Chat,false,6.6
SUP-2000188,Feature Request - MedGroup,Feature Request,Medium,Closed,2024-01-18 13:26:19,2024-01-20 06:13:56,2024-01-20 07:05:56,alex.chen,Product Team,MedGroup,Chat,false,4.8
SUP-2000189,Technical Support - TechStart Inc,Technical Support,High,Closed,2024-01-16 11:44:37,2024-01-17 03:12:54,2024-01-17 03:43:54,carlos.silva,Technical Team,TechStart Inc,Chat,false,6.8
SUP-2000190,Data Export/Import - UniServices,Data Export/Import,Critical,Closed,2024-01-02 13:26:42,2024-01-02 14:51:56,2024-01-02 15:03:56,maya.patel,Technical Team,UniServices,Portal,false,6.2
SUP-2000191,Billing Issue - MedGroup,Billing Issue,Medium,Closed,2024-01-22 12:41:48,2024-01-25 12:20:47,2024-01-25 12:45:47,maya.patel,Finance Support,MedGroup,Phone,false,
SUP-2000192,Data Export/Import - UniServices,Data Export/Import,Medium,Closed,2024-01-24 10:19:47,2024-01-25 04:05:39,2024-01-25 04:52:39,alex.chen,Technical Team,UniServices,Chat,false,
SUP-2000193,Data Export/Import - CityCouncil,Data Export/Import,Medium,Closed,2024-01-27 08:35:35,2024-01-27 19:25:18,2024-01-27 20:12:18,alex.chen,Technical Team,CityCouncil,Email,false,6.8
SUP-2000194,Data Export/Import - Global Finance,Data Export/Import,Medium,Reopened,2024-01-05 13:09:20,2024-01-09 10:48:24,,sofia.moreau,Technical Team,Global Finance,Email,false,
SUP-2000195,Data Export/Import - RetailCo,Data Export/Import,Low,Closed,2024-01-19 15:29:04,2024-01-30 15:37:36,2024-01-30 15:46:36,thomas.berg,Technical Team,RetailCo,Portal,true,6.3
SUP-2000196,Technical Support - Global Finance,Technical Support,Low,Escalated,2024-01-15 08:49:40,2024-01-22 06:16:26,,maya.patel,Technical Team,Global Finance,Email,false,
SUP-2000197,Feature Request - Acme Corp,Feature Request,Critical,Escalated,2024-01-03 15:37:40,2024-01-03 19:01:58,,ryan.kim,Product Team,Acme Corp,Portal,false,
SUP-2000198,Technical Support - UniServices,Technical Support,Medium,Closed,2024-01-12 13:52:54,2024-01-13 04:03:28,2024-01-13 04:35:28,laura.smith,Technical Team,UniServices,Email,false,6.5
SUP-2000199,Integration Problem - TechStart Inc,Integration Problem,Medium,Closed,2024-01-23 14:56:18,2024-01-25 13:44:36,2024-01-25 14:32:36,alex.chen,Integration Team,TechStart Inc,Phone,false,
SUP-2000200,Account Management - Global Finance,Account Management,Medium,Closed,2024-01-15 14:40:44,2024-01-17 20:18:52,2024-01-17 20:56:52,alex.chen,Account Team,Global Finance,Email,false,5.7
SUP-2000201,Technical Support - Global Finance,Technical Support,Low,Closed,2024-01-01 10:45:48,2024-01-07 07:40:44,2024-01-07 08:06:44,sofia.moreau,Technical Team,Global Finance,Phone,false,
SUP-2000202,Feature Request - CityCouncil,Feature Request,High,Reopened,2024-01-15 15:17:45,2024-01-17 13:35:38,,ryan.kim,Product Team,CityCouncil,Phone,false,
SUP-2000203,Integration Problem - Acme Corp,Integration Problem,Low,Closed,2024-01-22 13:48:53,2024-01-24 10:48:38,2024-01-24 11:44:38,sofia.moreau,Integration Team,Acme Corp,Chat,false,
SUP-2000204,Technical Support - Acme Corp,Technical Support,High,Closed,2024-01-15 11:55:06,2024-01-15 21:11:53,2024-01-15 21:59:53,jennifer.wu,Technical Team,Acme Corp,Chat,false,7.5
SUP-2000205,Integration Problem - RetailCo,Integration Problem,High,Closed,2024-01-16 00:28:24,2024-01-16 07:50:53,2024-01-16 08:24:53,alex.chen,Integration Team,RetailCo,Portal,false,
SUP-2000206,Billing Issue - Global Finance,Billing Issue,Low,Reopened,2024-01-18 12:03:27,2024-02-04 08:54:55,,carlos.silva,Finance Support,Global Finance,Phone,false,
SUP-2000207,Billing Issue - TechStart Inc,Billing Issue,Medium,Reopened,2024-01-01 13:57:54,2024-01-02 17:32:40,,carlos.silva,Finance Support,TechStart Inc,Email,false,
SUP-2000208,Feature Request - TechStart Inc,Feature Request,Low,Closed,2024-01-18 08:58:12,2024-01-20 11:35:17,2024-01-20 12:14:17,maya.patel,Product Team,TechStart Inc,Email,false,7.7
SUP-2000209,Feature Request - TechStart Inc,Feature Request,Low,Closed,2024-01-03 13:39:52,2024-01-17 10:09:42,2024-01-17 11:08:42,ryan.kim,Product Team,TechStart Inc,Email,true,7.4
SUP-2000210,Data Export/Import - UniServices,Data Export/Import,Medium,Closed,2024-01-02 20:30:33,2024-01-03 14:59:23,2024-01-03 15:12:23,alex.chen,Technical Team,UniServices,Phone,false,8.6
SUP-2000211,Feature Request - TechStart Inc,Feature Request,High,Closed,2024-01-05 13:02:44,2024-01-06 20:11:01,2024-01-06 20:42:01,thomas.berg,Product Team,TechStart Inc,Portal,true,4.0
SUP-2000212,Performance Issue - Acme Corp,Performance Issue,Medium,Closed,2024-01-16 10:58:08,2024-01-21 09:01:38,2024-01-21 09:55:38,carlos.silva,Engineering,Acme Corp,Email,true,5.7
SUP-2000213,Account Management - Acme Corp,Account Management,Critical,Closed,2024-01-09 09:32:15,2024-01-09 10:26:16,2024-01-09 10:51:16,alex.chen,Account Team,Acme Corp,Portal,false,6.7
SUP-2000214,Feature Request - Acme Corp,Feature Request,Medium,Closed,2024-01-24 11:03:11,2024-01-25 00:14:25,2024-01-25 01:01:25,jennifer.wu,Product Team,Acme Corp,Phone,false,4.3
SUP-2000215,Data Export/Import - MedGroup,Data Export/Import,Medium,Closed,2024-01-18 16:01:49,2024-01-23 02:16:03,2024-01-23 02:35:03,laura.smith,Technical Team,MedGroup,Portal,true,
SUP-2000216,Integration Problem - RetailCo,Integration Problem,Low,Closed,2024-01-22 13:04:15,2024-01-27 10:54:12,2024-01-27 11:34:12,jennifer.wu,Integration Team,RetailCo,Chat,false,6.6
SUP-2000217,Billing Issue - Acme Corp,Billing Issue,High,Reopened,2024-01-23 09:56:47,2024-01-24 03:55:00,,ryan.kim,Finance Support,Acme Corp,Phone,false,
SUP-2000218,Billing Issue - RetailCo,Billing Issue,High,Reopened,2024-01-01 10:40:32,2024-01-01 17:15:05,,alex.chen,Finance Support,RetailCo,Portal,false,
SUP-2000219,Billing Issue - Global Finance,Billing Issue,High,Closed,2024-01-16 15:17:22,2024-01-17 02:32:35,2024-01-17 03:26:35,thomas.berg,Finance Support,Global Finance,Chat,false,
SUP-2000220,Billing Issue - Acme Corp,Billing Issue,Medium,Closed,2024-01-26 09:39:40,2024-01-29 00:00:05,2024-01-29 00:06:05,laura.smith,Finance Support,Acme Corp,Portal,false,
SUP-2000221,Billing Issue - Acme Corp,Billing Issue,Medium,Closed,2024-01-25 15:36:01,2024-01-25 21:07:48,2024-01-25 21:29:48,maya.patel,Finance Support,Acme Corp,Chat,false,6.3
SUP-2000222,Billing Issue - StartupXYZ,Billing Issue,Low,Closed,2024-01-16 10:03:46,2024-01-20 19:42:50,2024-01-20 20:00:50,carlos.silva,Finance Support,StartupXYZ,Email,false,7.6
SUP-2000223,Billing Issue - Individual,Billing Issue,Medium,Closed,2024-01-26 10:22:28,2024-01-27 15:06:13,2024-01-27 15:25:13,maya.patel,Finance Support,Individual,Portal,false,7.4
SUP-2000224,Integration Problem - CityCouncil,Integration Problem,Medium,Closed,2024-01-12 15:30:21,2024-01-13 10:23:56,2024-01-13 11:20:56,laura.smith,Integration Team,CityCouncil,Email,false,7.0
SUP-2000225,Technical Support - MedGroup,Technical Support,High,Closed,2024-01-22 13:18:31,2024-01-23 06:56:49,2024-01-23 07:25:49,sofia.moreau,Technical Team,MedGroup,Phone,false,
SUP-2000226,Data Export/Import - Acme Corp,Data Export/Import,Medium,Closed,2024-01-18 10:49:28,2024-01-18 20:54:38,2024-01-18 21:51:38,alex.chen,Technical Team,Acme Corp,Chat,false,
SUP-2000227,Feature Request - RetailCo,Feature Request,High,Closed,2024-01-12 08:51:52,2024-01-12 22:24:10,2024-01-12 22:34:10,jennifer.wu,Product Team,RetailCo,Chat,false,
SUP-2000228,Technical Support - StartupXYZ,Technical Support,Medium,Closed,2024-01-11 13:19:49,2024-01-12 06:26:48,2024-01-12 07:06:48,laura.smith,Technical Team,StartupXYZ,Portal,false,7.3
SUP-2000229,Feature Request - Acme Corp,Feature Request,High,Escalated,2024-01-11 09:26:34,2024-01-12 04:26:52,,sofia.moreau,Product Team,Acme Corp,Phone,false,
SUP-2000230,Billing Issue - UniServices,Billing Issue,Low,Closed,2024-01-05 11:07:01,2024-01-10 09:31:58,2024-01-10 10:27:58,jennifer.wu,Finance Support,UniServices,Phone,false,8.0
SUP-2000231,Feature Request - CityCouncil,Feature Request,High,Closed,2024-01-22 09:56:57,2024-01-22 15:02:56,2024-01-22 15:15:56,laura.smith,Product Team,CityCouncil,Email,false,6.5
SUP-2000232,Account Management - Acme Corp,Account Management,High,Closed,2024-01-11 08:57:17,2024-01-11 21:28:22,2024-01-11 21:53:22,laura.smith,Account Team,Acme Corp,Phone,false,7.4
SUP-2000233,Account Management - Acme Corp,Account Management,Medium,Closed,2024-01-02 15:42:26,2024-01-04 15:37:18,2024-01-04 16:30:18,laura.smith,Account Team,Acme Corp,Portal,false,6.4
SUP-2000234,Technical Support - RetailCo,Technical Support,High,Reopened,2024-01-16 14:51:08,2024-01-17 02:17:30,,alex.chen,Technical Team,RetailCo,Chat,false,
SUP-2000235,Account Management - Individual,Account Management,Medium,Closed,2024-01-08 21:55:28,2024-01-09 12:13:42,2024-01-09 12:39:42,sofia.moreau,Account Team,Individual,Phone,false,7.2
SUP-2000236,Billing Issue - Individual,Billing Issue,High,Closed,2024-01-05 16:01:06,2024-01-05 18:15:12,2024-01-05 19:00:12,maya.patel,Finance Support,Individual,Email,false,
SUP-2000237,Performance Issue - TechStart Inc,Performance Issue,Medium,Escalated,2024-01-10 12:54:55,2024-01-11 04:30:56,,carlos.silva,Engineering,TechStart Inc,Portal,false,
SUP-2000238,Data Export/Import - MedGroup,Data Export/Import,Medium,Reopened,2024-01-23 03:22:16,2024-01-24 23:59:16,,thomas.berg,Technical Team,MedGroup,Phone,false,
SUP-2000239,Billing Issue - UniServices,Billing Issue,Medium,Closed,2024-01-04 15:28:15,2024-01-05 21:44:43,2024-01-05 22:27:43,thomas.berg,Finance Support,UniServices,Portal,false,6.1
SUP-2000240,Feature Request - RetailCo,Feature Request,High,Closed,2024-01-16 12:28:11,2024-01-17 11:14:16,2024-01-17 11:42:16,alex.chen,Product Team,RetailCo,Phone,false,6.2
SUP-2000241,Account Management - RetailCo,Account Management,Low,Closed,2024-01-09 10:32:28,2024-01-10 19:29:44,2024-01-10 19:41:44,ryan.kim,Account Team,RetailCo,Email,false,6.0
SUP-2000242,Performance Issue - CityCouncil,Performance Issue,High,Closed,2024-01-19 12:06:59,2024-01-20 05:58:35,2024-01-20 06:41:35,maya.patel,Engineering,CityCouncil,Chat,false,6.7
SUP-2000243,Account Management - RetailCo,Account Management,Critical,Closed,2024-01-02 08:42:31,2024-01-02 10:13:38,2024-01-02 11:05:38,alex.chen,Account Team,RetailCo,Chat,false,
SUP-2000244,Data Export/Import - CityCouncil,Data Export/Import,High,Closed,2024-01-05 15:11:50,2024-01-05 21:40:41,2024-01-05 22:15:41,jennifer.wu,Technical Team,CityCouncil,Portal,false,7.5
SUP-2000245,Account Management - UniServices,Account Management,Low,Closed,2024-01-25 09:13:31,2024-01-26 11:06:43,2024-01-26 11:52:43,thomas.berg,Account Team,UniServices,Email,false,
SUP-2000246,Feature Request - CityCouncil,Feature Request,High,Closed,2024-01-04 09:10:38,2024-01-04 19:11:45,2024-01-04 20:06:45,alex.chen,Product Team,CityCouncil,Phone,false,6.7
SUP-2000247,Feature Request - Individual,Feature Request,Medium,Closed,2024-01-09 15:38:00,2024-01-11 07:02:30,2024-01-11 07:15:30,thomas.berg,Product Team,Individual,Chat,false,5.5
SUP-2000248,Account Management - TechStart Inc,Account Management,Low,Closed,2024-01-24 13:34:44,2024-01-29 01:54:18,2024-01-29 02:41:18,jennifer.wu,Account Team,TechStart Inc,Email,false,7.9
SUP-2000249,Integration Problem - Acme Corp,Integration Problem,Critical,Closed,2024-01-09 03:12:21,2024-01-09 17:39:26,2024-01-09 17:51:26,thomas.berg,Integration Team,Acme Corp,Email,true,
SUP-2000250,Feature Request - RetailCo,Feature Request,High,Closed,2024-01-15 10:16:00,2024-01-16 05:04:34,2024-01-16 06:04:34,laura.smith,Product Team,RetailCo,Portal,false,5.9
SUP-2000251,Technical Support - RetailCo,Technical Support,Medium,Closed,2024-01-24 10:10:30,2024-01-26 18:16:26,2024-01-26 18:39:26,alex.chen,Technical Team,RetailCo,Phone,false,8.8
SUP-2000252,Technical Support - Acme Corp,Technical Support,High,Closed,2024-01-08 16:04:14,2024-01-09 08:12:26,2024-01-09 08:31:26,carlos.silva,Technical Team,Acme Corp,Chat,false,5.5
SUP-2000253,Performance Issue - Global Finance,Performance Issue,High,Escalated,2024-01-27 11:11:29,2024-01-28 19:56:47,,maya.patel,Engineering,Global Finance,Phone,false,
SUP-2000254,Data Export/Import - RetailCo,Data Export/Import,Low,Escalated,2024-01-19 14:22:47,2024-01-20 03:53:45,,ryan.kim,Technical Team,RetailCo,Email,false,
SUP-2000255,Technical Support - MedGroup,Technical Support,High,Closed,2024-01-16 10:40:10,2024-01-16 23:37:51,2024-01-17 00:18:51,carlos.silva,Technical Team,MedGroup,Email,false,
SUP-2000256,Performance Issue - RetailCo,Performance Issue,Medium,Closed,2024-01-11 13:19:23,2024-01-12 11:04:33,2024-01-12 12:02:33,laura.smith,Engineering,RetailCo,Phone,false,7.0
SUP-2000257,Technical Support - Acme Corp,Technical Support,High,Closed,2024-01-22 16:09:00,2024-01-23 20:03:57,2024-01-23 20:45:57,jennifer.wu,Technical Team,Acme Corp,Phone,true,
SUP-2000258,Performance Issue - RetailCo,Performance Issue,Medium,Reopened,2024-01-23 10:32:26,2024-01-24 00:44:44,,thomas.berg,Engineering,RetailCo,Chat,false,
SUP-2000259,Performance Issue - Acme Corp,Performance Issue,Medium,Escalated,2024-01-23 22:11:37,2024-01-25 10:45:06,,thomas.berg,Engineering,Acme Corp,Email,false,
SUP-2000260,Billing Issue - Acme Corp,Billing Issue,Medium,Closed,2024-01-22 14:09:51,2024-01-23 04:21:49,2024-01-23 04:40:49,alex.chen,Finance Support,Acme Corp,Chat,false,6.6
SUP-2000261,Account Management - MedGroup,Account Management,High,Closed,2024-01-16 13:02:26,2024-01-16 20:39:21,2024-01-16 21:01:21,maya.patel,Account Team,MedGroup,Portal,false,6.5
SUP-2000262,Billing Issue - Acme Corp,Billing Issue,Medium,Closed,2024-01-08 12:19:11,2024-01-08 22:52:54,2024-01-08 23:25:54,jennifer.wu,Finance Support,Acme Corp,Phone,false,7.0
SUP-2000263,Feature Request - MedGroup,Feature Request,Medium,Closed,2024-01-04 12:41:41,2024-01-07 01:19:27,2024-01-07 01:49:27,jennifer.wu,Product Team,MedGroup,Phone,false,4.7
SUP-2000264,Technical Support - Global Finance,Technical Support,Medium,Closed,2024-01-22 01:43:49,2024-01-23 08:01:35,2024-01-23 08:45:35,laura.smith,Technical Team,Global Finance,Email,false,
SUP-2000265,Performance Issue - Acme Corp,Performance Issue,Low,Closed,2024-01-05 10:28:18,2024-02-02 18:02:11,2024-02-02 18:25:11,sofia.moreau,Engineering,Acme Corp,Email,true,7.8
SUP-2000266,Technical Support - CityCouncil,Technical Support,Medium,Closed,2024-01-09 14:14:45,2024-01-11 11:28:23,2024-01-11 11:57:23,laura.smith,Technical Team,CityCouncil,Chat,false,8.3
SUP-2000267,Performance Issue - MedGroup,Performance Issue,Low,Escalated,2024-01-15 09:09:21,2024-01-23 21:55:45,,thomas.berg,Engineering,MedGroup,Chat,false,
SUP-2000268,Integration Problem - RetailCo,Integration Problem,Low,Closed,2024-01-03 08:14:03,2024-01-07 03:55:21,2024-01-07 04:04:21,maya.patel,Integration Team,RetailCo,Email,false,5.2
SUP-2000269,Billing Issue - Acme Corp,Billing Issue,Medium,Closed,2024-01-26 16:24:27,2024-01-27 01:53:47,2024-01-27 02:01:47,jennifer.wu,Finance Support,Acme Corp,Email,false,7.4
SUP-2000270,Performance Issue - RetailCo,Performance Issue,High,Reopened,2024-01-03 08:31:35,2024-01-03 19:03:45,,maya.patel,Engineering,RetailCo,Phone,false,
SUP-2000271,Feature Request - Global Finance,Feature Request,Low,Closed,2024-01-24 09:03:26,2024-02-02 21:53:18,2024-02-02 22:09:18,carlos.silva,Product Team,Global Finance,Email,false,4.4
SUP-2000272,Integration Problem - TechStart Inc,Integration Problem,High,Closed,2024-01-25 16:01:07,2024-01-25 22:27:37,2024-01-25 22:42:37,carlos.silva,Integration Team,TechStart Inc,Chat,false,6.2
SUP-2000273,Technical Support - UniServices,Technical Support,High,Closed,2024-01-19 11:15:04,2024-01-19 16:01:43,2024-01-19 17:00:43,alex.chen,Technical Team,UniServices,Chat,false,7.4
SUP-2000274,Account Management - Global Finance,Account Management,High,Closed,2024-01-23 11:48:40,2024-01-24 01:23:15,2024-01-24 01:40:15,carlos.silva,Account Team,Global Finance,Chat,false,
SUP-2000275,Account Management - MedGroup,Account Management,Medium,Closed,2024-01-17 10:45:01,2024-01-18 21:59:25,2024-01-18 22:42:25,sofia.moreau,Account Team,MedGroup,Email,false,6.9
SUP-2000276,Billing Issue - Acme Corp,Billing Issue,Medium,Closed,2024-01-08 15:35:00,2024-01-10 14:15:07,2024-01-10 15:07:07,ryan.kim,Finance Support,Acme Corp,Chat,false,
SUP-2000277,Performance Issue - Global Finance,Performance Issue,Medium,Closed,2024-01-08 21:13:50,2024-01-09 17:52:38,2024-01-09 18:02:38,jennifer.wu,Engineering,Global Finance,Portal,false,
SUP-2000278,Billing Issue - Acme Corp,Billing Issue,Low,Closed,2024-01-09 09:39:54,2024-01-17 12:43:08,2024-01-17 13:16:08,jennifer.wu,Finance Support,Acme Corp,Phone,false,6.1
SUP-2000279,Data Export/Import - RetailCo,Data Export/Import,High,Closed,2024-01-16 15:35:17,2024-01-16 22:40:57,2024-01-16 23:35:57,laura.smith,Technical Team,RetailCo,Email,false,
SUP-2000280,Billing Issue - RetailCo,Billing Issue,High,Closed,2024-01-03 01:27:14,2024-01-03 08:39:14,2024-01-03 09:06:14,laura.smith,Finance Support,RetailCo,Phone,false,6.9
SUP-2000281,Feature Request - TechStart Inc,Feature Request,Low,Closed,2024-01-17 10:33:11,2024-01-19 05:20:27,2024-01-19 06:09:27,alex.chen,Product Team,TechStart Inc,Chat,false,
SUP-2000282,Performance Issue - MedGroup,Performance Issue,Medium,Closed,2024-01-23 12:05:22,2024-01-23 20:27:55,2024-01-23 20:46:55,alex.chen,Engineering,MedGroup,Chat,false,5.1
SUP-2000283,Billing Issue - MedGroup,Billing Issue,Medium,Closed,2024-01-02 11:03:20,2024-01-02 22:03:31,2024-01-02 22:13:31,maya.patel,Finance Support,MedGroup,Phone,false,
SUP-2000284,Feature Request - MedGroup,Feature Request,Medium,Reopened,2024-01-17 14:28:15,2024-01-23 00:21:34,,thomas.berg,Product Team,MedGroup,Phone,false,
SUP-2000285,Billing Issue - StartupXYZ,Billing Issue,Low,Escalated,2024-01-16 03:43:53,2024-01-20 01:01:40,,ryan.kim,Finance Support,StartupXYZ,Chat,false,
SUP-2000286,Integration Problem - Acme Corp,Integration Problem,Medium,Closed,2024-01-15 13:57:12,2024-01-16 22:59:30,2024-01-16 23:19:30,alex.chen,Integration Team,Acme Corp,Portal,false,6.0
SUP-2000287,Technical Support - StartupXYZ,Technical Support,Medium,Closed,2024-01-27 05:51:10,2024-01-27 22:33:04,2024-01-27 23:07:04,thomas.berg,Technical Team,StartupXYZ,Portal,false,4.9
SUP-2000288,Feature Request - TechStart Inc,Feature Request,Medium,Escalated,2024-01-08 09:08:25,2024-01-13 00:17:13,,ryan.kim,Product Team,TechStart Inc,Portal,false,
SUP-2000289,Billing Issue - TechStart Inc,Billing Issue,High,Closed,2024-01-26 14:30:28,2024-01-26 15:50:19,2024-01-26 16:38:19,sofia.moreau,Finance Support,TechStart Inc,Portal,false,7.0
SUP-2000290,Data Export/Import - Acme Corp,Data Export/Import,High,Closed,2024-01-18 09:36:20,2024-01-18 21:05:42,2024-01-18 21:18:42,jennifer.wu,Technical Team,Acme Corp,Phone,false,7.1
SUP-2000291,Billing Issue - CityCouncil,Billing Issue,Critical,Closed,2024-01-02 05:06:49,2024-01-02 06:51:52,2024-01-02 07:35:52,jennifer.wu,Finance Support,CityCouncil,Chat,false,7.4
SUP-2000292,Integration Problem - CityCouncil,Integration Problem,Medium,Closed,2024-01-01 18:44:50,2024-01-03 01:48:53,2024-01-03 02:16:53,maya.patel,Integration Team,CityCouncil,Chat,false,6.4
SUP-2000293,Billing Issue - Global Finance,Billing Issue,Medium,Reopened,2024-01-11 13:30:37,2024-01-12 01:47:57,,maya.patel,Finance Support,Global Finance,Chat,false,
SUP-2000294,Billing Issue - Acme Corp,Billing Issue,High,Escalated,2024-01-10 11:59:33,2024-01-11 19:08:20,,thomas.berg,Finance Support,Acme Corp,Chat,false,
SUP-2000295,Feature Request - Individual,Feature Request,Critical,Closed,2024-01-10 12:33:59,2024-01-10 17:03:39,2024-01-10 17:59:39,ryan.kim,Product Team,Individual,Phone,true,6.7
SUP-2000296,Integration Problem - Individual,Integration Problem,Medium,Closed,2024-01-10 22:30:49,2024-01-13 19:04:21,2024-01-13 19:26:21,sofia.moreau,Integration Team,Individual,Chat,false,7.5
SUP-2000297,Account Management - Global Finance,Account Management,Low,Reopened,2024-01-25 13:13:02,2024-01-27 01:38:12,,laura.smith,Account Team,Global Finance,Chat,false,
SUP-2000298,Technical Support - StartupXYZ,Technical Support,Critical,Closed,2024-01-20 16:32:35,2024-01-20 17:42:06,2024-01-20 18:22:06,alex.chen,Technical Team,StartupXYZ,Phone,false,6.8
SUP-2000299,Integration Problem - TechStart Inc,Integration Problem,Critical,Closed,2024-01-26 19:14:54,2024-01-26 21:45:21,2024-01-26 22:28:21,laura.smith,Integration Team,TechStart Inc,Chat,false,5.4
SUP-2000300,Billing Issue - Acme Corp,Billing Issue,Low,Closed,2024-01-26 14:15:34,2024-01-27 20:45:54,2024-01-27 21:22:54,jennifer.wu,Finance Support,Acme Corp,Portal,false,6.2
SUP-2000301,Technical Support - CityCouncil,Technical Support,Medium,Escalated,2024-01-11 15:28:40,2024-01-12 21:36:18,,alex.chen,Technical Team,CityCouncil,Phone,false,
SUP-2000302,Integration Problem - TechStart Inc,Integration Problem,Critical,Reopened,2024-01-19 05:55:52,2024-01-19 07:58:56,,thomas.berg,Integration Team,TechStart Inc,Phone,false,
SUP-2000303,Feature Request - UniServices,Feature Request,Medium,Reopened,2024-01-23 13:26:43,2024-01-25 00:31:00,,sofia.moreau,Product Team,UniServices,Portal,false,
SUP-2000304,Billing Issue - Acme Corp,Billing Issue,Low,Closed,2024-01-17 12:17:17,2024-01-23 07:48:05,2024-01-23 08:31:05,carlos.silva,Finance Support,Acme Corp,Portal,false,
SUP-2000305,Performance Issue - TechStart Inc,Performance Issue,High,Closed,2024-01-03 12:32:19,2024-01-04 01:33:22,2024-01-04 01:48:22,jennifer.wu,Engineering,TechStart Inc,Email,false,
SUP-2000306,Feature Request - RetailCo,Feature Request,High,Closed,2024-01-03 09:23:50,2024-01-03 20:57:25,2024-01-03 21:04:25,alex.chen,Product Team,RetailCo,Portal,false,5.2
SUP-2000307,Billing Issue - RetailCo,Billing Issue,High,Closed,2024-01-05 15:41:25,2024-01-06 04:30:39,2024-01-06 05:20:39,ryan.kim,Finance Support,RetailCo,Email,false,7.0
SUP-2000308,Billing Issue - MedGroup,Billing Issue,High,Closed,2024-01-01 10:37:52,2024-01-02 00:01:11,2024-01-02 00:38:11,laura.smith,Finance Support,MedGroup,Phone,false,6.1
SUP-2000309,Technical Support - Acme Corp,Technical Support,Medium,Closed,2024-01-09 13:29:25,2024-01-12 23:21:42,2024-01-12 23:26:42,maya.patel,Technical Team,Acme Corp,Portal,false,6.5
SUP-2000310,Integration Problem - RetailCo,Integration Problem,High,Closed,2024-01-16 09:10:22,2024-01-16 13:25:49,2024-01-16 14:12:49,sofia.moreau,Integration Team,RetailCo,Portal,false,5.6
SUP-2000311,Feature Request - CityCouncil,Feature Request,Medium,Escalated,2024-01-22 09:45:08,2024-01-26 18:43:06,,carlos.silva,Product Team,CityCouncil,Email,false,
SUP-2000312,Integration Problem - MedGroup,Integration Problem,Critical,Escalated,2024-01-02 13:26:10,2024-01-02 21:52:55,,ryan.kim,Integration Team,MedGroup,Phone,false,
SUP-2000313,Feature Request - RetailCo,Feature Request,Low,Closed,2024-01-01 09:19:56,2024-01-09 12:53:10,2024-01-09 13:00:10,ryan.kim,Product Team,RetailCo,Chat,false,7.4
SUP-2000314,Technical Support - Acme Corp,Technical Support,Medium,Closed,2024-01-22 07:07:23,2024-01-24 15:00:24,2024-01-24 15:54:24,alex.chen,Technical Team,Acme Corp,Email,false,
SUP-2000315,Data Export/Import - Global Finance,Data Export/Import,Low,Closed,2024-01-05 10:22:57,2024-01-18 08:29:21,2024-01-18 08:56:21,carlos.silva,Technical Team,Global Finance,Portal,true,6.6
SUP-2000316,Data Export/Import - Individual,Data Export/Import,Medium,Closed,2024-01-06 14:53:31,2024-01-07 01:27:39,2024-01-07 02:15:39,alex.chen,Technical Team,Individual,Email,false,
SUP-2000317,Integration Problem - CityCouncil,Integration Problem,High,Closed,2024-01-25 15:12:04,2024-01-26 02:55:53,2024-01-26 03:39:53,alex.chen,Integration Team,CityCouncil,Phone,false,5.7
SUP-2000318,Technical Support - RetailCo,Technical Support,High,Reopened,2024-01-01 12:47:32,2024-01-03 10:33:55,,thomas.berg,Technical Team,RetailCo,Portal,false,
SUP-2000319,Feature Request - RetailCo,Feature Request,Low,Closed,2024-01-26 08:56:38,2024-01-29 15:34:14,2024-01-29 15:58:14,laura.smith,Product Team,RetailCo,Chat,false,6.7
SUP-2000320,Account Management - Individual,Account Management,Low,Closed,2024-01-27 09:28:32,2024-02-04 06:56:30,2024-02-04 07:04:30,maya.patel,Account Team,Individual,Chat,false,7.4
SUP-2000321,Feature Request - Acme Corp,Feature Request,Medium,Closed,2024-01-08 14:04:26,2024-01-09 13:08:59,2024-01-09 13:44:59,alex.chen,Product Team,Acme Corp,Portal,false,
SUP-2000322,Technical Support - MedGroup,Technical Support,Medium,Closed,2024-01-04 08:10:28,2024-01-06 19:49:38,2024-01-06 20:11:38,carlos.silva,Technical Team,MedGroup,Chat,false,5.5
SUP-2000323,Account Management - CityCouncil,Account Management,Low,Closed,2024-01-15 09:49:16,2024-01-15 21:30:32,2024-01-15 22:01:32,jennifer.wu,Account Team,CityCouncil,Phone,false,6.4
SUP-2000324,Performance Issue - MedGroup,Performance Issue,Medium,Closed,2024-01-08 14:55:28,2024-01-19 05:49:08,2024-01-19 06:14:08,carlos.silva,Engineering,MedGroup,Chat,true,4.7
SUP-2000325,Technical Support - UniServices,Technical Support,Critical,Closed,2024-01-16 11:14:57,2024-01-16 13:02:28,2024-01-16 13:10:28,ryan.kim,Technical Team,UniServices,Chat,false,7.7
SUP-2000326,Feature Request - MedGroup,Feature Request,Low,Closed,2024-01-15 00:15:57,2024-01-19 03:01:10,2024-01-19 03:14:10,maya.patel,Product Team,MedGroup,Portal,false,4.5
SUP-2000327,Technical Support - Individual,Technical Support,Low,Closed,2024-01-17 12:36:17,2024-01-22 12:22:03,2024-01-22 12:36:03,laura.smith,Technical Team,Individual,Portal,false,8.5
SUP-2000328,Account Management - TechStart Inc,Account Management,Low,Closed,2024-01-15 23:01:05,2024-02-02 06:15:56,2024-02-02 07:10:56,jennifer.wu,Account Team,TechStart Inc,Portal,true,8.2
SUP-2000329,Feature Request - RetailCo,Feature Request,Low,Closed,2024-01-19 11:31:44,2024-01-27 07:23:43,2024-01-27 08:06:43,carlos.silva,Product Team,RetailCo,Email,false,
SUP-2000330,Integration Problem - StartupXYZ,Integration Problem,High,Closed,2024-01-09 11:51:58,2024-01-09 15:15:30,2024-01-09 15:32:30,alex.chen,Integration Team,StartupXYZ,Chat,false,
SUP-2000331,Performance Issue - MedGroup,Performance Issue,High,Closed,2024-01-16 13:18:42,2024-01-17 08:37:17,2024-01-17 09:36:17,carlos.silva,Engineering,MedGroup,Chat,false,3.7
SUP-2000332,Billing Issue - RetailCo,Billing Issue,Low,Closed,2024-01-15 10:06:16,2024-01-16 07:10:31,2024-01-16 07:22:31,laura.smith,Finance Support,RetailCo,Portal,false,6.8
SUP-2000333,Account Management - Acme Corp,Account Management,Low,Closed,2024-01-25 15:31:13,2024-01-30 10:10:35,2024-01-30 10:38:35,laura.smith,Account Team,Acme Corp,Portal,false,6.6
SUP-2000334,Feature Request - Global Finance,Feature Request,Low,Closed,2024-01-05 13:07:08,2024-01-13 18:40:37,2024-01-13 19:23:37,maya.patel,Product Team,Global Finance,Chat,false,
SUP-2000335,Technical Support - TechStart Inc,Technical Support,High,Closed,2024-01-11 14:10:10,2024-01-11 20:42:28,2024-01-11 21:27:28,alex.chen,Technical Team,TechStart Inc,Email,false,8.2
SUP-2000336,Integration Problem - StartupXYZ,Integration Problem,Medium,Closed,2024-01-26 14:30:46,2024-01-27 18:14:52,2024-01-27 18:33:52,jennifer.wu,Integration Team,StartupXYZ,Portal,false,6.9
SUP-2000337,Integration Problem - StartupXYZ,Integration Problem,Medium,Closed,2024-01-19 11:40:28,2024-01-23 00:49:15,2024-01-23 01:11:15,maya.patel,Integration Team,StartupXYZ,Portal,false,6.7
SUP-2000338,Performance Issue - Acme Corp,Performance Issue,Medium,Closed,2024-01-22 13:10:19,2024-01-23 03:33:32,2024-01-23 04:24:32,alex.chen,Engineering,Acme Corp,Chat,false,6.0
SUP-2000339,Billing Issue - RetailCo,Billing Issue,Medium,Closed,2024-01-16 13:06:52,2024-01-19 19:00:25,2024-01-19 19:22:25,laura.smith,Finance Support,RetailCo,Phone,false,7.2
SUP-2000340,Data Export/Import - Acme Corp,Data Export/Import,Medium,Closed,2024-01-05 15:55:25,2024-01-12 01:59:52,2024-01-12 02:13:52,carlos.silva,Technical Team,Acme Corp,Portal,true,5.8
SUP-2000341,Performance Issue - Global Finance,Performance Issue,High,Closed,2024-01-04 10:21:51,2024-01-05 10:05:19,2024-01-05 10:23:19,alex.chen,Engineering,Global Finance,Portal,false,5.7
SUP-2000342,Billing Issue - RetailCo,Billing Issue,Critical,Reopened,2024-01-23 19:40:40,2024-01-23 22:38:36,,alex.chen,Finance Support,RetailCo,Chat,false,
SUP-2000343,Feature Request - TechStart Inc,Feature Request,Medium,Closed,2024-01-17 06:20:10,2024-01-18 03:18:11,2024-01-18 03:27:11,laura.smith,Product Team,TechStart Inc,Portal,false,7.2
SUP-2000344,Integration Problem - RetailCo,Integration Problem,Medium,Closed,2024-01-23 13:26:58,2024-01-25 10:04:27,2024-01-25 10:18:27,ryan.kim,Integration Team,RetailCo,Phone,false,6.6
SUP-2000345,Billing Issue - Acme Corp,Billing Issue,Medium,Closed,2024-01-04 17:58:36,2024-01-05 15:47:08,2024-01-05 16:39:08,alex.chen,Finance Support,Acme Corp,Chat,false,
SUP-2000346,Technical Support - RetailCo,Technical Support,High,Reopened,2024-01-11 10:46:34,2024-01-11 16:41:49,,sofia.moreau,Technical Team,RetailCo,Email,false,
SUP-2000347,Billing Issue - TechStart Inc,Billing Issue,High,Closed,2024-01-23 12:20:40,2024-01-23 17:11:34,2024-01-23 17:55:34,jennifer.wu,Finance Support,TechStart Inc,Portal,false,7.8
SUP-2000348,Data Export/Import - TechStart Inc,Data Export/Import,High,Escalated,2024-01-22 10:21:38,2024-01-23 01:05:20,,thomas.berg,Technical Team,TechStart Inc,Chat,false,
SUP-2000349,Performance Issue - TechStart Inc,Performance Issue,Medium,Escalated,2024-01-17 16:04:53,2024-01-18 17:26:11,,carlos.silva,Engineering,TechStart Inc,Chat,false,
SUP-2000350,Billing Issue - TechStart Inc,Billing Issue,Medium,Closed,2024-01-02 08:29:05,2024-01-02 23:21:50,2024-01-02 23:28:50,laura.smith,Finance Support,TechStart Inc,Chat,false,7.9
SUP-2000351,Billing Issue - CityCouncil,Billing Issue,Medium,Escalated,2024-01-05 10:39:21,2024-01-06 05:42:00,,sofia.moreau,Finance Support,CityCouncil,Email,false,
SUP-2000352,Billing Issue - TechStart Inc,Billing Issue,Critical,Closed,2024-01-19 02:20:35,2024-01-19 06:09:31,2024-01-19 06:17:31,alex.chen,Finance Support,TechStart Inc,Phone,false,7.7
SUP-2000353,Technical Support - MedGroup,Technical Support,Medium,Closed,2024-01-10 11:21:56,2024-01-11 13:45:56,2024-01-11 14:14:56,laura.smith,Technical Team,MedGroup,Phone,false,6.4
SUP-2000354,Technical Support - TechStart Inc,Technical Support,Medium,Reopened,2024-01-19 14:38:25,2024-01-20 11:33:42,,ryan.kim,Technical Team,TechStart Inc,Portal,false,
SUP-2000355,Billing Issue - Global Finance,Billing Issue,High,Closed,2024-01-25 14:40:26,2024-01-25 17:50:02,2024-01-25 18:26:02,laura.smith,Finance Support,Global Finance,Phone,false,6.9
SUP-2000356,Billing Issue - MedGroup,Billing Issue,Medium,Closed,2024-01-23 10:02:14,2024-01-23 21:42:55,2024-01-23 22:24:55,ryan.kim,Finance Support,MedGroup,Phone,false,6.0
SUP-2000357,Data Export/Import - Global Finance,Data Export/Import,Low,Reopened,2024-01-08 09:41:41,2024-01-09 21:53:45,,sofia.moreau,Technical Team,Global Finance,Phone,false,
SUP-2000358,Technical Support - TechStart Inc,Technical Support,Medium,Closed,2024-01-03 01:20:32,2024-01-04 10:58:42,2024-01-04 11:13:42,thomas.berg,Technical Team,TechStart Inc,Portal,false,6.1
SUP-2000359,Account Management - UniServices,Account Management,Medium,Closed,2024-01-12 11:41:16,2024-01-12 22:42:13,2024-01-12 23:39:13,alex.chen,Account Team,UniServices,Email,false,7.6
SUP-2000360,Integration Problem - Acme Corp,Integration Problem,High,Closed,2024-01-03 23:51:36,2024-01-04 10:39:35,2024-01-04 11:09:35,carlos.silva,Integration Team,Acme Corp,Chat,false,4.3
SUP-2000361,Account Management - Acme Corp,Account Management,Critical,Closed,2024-01-26 12:20:45,2024-01-26 16:37:39,2024-01-26 17:18:39,jennifer.wu,Account Team,Acme Corp,Chat,true,6.7
SUP-2000362,Account Management - TechStart Inc,Account Management,Medium,Closed,2024-01-11 08:27:56,2024-01-11 21:39:20,2024-01-11 22:18:20,laura.smith,Account Team,TechStart Inc,Portal,false,9.0
SUP-2000363,Performance Issue - MedGroup,Performance Issue,Medium,Closed,2024-01-25 20:50:17,2024-02-04 01:11:41,2024-02-04 01:46:41,sofia.moreau,Engineering,MedGroup,Phone,true,4.9
SUP-2000364,Technical Support - Individual,Technical Support,Low,Closed,2024-01-03 08:38:40,2024-01-12 17:38:43,2024-01-12 18:35:43,laura.smith,Technical Team,Individual,Phone,false,
SUP-2000365,Billing Issue - MedGroup,Billing Issue,Medium,Closed,2024-01-10 20:00:37,2024-01-12 23:05:26,2024-01-12 23:21:26,jennifer.wu,Finance Support,MedGroup,Chat,false,6.9
SUP-2000366,Feature Request - TechStart Inc,Feature Request,Medium,Closed,2024-01-04 11:48:37,2024-01-04 20:00:10,2024-01-04 20:30:10,alex.chen,Product Team,TechStart Inc,Chat,false,6.7
SUP-2000367,Billing Issue - TechStart Inc,Billing Issue,Low,Closed,2024-01-15 12:30:51,2024-01-19 02:53:33,2024-01-19 03:04:33,jennifer.wu,Finance Support,TechStart Inc,Chat,false,7.6
SUP-2000368,Billing Issue - TechStart Inc,Billing Issue,High,Closed,2024-01-19 09:41:16,2024-01-20 04:48:27,2024-01-20 05:13:27,thomas.berg,Finance Support,TechStart Inc,Email,false,6.4
SUP-2000369,Data Export/Import - Acme Corp,Data Export/Import,Medium,Closed,2024-01-10 12:42:31,2024-01-12 01:14:07,2024-01-12 01:35:07,laura.smith,Technical Team,Acme Corp,Chat,false,7.8
SUP-2000370,Technical Support - StartupXYZ,Technical Support,Low,Closed,2024-01-22 09:59:59,2024-01-22 23:36:29,2024-01-23 00:36:29,sofia.moreau,Technical Team,StartupXYZ,Portal,false,6.0
SUP-2000371,Performance Issue - CityCouncil,Performance Issue,Critical,Closed,2024-01-17 16:37:15,2024-01-17 20:15:17,2024-01-17 20:45:17,sofia.moreau,Engineering,CityCouncil,Portal,false,6.8
SUP-2000372,Technical Support - MedGroup,Technical Support,Low,Closed,2024-01-01 06:45:41,2024-01-20 15:57:08,2024-01-20 16:25:08,ryan.kim,Technical Team,MedGroup,Portal,true,5.5
SUP-2000373,Feature Request - Global Finance,Feature Request,Medium,Closed,2024-01-02 08:10:29,2024-01-03 04:29:47,2024-01-03 04:56:47,laura.smith,Product Team,Global Finance,Portal,false,
SUP-2000374,Technical Support - Individual,Technical Support,Critical,Escalated,2024-01-02 02:29:19,2024-01-02 03:36:18,,ryan.kim,Technical Team,Individual,Email,false,
SUP-2000375,Integration Problem - Global Finance,Integration Problem,Low,Escalated,2024-01-08 15:10:48,2024-01-10 15:38:27,,laura.smith,Integration Team,Global Finance,Email,false,
SUP-2000376,Integration Problem - RetailCo,Integration Problem,Low,Closed,2024-01-10 10:51:10,2024-01-26 15:27:11,2024-01-26 15:32:11,thomas.berg,Integration Team,RetailCo,Email,true,
SUP-2000377,Feature Request - TechStart Inc,Feature Request,Medium,Closed,2024-01-08 12:40:19,2024-01-09 21:39:06,2024-01-09 22:37:06,maya.patel,Product Team,TechStart Inc,Chat,false,6.3
SUP-2000378,Account Management - Global Finance,Account Management,High,Escalated,2024-01-04 08:08:18,2024-01-04 18:11:38,,maya.patel,Account Team,Global Finance,Email,false,
SUP-2000379,Feature Request - Acme Corp,Feature Request,High,Closed,2024-01-01 08:31:02,2024-01-02 05:45:32,2024-01-02 06:44:32,alex.chen,Product Team,Acme Corp,Portal,false,
SUP-2000380,Technical Support - CityCouncil,Technical Support,Medium,Closed,2024-01-02 12:48:58,2024-01-02 22:45:43,2024-01-02 23:03:43,maya.patel,Technical Team,CityCouncil,Chat,false,7.1
SUP-2000381,Billing Issue - RetailCo,Billing Issue,Medium,Closed,2024-01-23 12:32:05,2024-01-26 05:59:14,2024-01-26 06:54:14,laura.smith,Finance Support,RetailCo,Email,false,7.4
SUP-2000382,Billing Issue - RetailCo,Billing Issue,High,Reopened,2024-01-22 09:01:39,2024-01-22 17:40:36,,jennifer.wu,Finance Support,RetailCo,Phone,false,
SUP-2000383,Technical Support - CityCouncil,Technical Support,Low,Closed,2024-01-10 21:49:06,2024-01-12 13:13:34,2024-01-12 13:28:34,laura.smith,Technical Team,CityCouncil,Portal,false,8.2
SUP-2000384,Billing Issue - RetailCo,Billing Issue,High,Closed,2024-01-19 04:48:05,2024-01-19 06:20:25,2024-01-19 06:27:25,laura.smith,Finance Support,RetailCo,Phone,false,
SUP-2000385,Account Management - StartupXYZ,Account Management,Low,Closed,2024-01-04 12:42:15,2024-01-06 08:52:02,2024-01-06 09:22:02,ryan.kim,Account Team,StartupXYZ,Portal,false,7.0
SUP-2000386,Data Export/Import - Global Finance,Data Export/Import,Medium,Closed,2024-01-26 10:15:10,2024-01-27 12:05:24,2024-01-27 12:58:24,alex.chen,Technical Team,Global Finance,Phone,false,5.8
SUP-2000387,Account Management - Global Finance,Account Management,Medium,Reopened,2024-01-03 08:22:07,2024-01-03 23:25:57,,carlos.silva,Account Team,Global Finance,Email,false,
SUP-2000388,Technical Support - RetailCo,Technical Support,Medium,Closed,2024-01-09 12:01:54,2024-01-10 15:13:17,2024-01-10 16:11:17,carlos.silva,Technical Team,RetailCo,Phone,false,
SUP-2000389,Technical Support - StartupXYZ,Technical Support,High,Closed,2024-01-11 13:13:19,2024-01-11 17:07:45,2024-01-11 17:15:45,sofia.moreau,Technical Team,StartupXYZ,Phone,false,6.9
SUP-2000390,Data Export/Import - RetailCo,Data Export/Import,Low,Closed,2024-01-26 13:39:52,2024-01-28 13:27:20,2024-01-28 13:49:20,laura.smith,Technical Team,RetailCo,Phone,false,7.3
SUP-2000391,Billing Issue - Global Finance,Billing Issue,Medium,Closed,2024-01-01 11:58:56,2024-01-02 23:35:38,2024-01-02 23:45:38,sofia.moreau,Finance Support,Global Finance,Portal,false,7.2
SUP-2000392,Billing Issue - StartupXYZ,Billing Issue,Medium,Closed,2024-01-23 01:44:05,2024-01-23 07:38:06,2024-01-23 08:02:06,maya.patel,Finance Support,StartupXYZ,Chat,false,
SUP-2000393,Billing Issue - Individual,Billing Issue,Medium,Closed,2024-01-02 13:22:39,2024-01-03 06:58:09,2024-01-03 07:14:09,alex.chen,Finance Support,Individual,Chat,false,7.9
SUP-2000394,Technical Support - UniServices,Technical Support,Low,Closed,2024-01-12 18:45:29,2024-01-21 18:44:55,2024-01-21 19:43:55,thomas.berg,Technical Team,UniServices,Chat,false,7.1
SUP-2000395,Performance Issue - CityCouncil,Performance Issue,Low,Closed,2024-01-18 11:50:31,2024-01-19 15:53:59,2024-01-19 16:04:59,maya.patel,Engineering,CityCouncil,Email,false,5.8
SUP-2000396,Technical Support - Global Finance,Technical Support,Medium,Closed,2024-01-19 15:15:40,2024-01-24 15:26:24,2024-01-24 15:53:24,thomas.berg,Technical Team,Global Finance,Portal,true,5.1
SUP-2000397,Account Management - Global Finance,Account Management,Medium,Closed,2024-01-22 12:23:44,2024-01-25 12:27:41,2024-01-25 13:03:41,carlos.silva,Account Team,Global Finance,Phone,false,5.6
SUP-2000398,Technical Support - Acme Corp,Technical Support,Medium,Closed,2024-01-19 15:13:30,2024-01-21 19:18:59,2024-01-21 19:33:59,carlos.silva,Technical Team,Acme Corp,Portal,false,5.4
SUP-2000399,Feature Request - MedGroup,Feature Request,Medium,Reopened,2024-01-08 11:14:14,2024-01-11 09:44:51,,thomas.berg,Product Team,MedGroup,Email,false,
SUP-2000400,Data Export/Import - Acme Corp,Data Export/Import,Medium,Closed,2024-01-27 15:53:18,2024-01-29 16:32:12,2024-01-29 17:01:12,maya.patel,Technical Team,Acme Corp,Portal,false,6.6
SUP-2000401,Feature Request - MedGroup,Feature Request,Low,Closed,2024-01-16 11:36:48,2024-01-18 08:38:19,2024-01-18 08:58:19,maya.patel,Product Team,MedGroup,Portal,false,4.3
SUP-2000402,Billing Issue - Acme Corp,Billing Issue,Critical,Closed,2024-01-17 16:41:36,2024-01-17 18:11:09,2024-01-17 18:58:09,laura.smith,Finance Support,Acme Corp,Portal,false,
SUP-2000403,Feature Request - CityCouncil,Feature Request,Critical,Escalated,2024-01-05 11:52:02,2024-01-05 14:12:14,,maya.patel,Product Team,CityCouncil,Portal,false,
SUP-2000404,Performance Issue - TechStart Inc,Performance Issue,Medium,Closed,2024-01-25 12:01:09,2024-01-25 17:06:41,2024-01-25 17:49:41,laura.smith,Engineering,TechStart Inc,Phone,false,6.2
SUP-2000405,Feature Request - UniServices,Feature Request,Low,Reopened,2024-01-06 13:47:07,2024-01-10 11:07:16,,laura.smith,Product Team,UniServices,Chat,false,
SUP-2000406,Account Management - TechStart Inc,Account Management,Medium,Closed,2024-01-13 10:25:04,2024-01-14 00:03:48,2024-01-14 00:18:48,thomas.berg,Account Team,TechStart Inc,Email,false,4.9
SUP-2000407,Account Management - MedGroup,Account Management,Medium,Closed,2024-01-25 10:59:41,2024-01-28 17:46:34,2024-01-28 18:19:34,thomas.berg,Account Team,MedGroup,Chat,false,5.3
SUP-2000408,Account Management - Global Finance,Account Management,Low,Closed,2024-01-05 15:34:05,2024-01-10 18:55:03,2024-01-10 19:03:03,carlos.silva,Account Team,Global Finance,Phone,false,5.5
SUP-2000409,Feature Request - RetailCo,Feature Request,Medium,Closed,2024-01-08 11:02:47,2024-01-09 20:36:20,2024-01-09 21:33:20,jennifer.wu,Product Team,RetailCo,Email,false,
SUP-2000410,Integration Problem - TechStart Inc,Integration Problem,Medium,Closed,2024-01-08 09:31:41,2024-01-09 04:37:30,2024-01-09 05:37:30,laura.smith,Integration Team,TechStart Inc,Portal,false,
SUP-2000411,Data Export/Import - MedGroup,Data Export/Import,Medium,Closed,2024-01-09 09:48:11,2024-01-11 00:34:09,2024-01-11 01:03:09,carlos.silva,Technical Team,MedGroup,Chat,false,5.4
SUP-2000412,Billing Issue - StartupXYZ,Billing Issue,Low,Closed,2024-01-09 16:01:52,2024-01-11 17:21:45,2024-01-11 17:50:45,alex.chen,Finance Support,StartupXYZ,Phone,false,6.5
SUP-2000413,Account Management - Global Finance,Account Management,Medium,Closed,2024-01-15 12:49:35,2024-01-16 07:30:27,2024-01-16 07:44:27,thomas.berg,Account Team,Global Finance,Portal,false,4.6
SUP-2000414,Feature Request - CityCouncil,Feature Request,Critical,Closed,2024-01-19 13:15:00,2024-01-19 17:07:21,2024-01-19 17:35:21,thomas.berg,Product Team,CityCouncil,Portal,false,
SUP-2000415,Technical Support - TechStart Inc,Technical Support,High,Escalated,2024-01-18 16:27:23,2024-01-19 03:07:37,,carlos.silva,Technical Team,TechStart Inc,Phone,false,
SUP-2000416,Account Management - CityCouncil,Account Management,Low,Closed,2024-01-12 15:59:23,2024-01-13 12:34:50,2024-01-13 13:25:50,maya.patel,Account Team,CityCouncil,Portal,false,7.3
SUP-2000417,Integration Problem - MedGroup,Integration Problem,Medium,Closed,2024-01-25 08:04:02,2024-01-28 05:38:56,2024-01-28 06:02:56,ryan.kim,Integration Team,MedGroup,Portal,false,6.0
SUP-2000418,Integration Problem - UniServices,Integration Problem,Critical,Reopened,2024-01-24 08:38:48,2024-01-24 11:36:11,,carlos.silva,Integration Team,UniServices,Portal,false,
SUP-2000419,Account Management - Acme Corp,Account Management,Medium,Closed,2024-01-14 08:13:07,2024-01-14 16:11:37,2024-01-14 16:37:37,laura.smith,Account Team,Acme Corp,Portal,false,
SUP-2000420,Technical Support - CityCouncil,Technical Support,Medium,Escalated,2024-01-11 08:58:17,2024-01-13 13:39:38,,jennifer.wu,Technical Team,CityCouncil,Email,false,
SUP-2000421,Data Export/Import - TechStart Inc,Data Export/Import,Low,Escalated,2024-01-22 20:30:06,2024-01-24 00:26:52,,carlos.silva,Technical Team,TechStart Inc,Email,false,
SUP-2000422,Performance Issue - TechStart Inc,Performance Issue,Medium,Closed,2024-01-13 14:37:43,2024-01-13 20:59:03,2024-01-13 21:47:03,maya.patel,Engineering,TechStart Inc,Chat,false,6.8
SUP-2000423,Account Management - CityCouncil,Account Management,High,Closed,2024-01-17 10:31:01,2024-01-17 16:02:32,2024-01-17 16:34:32,jennifer.wu,Account Team,CityCouncil,Portal,false,6.7
SUP-2000424,Feature Request - RetailCo,Feature Request,Low,Closed,2024-01-05 10:45:42,2024-01-06 17:09:55,2024-01-06 18:06:55,alex.chen,Product Team,RetailCo,Portal,false,6.3
SUP-2000425,Billing Issue - MedGroup,Billing Issue,Low,Escalated,2024-01-22 19:43:22,2024-01-24 13:10:15,,laura.smith,Finance Support,MedGroup,Chat,false,
SUP-2000426,Integration Problem - TechStart Inc,Integration Problem,Medium,Closed,2024-01-19 09:58:02,2024-01-20 23:22:36,2024-01-20 23:37:36,alex.chen,Integration Team,TechStart Inc,Email,false,8.0
SUP-2000427,Integration Problem - Acme Corp,Integration Problem,Medium,Closed,2024-01-23 14:53:32,2024-01-27 12:12:35,2024-01-27 12:30:35,laura.smith,Integration Team,Acme Corp,Portal,false,
SUP-2000428,Performance Issue - RetailCo,Performance Issue,Critical,Closed,2024-01-09 14:52:05,2024-01-09 18:42:28,2024-01-09 19:22:28,laura.smith,Engineering,RetailCo,Chat,false,
SUP-2000429,Integration Problem - CityCouncil,Integration Problem,Medium,Closed,2024-01-26 10:15:04,2024-01-27 20:38:03,2024-01-27 20:52:03,sofia.moreau,Integration Team,CityCouncil,Portal,false,
SUP-2000430,Billing Issue - Individual,Billing Issue,High,Closed,2024-01-16 15:57:38,2024-01-16 22:00:05,2024-01-16 22:58:05,ryan.kim,Finance Support,Individual,Phone,false,7.6
SUP-2000431,Account Management - Individual,Account Management,Medium,Closed,2024-01-11 06:42:11,2024-01-11 19:40:19,2024-01-11 19:45:19,maya.patel,Account Team,Individual,Portal,false,7.2
SUP-2000432,Technical Support - TechStart Inc,Technical Support,High,Closed,2024-01-08 10:20:46,2024-01-08 14:29:42,2024-01-08 15:23:42,jennifer.wu,Technical Team,TechStart Inc,Portal,false,
SUP-2000433,Performance Issue - MedGroup,Performance Issue,Medium,Closed,2024-01-26 13:05:11,2024-01-28 22:09:39,2024-01-28 22:28:39,ryan.kim,Engineering,MedGroup,Phone,false,5.6
SUP-2000434,Technical Support - StartupXYZ,Technical Support,Medium,Reopened,2024-01-05 10:35:47,2024-01-06 16:24:09,,maya.patel,Technical Team,StartupXYZ,Email,false,
SUP-2000435,Billing Issue - Acme Corp,Billing Issue,Medium,Closed,2024-01-05 08:50:59,2024-01-07 22:54:44,2024-01-07 23:26:44,maya.patel,Finance Support,Acme Corp,Chat,false,6.3
SUP-2000436,Billing Issue - RetailCo,Billing Issue,Medium,Closed,2024-01-23 10:55:25,2024-01-24 22:03:08,2024-01-24 22:48:08,alex.chen,Finance Support,RetailCo,Portal,false,
SUP-2000437,Data Export/Import - UniServices,Data Export/Import,Low,Closed,2024-01-26 12:17:05,2024-01-29 16:50:11,2024-01-29 17:43:11,maya.patel,Technical Team,UniServices,Email,false,7.2
SUP-2000438,Data Export/Import - TechStart Inc,Data Export/Import,Low,Closed,2024-01-09 05:53:19,2024-01-14 12:45:17,2024-01-14 12:52:17,carlos.silva,Technical Team,TechStart Inc,Phone,false,6.8
SUP-2000439,Technical Support - Individual,Technical Support,Medium,Reopened,2024-01-02 14:26:20,2024-01-03 15:32:26,,carlos.silva,Technical Team,Individual,Phone,false,
SUP-2000440,Billing Issue - Acme Corp,Billing Issue,High,Reopened,2024-01-20 08:50:47,2024-01-21 23:08:22,,thomas.berg,Finance Support,Acme Corp,Phone,false,
SUP-2000441,Billing Issue - CityCouncil,Billing Issue,High,Closed,2024-01-25 01:03:12,2024-01-25 09:17:23,2024-01-25 10:05:23,carlos.silva,Finance Support,CityCouncil,Chat,false,8.3
SUP-2000442,Billing Issue - Global Finance,Billing Issue,Critical,Closed,2024-01-24 01:01:38,2024-01-24 02:32:25,2024-01-24 02:37:25,alex.chen,Finance Support,Global Finance,Email,false,7.8
SUP-2000443,Performance Issue - RetailCo,Performance Issue,High,Closed,2024-01-12 11:18:07,2024-01-12 20:25:24,2024-01-12 20:44:24,sofia.moreau,Engineering,RetailCo,Email,false,6.4
SUP-2000444,Data Export/Import - UniServices,Data Export/Import,High,Closed,2024-01-11 14:28:54,2024-01-11 21:21:45,2024-01-11 21:49:45,jennifer.wu,Technical Team,UniServices,Email,false,8.0
SUP-2000445,Feature Request - Acme Corp,Feature Request,High,Reopened,2024-01-24 13:02:25,2024-01-25 04:39:42,,carlos.silva,Product Team,Acme Corp,Chat,false,
SUP-2000446,Feature Request - TechStart Inc,Feature Request,Medium,Closed,2024-01-06 03:15:25,2024-01-17 22:40:49,2024-01-17 23:03:49,thomas.berg,Product Team,TechStart Inc,Chat,true,5.2
SUP-2000447,Billing Issue - Acme Corp,Billing Issue,Medium,Closed,2024-01-04 13:10:51,2024-01-05 16:50:11,2024-01-05 17:12:11,alex.chen,Finance Support,Acme Corp,Phone,false,
SUP-2000448,Data Export/Import - UniServices,Data Export/Import,Low,Closed,2024-01-08 11:53:33,2024-01-15 10:53:09,2024-01-15 11:05:09,sofia.moreau,Technical Team,UniServices,Phone,false,
SUP-2000449,Integration Problem - CityCouncil,Integration Problem,High,Closed,2024-01-26 10:23:07,2024-01-27 00:06:26,2024-01-27 00:23:26,laura.smith,Integration Team,CityCouncil,Phone,false,5.7
SUP-2000450,Feature Request - StartupXYZ,Feature Request,Medium,Closed,2024-01-13 21:25:37,2024-01-14 09:13:37,2024-01-14 09:23:37,laura.smith,Product Team,StartupXYZ,Phone,false,7.2
SUP-2000451,Data Export/Import - Acme Corp,Data Export/Import,Low,Closed,2024-01-22 13:48:49,2024-01-31 19:48:59,2024-01-31 20:04:59,thomas.berg,Technical Team,Acme Corp,Portal,false,6.6
SUP-2000452,Data Export/Import - Global Finance,Data Export/Import,Medium,Closed,2024-01-22 11:23:03,2024-01-23 13:42:44,2024-01-23 13:55:44,maya.patel,Technical Team,Global Finance,Email,false,6.1
SUP-2000453,Billing Issue - Individual,Billing Issue,Critical,Closed,2024-01-01 15:20:34,2024-01-01 16:23:49,2024-01-01 16:37:49,sofia.moreau,Finance Support,Individual,Phone,false,6.6
SUP-2000454,Feature Request - MedGroup,Feature Request,Medium,Closed,2024-01-17 15:20:21,2024-01-30 17:26:26,2024-01-30 17:50:26,ryan.kim,Product Team,MedGroup,Email,true,4.0
SUP-2000455,Technical Support - Acme Corp,Technical Support,Medium,Closed,2024-01-16 06:09:27,2024-01-17 23:42:36,2024-01-18 00:34:36,carlos.silva,Technical Team,Acme Corp,Email,false,6.2
SUP-2000456,Account Management - RetailCo,Account Management,Medium,Closed,2024-01-13 08:14:42,2024-01-15 18:24:59,2024-01-15 18:40:59,sofia.moreau,Account Team,RetailCo,Email,false,
SUP-2000457,Performance Issue - MedGroup,Performance Issue,Critical,Closed,2024-01-03 14:05:08,2024-01-03 17:08:46,2024-01-03 17:21:46,maya.patel,Engineering,MedGroup,Chat,false,6.3
SUP-2000458,Billing Issue - Acme Corp,Billing Issue,Low,Closed,2024-01-12 06:39:33,2024-01-16 07:39:41,2024-01-16 07:59:41,carlos.silva,Finance Support,Acme Corp,Email,false,5.0
SUP-2000459,Billing Issue - CityCouncil,Billing Issue,Medium,Closed,2024-01-05 09:29:57,2024-01-06 13:25:05,2024-01-06 14:09:05,carlos.silva,Finance Support,CityCouncil,Phone,false,7.4
SUP-2000460,Feature Request - MedGroup,Feature Request,Medium,Closed,2024-01-09 09:28:08,2024-01-12 04:00:27,2024-01-12 04:46:27,jennifer.wu,Product Team,MedGroup,Chat,false,5.2
SUP-2000461,Account Management - StartupXYZ,Account Management,Low,Closed,2024-01-04 12:50:50,2024-01-07 05:20:04,2024-01-07 06:01:04,sofia.moreau,Account Team,StartupXYZ,Phone,false,6.6
SUP-2000462,Integration Problem - RetailCo,Integration Problem,Critical,Reopened,2024-01-12 15:05:45,2024-01-12 20:10:57,,thomas.berg,Integration Team,RetailCo,Portal,false,
SUP-2000463,Feature Request - Acme Corp,Feature Request,Medium,Closed,2024-01-03 10:57:44,2024-01-05 19:08:34,2024-01-05 19:53:34,jennifer.wu,Product Team,Acme Corp,Phone,false,6.2
SUP-2000464,Integration Problem - RetailCo,Integration Problem,High,Escalated,2024-01-23 11:10:55,2024-01-24 05:00:29,,thomas.berg,Integration Team,RetailCo,Phone,false,
SUP-2000465,Account Management - MedGroup,Account Management,Low,Closed,2024-01-18 11:06:05,2024-01-21 06:57:00,2024-01-21 07:49:00,sofia.moreau,Account Team,MedGroup,Chat,false,5.1
SUP-2000466,Integration Problem - Individual,Integration Problem,High,Closed,2024-01-08 10:31:48,2024-01-08 20:21:47,2024-01-08 20:46:47,thomas.berg,Integration Team,Individual,Phone,false,6.4
SUP-2000467,Performance Issue - TechStart Inc,Performance Issue,Medium,Closed,2024-01-17 14:20:08,2024-01-19 09:31:35,2024-01-19 10:23:35,alex.chen,Engineering,TechStart Inc,Phone,false,
SUP-2000468,Billing Issue - TechStart Inc,Billing Issue,Low,Closed,2024-01-16 13:31:14,2024-01-18 09:24:03,2024-01-18 09:46:03,sofia.moreau,Finance Support,TechStart Inc,Chat,false,6.5
SUP-2000469,Performance Issue - UniServices,Performance Issue,Low,Closed,2024-01-08 09:17:50,2024-01-09 10:55:31,2024-01-09 11:52:31,sofia.moreau,Engineering,UniServices,Email,false,
SUP-2000470,Technical Support - Acme Corp,Technical Support,Medium,Closed,2024-01-09 09:11:53,2024-01-10 22:14:29,2024-01-10 22:48:29,laura.smith,Technical Team,Acme Corp,Portal,false,6.0
SUP-2000471,Data Export/Import - Acme Corp,Data Export/Import,Medium,Closed,2024-01-11 12:20:39,2024-01-15 12:11:03,2024-01-15 12:37:03,ryan.kim,Technical Team,Acme Corp,Phone,false,6.2
SUP-2000472,Feature Request - Global Finance,Feature Request,Medium,Escalated,2024-01-04 17:11:27,2024-01-06 09:30:56,,carlos.silva,Product Team,Global Finance,Email,false,
SUP-2000473,Technical Support - Acme Corp,Technical Support,Medium,Reopened,2024-01-12 11:35:52,2024-01-12 17:37:40,,jennifer.wu,Technical Team,Acme Corp,Email,false,
SUP-2000474,Billing Issue - Individual,Billing Issue,Medium,Closed,2024-01-23 08:14:06,2024-01-23 13:14:14,2024-01-23 13:37:14,jennifer.wu,Finance Support,Individual,Portal,false,
SUP-2000475,Performance Issue - UniServices,Performance Issue,Low,Closed,2024-01-20 12:04:23,2024-01-24 12:17:12,2024-01-24 12:28:12,carlos.silva,Engineering,UniServices,Chat,false,
SUP-2000476,Account Management - StartupXYZ,Account Management,High,Closed,2024-01-10 04:18:50,2024-01-10 10:19:19,2024-01-10 11:12:19,ryan.kim,Account Team,StartupXYZ,Email,false,
SUP-2000477,Integration Problem - StartupXYZ,Integration Problem,Medium,Closed,2024-01-01 14:15:39,2024-01-03 00:16:17,2024-01-03 01:01:17,jennifer.wu,Integration Team,StartupXYZ,Chat,false,6.6
SUP-2000478,Billing Issue - Acme Corp,Billing Issue,Medium,Closed,2024-01-08 15:24:58,2024-01-12 00:35:46,2024-01-12 01:34:46,thomas.berg,Finance Support,Acme Corp,Email,false,5.3
SUP-2000479,Account Management - RetailCo,Account Management,Medium,Reopened,2024-01-12 08:17:54,2024-01-15 23:54:40,,thomas.berg,Account Team,RetailCo,Portal,false,
SUP-2000480,Technical Support - Global Finance,Technical Support,Low,Closed,2024-01-25 21:48:36,2024-01-26 15:07:16,2024-01-26 15:30:16,carlos.silva,Technical Team,Global Finance,Portal,false,
SUP-2000481,Performance Issue - RetailCo,Performance Issue,Low,Closed,2024-01-17 13:54:26,2024-01-20 20:40:50,2024-01-20 21:23:50,alex.chen,Engineering,RetailCo,Email,false,7.8
SUP-2000482,Billing Issue - Global Finance,Billing Issue,High,Reopened,2024-01-15 10:49:04,2024-01-15 12:32:07,,maya.patel,Finance Support,Global Finance,Email,false,
SUP-2000483,Integration Problem - TechStart Inc,Integration Problem,Low,Closed,2024-01-22 13:20:29,2024-01-28 06:22:40,2024-01-28 06:46:40,alex.chen,Integration Team,TechStart Inc,Chat,false,7.0
SUP-2000484,Integration Problem - Global Finance,Integration Problem,Medium,Reopened,2024-01-02 08:18:42,2024-01-04 08:23:38,,carlos.silva,Integration Team,Global Finance,Phone,false,
SUP-2000485,Performance Issue - MedGroup,Performance Issue,Low,Escalated,2024-01-23 13:25:20,2024-01-24 23:32:47,,maya.patel,Engineering,MedGroup,Portal,false,
SUP-2000486,Integration Problem - MedGroup,Integration Problem,Medium,Closed,2024-01-19 17:32:47,2024-01-21 18:27:24,2024-01-21 19:27:24,laura.smith,Integration Team,MedGroup,Email,false,
SUP-2000487,Technical Support - RetailCo,Technical Support,Medium,Closed,2024-01-18 03:32:45,2024-01-18 20:56:32,2024-01-18 21:39:32,laura.smith,Technical Team,RetailCo,Portal,false,6.0
SUP-2000488,Technical Support - Global Finance,Technical Support,Medium,Closed,2024-01-01 10:31:51,2024-01-02 10:12:14,2024-01-02 10:53:14,jennifer.wu,Technical Team,Global Finance,Email,false,7.1
SUP-2000489,Account Management - Global Finance,Account Management,Medium,Closed,2024-01-08 16:03:05,2024-01-09 10:26:42,2024-01-09 10:46:42,laura.smith,Account Team,Global Finance,Email,false,5.9
SUP-2000490,Technical Support - TechStart Inc,Technical Support,Low,Closed,2024-01-26 07:00:31,2024-02-05 10:14:49,2024-02-05 10:42:49,jennifer.wu,Technical Team,TechStart Inc,Phone,true,6.8
SUP-2000491,Account Management - TechStart Inc,Account Management,High,Closed,2024-01-19 15:41:46,2024-01-19 23:05:15,2024-01-19 23:34:15,alex.chen,Account Team,TechStart Inc,Email,false,7.3
SUP-2000492,Technical Support - CityCouncil,Technical Support,Low,Closed,2024-01-25 21:12:49,2024-02-01 23:01:53,2024-02-01 23:26:53,maya.patel,Technical Team,CityCouncil,Portal,false,7.3
SUP-2000493,Technical Support - StartupXYZ,Technical Support,High,Closed,2024-01-12 10:55:01,2024-01-13 02:56:50,2024-01-13 03:54:50,laura.smith,Technical Team,StartupXYZ,Email,false,
SUP-2000494,Performance Issue - StartupXYZ,Performance Issue,Medium,Closed,2024-01-19 14:01:39,2024-01-21 21:52:46,2024-01-21 22:30:46,ryan.kim,Engineering,StartupXYZ,Chat,false,
SUP-2000495,Feature Request - Acme Corp,Feature Request,Low,Closed,2024-01-02 11:16:26,2024-01-05 01:41:39,2024-01-05 02:33:39,maya.patel,Product Team,Acme Corp,Chat,false,4.9
SUP-2000496,Performance Issue - MedGroup,Performance Issue,Medium,Closed,2024-01-22 10:25:22,2024-01-28 23:26:28,2024-01-28 23:54:28,jennifer.wu,Engineering,MedGroup,Email,true,6.1
SUP-2000497,Billing Issue - Acme Corp,Billing Issue,High,Closed,2024-01-10 17:05:36,2024-01-10 21:46:06,2024-01-10 21:56:06,laura.smith,Finance Support,Acme Corp,Email,false,6.7
SUP-2000498,Technical Support - Individual,Technical Support,Low,Closed,2024-01-23 08:04:23,2024-01-27 00:15:29,2024-01-27 01:05:29,ryan.kim,Technical Team,Individual,Phone,false,6.6
SUP-2000499,Account Management - TechStart Inc,Account Management,High,Closed,2024-01-10 15:41:55,2024-01-11 08:29:19,2024-01-11 08:53:19,ryan.kim,Account Team,TechStart Inc,Phone,false,
SUP-2000500,Feature Request - Individual,Feature Request,Medium,Escalated,2024-01-22 12:58:20,2024-01-24 09:03:16,,carlos.silva,Product Team,Individual,Portal,false,
SUP-2000501,Technical Support - UniServices,Technical Support,High,Closed,2024-01-17 22:02:39,2024-01-18 14:25:26,2024-01-18 15:09:26,carlos.silva,Technical Team,UniServices,Email,false,6.6
SUP-2000502,Billing Issue - TechStart Inc,Billing Issue,Low,Closed,2024-01-01 04:57:49,2024-01-16 02:29:32,2024-01-16 02:35:32,laura.smith,Finance Support,TechStart Inc,Chat,true,7.2
SUP-2000503,Billing Issue - RetailCo,Billing Issue,Low,Closed,2024-01-08 16:52:46,2024-01-09 20:18:04,2024-01-09 20:57:04,alex.chen,Finance Support,RetailCo,Chat,false,8.4
SUP-2000504,Billing Issue - Global Finance,Billing Issue,Low,Closed,2024-01-18 11:58:05,2024-01-23 19:37:13,2024-01-23 19:49:13,carlos.silva,Finance Support,Global Finance,Phone,false,6.8
SUP-2000505,Integration Problem - Global Finance,Integration Problem,High,Closed,2024-01-22 11:23:03,2024-01-23 17:02:59,2024-01-23 17:45:59,jennifer.wu,Integration Team,Global Finance,Phone,true,6.3
SUP-2000506,Billing Issue - Global Finance,Billing Issue,Medium,Closed,2024-01-23 11:46:31,2024-01-25 15:03:39,2024-01-25 15:57:39,carlos.silva,Finance Support,Global Finance,Portal,false,6.9
SUP-2000507,Technical Support - MedGroup,Technical Support,Low,Closed,2024-01-20 08:25:20,2024-01-25 02:27:59,2024-01-25 03:13:59,alex.chen,Technical Team,MedGroup,Email,false,6.2
SUP-2000508,Technical Support - Global Finance,Technical Support,Medium,Closed,2024-01-04 13:42:25,2024-01-06 08:12:20,2024-01-06 09:09:20,carlos.silva,Technical Team,Global Finance,Phone,false,6.2
SUP-2000509,Billing Issue - Acme Corp,Billing Issue,Low,Closed,2024-01-05 13:23:00,2024-01-12 18:28:04,2024-01-12 19:14:04,thomas.berg,Finance Support,Acme Corp,Portal,false,4.8
SUP-2000510,Technical Support - Acme Corp,Technical Support,Medium,Reopened,2024-01-26 15:38:17,2024-01-30 06:32:56,,thomas.berg,Technical Team,Acme Corp,Email,false,
SUP-2000511,Feature Request - Acme Corp,Feature Request,High,Closed,2024-01-25 08:27:02,2024-01-25 17:05:15,2024-01-25 17:46:15,maya.patel,Product Team,Acme Corp,Portal,false,6.2
SUP-2000512,Integration Problem - Acme Corp,Integration Problem,High,Closed,2024-01-19 11:52:55,2024-01-20 01:07:17,2024-01-20 01:27:17,maya.patel,Integration Team,Acme Corp,Chat,false,
SUP-2000513,Performance Issue - Global Finance,Performance Issue,Medium,Closed,2024-01-22 02:38:35,2024-01-26 00:07:09,2024-01-26 01:01:09,ryan.kim,Engineering,Global Finance,Email,false,
SUP-2000514,Billing Issue - TechStart Inc,Billing Issue,High,Closed,2024-01-25 13:45:39,2024-01-25 16:52:43,2024-01-25 17:46:43,laura.smith,Finance Support,TechStart Inc,Phone,false,6.8
SUP-2000515,Technical Support - Individual,Technical Support,Low,Closed,2024-01-16 13:50:56,2024-01-17 04:17:25,2024-01-17 04:49:25,laura.smith,Technical Team,Individual,Portal,false,8.1
SUP-2000516,Technical Support - RetailCo,Technical Support,Medium,Closed,2024-01-19 10:38:29,2024-01-19 23:54:29,2024-01-20 00:25:29,maya.patel,Technical Team,RetailCo,Chat,false,7.1
SUP-2000517,Data Export/Import - Individual,Data Export/Import,Medium,Closed,2024-01-24 13:54:51,2024-01-25 11:48:58,2024-01-25 12:20:58,jennifer.wu,Technical Team,Individual,Portal,false,7.9
SUP-2000518,Technical Support - MedGroup,Technical Support,Low,Closed,2024-01-04 09:16:14,2024-01-06 22:26:48,2024-01-06 23:05:48,laura.smith,Technical Team,MedGroup,Phone,false,7.2
SUP-2000519,Account Management - TechStart Inc,Account Management,Medium,Closed,2024-01-12 17:59:08,2024-01-13 00:12:13,2024-01-13 00:44:13,carlos.silva,Account Team,TechStart Inc,Chat,false,6.0
SUP-2000520,Technical Support - UniServices,Technical Support,Medium,Reopened,2024-01-11 15:03:14,2024-01-11 23:40:39,,jennifer.wu,Technical Team,UniServices,Phone,false,
SUP-2000521,Performance Issue - Acme Corp,Performance Issue,High,Escalated,2024-01-08 02:17:59,2024-01-09 00:53:16,,carlos.silva,Engineering,Acme Corp,Email,false,
SUP-2000522,Account Management - UniServices,Account Management,Medium,Closed,2024-01-20 13:06:52,2024-01-20 20:17:42,2024-01-20 20:27:42,sofia.moreau,Account Team,UniServices,Phone,false,
SUP-2000523,Data Export/Import - Global Finance,Data Export/Import,High,Closed,2024-01-05 09:51:40,2024-01-06 13:46:23,2024-01-06 14:26:23,thomas.berg,Technical Team,Global Finance,Chat,true,
SUP-2000524,Feature Request - Acme Corp,Feature Request,High,Closed,2024-01-22 09:15:38,2024-01-23 16:30:09,2024-01-23 16:36:09,laura.smith,Product Team,Acme Corp,Email,true,6.3
SUP-2000525,Account Management - UniServices,Account Management,Medium,Closed,2024-01-23 10:18:15,2024-01-24 06:00:04,2024-01-24 06:17:04,jennifer.wu,Account Team,UniServices,Portal,false,7.2
SUP-2000526,Technical Support - Individual,Technical Support,Critical,Closed,2024-01-27 14:18:04,2024-01-27 15:11:39,2024-01-27 15:16:39,alex.chen,Technical Team,Individual,Email,false,8.5
SUP-2000527,Technical Support - TechStart Inc,Technical Support,Medium,Closed,2024-01-02 11:57:25,2024-01-03 16:58:11,2024-01-03 17:34:11,maya.patel,Technical Team,TechStart Inc,Phone,false,9.1
SUP-2000528,Integration Problem - Global Finance,Integration Problem,High,Reopened,2024-01-26 16:09:54,2024-01-27 14:24:49,,thomas.berg,Integration Team,Global Finance,Email,false,
SUP-2000529,Data Export/Import - Global Finance,Data Export/Import,Medium,Closed,2024-01-08 09:27:26,2024-01-11 01:56:10,2024-01-11 02:22:10,ryan.kim,Technical Team,Global Finance,Chat,false,5.3
SUP-2000530,Data Export/Import - Acme Corp,Data Export/Import,High,Reopened,2024-01-26 13:48:22,2024-01-26 21:27:14,,sofia.moreau,Technical Team,Acme Corp,Email,false,
SUP-2000531,Integration Problem - TechStart Inc,Integration Problem,Critical,Closed,2024-01-23 13:39:31,2024-01-23 16:58:33,2024-01-23 17:26:33,carlos.silva,Integration Team,TechStart Inc,Email,false,6.1
SUP-2000532,Data Export/Import - Global Finance,Data Export/Import,Low,Closed,2024-01-05 09:50:39,2024-01-07 08:40:11,2024-01-07 08:47:11,laura.smith,Technical Team,Global Finance,Email,false,7.2
SUP-2000533,Technical Support - CityCouncil,Technical Support,Medium,Closed,2024-01-03 00:15:56,2024-01-05 08:40:50,2024-01-05 08:48:50,carlos.silva,Technical Team,CityCouncil,Email,false,6.2
SUP-2000534,Performance Issue - Global Finance,Performance Issue,Low,Closed,2024-01-22 08:03:41,2024-01-25 06:53:40,2024-01-25 07:30:40,sofia.moreau,Engineering,Global Finance,Chat,false,
SUP-2000535,Feature Request - Global Finance,Feature Request,High,Closed,2024-01-11 13:24:39,2024-01-11 20:34:54,2024-01-11 20:49:54,jennifer.wu,Product Team,Global Finance,Phone,false,5.2
SUP-2000536,Technical Support - MedGroup,Technical Support,Medium,Closed,2024-01-22 11:58:42,2024-01-24 14:35:16,2024-01-24 14:55:16,thomas.berg,Technical Team,MedGroup,Phone,false,4.6
SUP-2000537,Technical Support - RetailCo,Technical Support,High,Closed,2024-01-12 11:21:02,2024-01-12 19:32:46,2024-01-12 20:18:46,maya.patel,Technical Team,RetailCo,Phone,false,
SUP-2000538,Technical Support - Acme Corp,Technical Support,Low,Closed,2024-01-11 14:11:40,2024-01-13 05:04:37,2024-01-13 05:25:37,jennifer.wu,Technical Team,Acme Corp,Email,false,6.4
SUP-2000539,Technical Support - TechStart Inc,Technical Support,Critical,Escalated,2024-01-09 16:44:37,2024-01-09 19:47:24,,sofia.moreau,Technical Team,TechStart Inc,Chat,false,
SUP-2000540,Integration Problem - Acme Corp,Integration Problem,Medium,Escalated,2024-01-26 10:49:41,2024-01-27 14:15:44,,thomas.berg,Integration Team,Acme Corp,Portal,false,
SUP-2000541,Performance Issue - Acme Corp,Performance Issue,Low,Reopened,2024-01-23 08:07:44,2024-01-29 10:03:48,,carlos.silva,Engineering,Acme Corp,Portal,false,
SUP-2000542,Account Management - UniServices,Account Management,Medium,Closed,2024-01-01 16:16:00,2024-01-06 00:23:35,2024-01-06 00:43:35,thomas.berg,Account Team,UniServices,Email,true,5.3
SUP-2000543,Account Management - TechStart Inc,Account Management,Medium,Closed,2024-01-06 14:56:01,2024-01-07 08:49:27,2024-01-07 09:31:27,maya.patel,Account Team,TechStart Inc,Chat,false,
SUP-2000544,Feature Request - Global Finance,Feature Request,High,Closed,2024-01-23 03:33:16,2024-01-24 17:33:37,2024-01-24 18:23:37,carlos.silva,Product Team,Global Finance,Email,true,3.9
SUP-2000545,Technical Support - StartupXYZ,Technical Support,Low,Closed,2024-01-02 11:50:40,2024-01-11 08:36:45,2024-01-11 09:08:45,jennifer.wu,Technical Team,StartupXYZ,Phone,false,
SUP-2000546,Account Management - UniServices,Account Management,Medium,Escalated,2024-01-23 10:41:04,2024-01-23 16:56:28,,sofia.moreau,Account Team,UniServices,Portal,false,
SUP-2000547,Billing Issue - RetailCo,Billing Issue,High,Reopened,2024-01-05 14:11:33,2024-01-05 22:52:55,,sofia.moreau,Finance Support,RetailCo,Phone,false,
SUP-2000548,Technical Support - MedGroup,Technical Support,Medium,Closed,2024-01-20 10:53:42,2024-01-23 09:41:52,2024-01-23 10:22:52,jennifer.wu,Technical Team,MedGroup,Phone,false,
SUP-2000549,Billing Issue - MedGroup,Billing Issue,High,Closed,2024-01-10 08:53:12,2024-01-11 01:55:15,2024-01-11 02:22:15,alex.chen,Finance Support,MedGroup,Email,false,6.8
SUP-2000550,Technical Support - Acme Corp,Technical Support,Medium,Closed,2024-01-23 09:45:36,2024-01-25 07:18:11,2024-01-25 07:56:11,sofia.moreau,Technical Team,Acme Corp,Email,false,6.7
SUP-2000551,Technical Support - Acme Corp,Technical Support,Low,Closed,2024-01-08 09:31:40,2024-02-13 16:31:33,2024-02-13 16:53:33,thomas.berg,Technical Team,Acme Corp,Chat,true,
SUP-2000552,Billing Issue - Individual,Billing Issue,Medium,Reopened,2024-01-08 15:16:44,2024-01-09 16:27:12,,carlos.silva,Finance Support,Individual,Portal,false,
SUP-2000553,Billing Issue - StartupXYZ,Billing Issue,Medium,Closed,2024-01-16 10:32:05,2024-01-17 00:20:31,2024-01-17 01:16:31,jennifer.wu,Finance Support,StartupXYZ,Chat,false,7.8
SUP-2000554,Integration Problem - Global Finance,Integration Problem,Low,Closed,2024-01-15 11:01:08,2024-01-24 01:51:35,2024-01-24 02:17:35,alex.chen,Integration Team,Global Finance,Chat,false,6.3
SUP-2000555,Feature Request - StartupXYZ,Feature Request,Critical,Closed,2024-01-17 09:13:09,2024-01-17 10:46:55,2024-01-17 11:03:55,laura.smith,Product Team,StartupXYZ,Chat,false,7.2
SUP-2000556,Technical Support - Acme Corp,Technical Support,Medium,Escalated,2024-01-05 21:24:01,2024-01-06 15:48:58,,thomas.berg,Technical Team,Acme Corp,Email,false,
SUP-2000557,Billing Issue - RetailCo,Billing Issue,Medium,Closed,2024-01-16 22:58:16,2024-01-17 21:45:37,2024-01-17 22:26:37,alex.chen,Finance Support,RetailCo,Email,false,
SUP-2000558,Account Management - Global Finance,Account Management,High,Closed,2024-01-23 14:43:46,2024-01-24 00:19:11,2024-01-24 01:13:11,laura.smith,Account Team,Global Finance,Portal,false,5.3
SUP-2000559,Data Export/Import - Global Finance,Data Export/Import,Low,Escalated,2024-01-03 09:03:35,2024-01-06 06:14:06,,thomas.berg,Technical Team,Global Finance,Email,false,
SUP-2000560,Account Management - TechStart Inc,Account Management,Low,Closed,2024-01-02 13:05:09,2024-01-13 00:27:27,2024-01-13 01:11:27,thomas.berg,Account Team,TechStart Inc,Chat,true,5.7
SUP-2000561,Integration Problem - RetailCo,Integration Problem,Low,Escalated,2024-01-24 15:54:44,2024-01-27 13:47:36,,laura.smith,Integration Team,RetailCo,Chat,false,
SUP-2000562,Billing Issue - StartupXYZ,Billing Issue,Medium,Closed,2024-01-26 10:53:10,2024-01-27 04:56:11,2024-01-27 05:51:11,laura.smith,Finance Support,StartupXYZ,Phone,false,6.5
SUP-2000563,Integration Problem - Global Finance,Integration Problem,High,Closed,2024-01-08 14:19:04,2024-01-09 22:12:07,2024-01-09 23:11:07,thomas.berg,Integration Team,Global Finance,Email,true,
SUP-2000564,Feature Request - UniServices,Feature Request,Medium,Closed,2024-01-22 14:42:51,2024-01-25 08:39:28,2024-01-25 08:51:28,carlos.silva,Product Team,UniServices,Phone,false,5.5
SUP-2000565,Data Export/Import - RetailCo,Data Export/Import,Low,Closed,2024-01-10 11:20:28,2024-01-15 08:18:52,2024-01-15 08:34:52,laura.smith,Technical Team,RetailCo,Phone,false,7.4
SUP-2000566,Billing Issue - Acme Corp,Billing Issue,Low,Closed,2024-01-22 11:06:28,2024-01-27 00:42:30,2024-01-27 01:25:30,ryan.kim,Finance Support,Acme Corp,Phone,false,
SUP-2000567,Performance Issue - RetailCo,Performance Issue,Low,Reopened,2024-01-16 11:21:27,2024-01-25 17:10:15,,sofia.moreau,Engineering,RetailCo,Email,false,
SUP-2000568,Billing Issue - Acme Corp,Billing Issue,High,Closed,2024-01-24 11:02:48,2024-01-24 18:05:58,2024-01-24 18:14:58,carlos.silva,Finance Support,Acme Corp,Chat,false,
SUP-2000569,Billing Issue - TechStart Inc,Billing Issue,Medium,Closed,2024-01-04 08:44:41,2024-01-04 20:05:55,2024-01-04 20:36:55,maya.patel,Finance Support,TechStart Inc,Email,false,7.7
SUP-2000570,Technical Support - MedGroup,Technical Support,Medium,Closed,2024-01-22 11:57:49,2024-01-30 21:37:47,2024-01-30 22:23:47,ryan.kim,Technical Team,MedGroup,Phone,true,5.9
SUP-2000571,Technical Support - Acme Corp,Technical Support,Low,Escalated,2024-01-10 08:52:42,2024-01-20 06:42:39,,thomas.berg,Technical Team,Acme Corp,Chat,false,
SUP-2000572,Technical Support - Global Finance,Technical Support,Low,Closed,2024-01-17 08:38:28,2024-01-20 19:24:25,2024-01-20 20:01:25,maya.patel,Technical Team,Global Finance,Chat,false,
SUP-2000573,Feature Request - Individual,Feature Request,Low,Closed,2024-01-27 08:14:11,2024-02-02 12:54:42,2024-02-02 13:16:42,maya.patel,Product Team,Individual,Portal,false,
SUP-2000574,Feature Request - TechStart Inc,Feature Request,Low,Reopened,2024-01-03 13:57:16,2024-01-11 04:53:23,,carlos.silva,Product Team,TechStart Inc,Email,false,
SUP-2000575,Billing Issue - CityCouncil,Billing Issue,Low,Closed,2024-01-19 08:36:09,2024-01-24 04:02:12,2024-01-24 04:51:12,carlos.silva,Finance Support,CityCouncil,Phone,false,7.2
SUP-2000576,Billing Issue - UniServices,Billing Issue,Low,Escalated,2024-01-24 14:49:17,2024-01-27 17:16:22,,sofia.moreau,Finance Support,UniServices,Phone,false,
SUP-2000577,Billing Issue - RetailCo,Billing Issue,Medium,Closed,2024-01-11 15:55:04,2024-01-12 03:00:44,2024-01-12 03:31:44,alex.chen,Finance Support,RetailCo,Portal,false,6.9
SUP-2000578,Billing Issue - StartupXYZ,Billing Issue,High,Closed,2024-01-10 16:37:43,2024-01-10 19:16:15,2024-01-10 19:42:15,alex.chen,Finance Support,StartupXYZ,Chat,false,7.7
SUP-2000579,Feature Request - TechStart Inc,Feature Request,Medium,Closed,2024-01-18 03:55:36,2024-01-21 10:07:18,2024-01-21 10:41:18,ryan.kim,Product Team,TechStart Inc,Email,false,5.1
SUP-2000580,Technical Support - UniServices,Technical Support,High,Closed,2024-01-05 11:38:03,2024-01-05 15:40:53,2024-01-05 16:19:53,laura.smith,Technical Team,UniServices,Email,false,8.2
SUP-2000581,Feature Request - TechStart Inc,Feature Request,Low,Closed,2024-01-12 01:28:51,2024-01-16 19:59:19,2024-01-16 20:46:19,sofia.moreau,Product Team,TechStart Inc,Phone,false,6.1
SUP-2000582,Performance Issue - StartupXYZ,Performance Issue,Medium,Closed,2024-01-17 11:05:37,2024-01-18 01:37:51,2024-01-18 02:23:51,alex.chen,Engineering,StartupXYZ,Phone,false,8.3
SUP-2000583,Technical Support - TechStart Inc,Technical Support,Critical,Closed,2024-01-19 10:48:07,2024-01-19 12:55:37,2024-01-19 13:35:37,carlos.silva,Technical Team,TechStart Inc,Chat,false,5.6
SUP-2000584,Performance Issue - StartupXYZ,Performance Issue,High,Escalated,2024-01-04 08:29:03,2024-01-04 14:35:24,,ryan.kim,Engineering,StartupXYZ,Email,false,
SUP-2000585,Account Management - TechStart Inc,Account Management,High,Closed,2024-01-18 08:57:00,2024-01-18 17:45:41,2024-01-18 18:38:41,jennifer.wu,Account Team,TechStart Inc,Phone,false,6.7
SUP-2000586,Technical Support - RetailCo,Technical Support,Medium,Closed,2024-01-25 09:26:49,2024-01-26 06:26:58,2024-01-26 07:15:58,alex.chen,Technical Team,RetailCo,Phone,false,6.9
SUP-2000587,Data Export/Import - Global Finance,Data Export/Import,Medium,Closed,2024-01-19 08:14:16,2024-01-21 13:14:08,2024-01-21 13:53:08,thomas.berg,Technical Team,Global Finance,Chat,false,6.8
SUP-2000588,Integration Problem - Global Finance,Integration Problem,Low,Closed,2024-01-08 16:13:06,2024-01-20 08:25:34,2024-01-20 08:46:34,jennifer.wu,Integration Team,Global Finance,Email,true,5.2
SUP-2000589,Account Management - TechStart Inc,Account Management,Medium,Closed,2024-01-15 08:08:14,2024-01-17 16:09:36,2024-01-17 16:53:36,ryan.kim,Account Team,TechStart Inc,Chat,false,5.7
SUP-2000590,Account Management - MedGroup,Account Management,Critical,Closed,2024-01-12 15:27:50,2024-01-12 19:18:12,2024-01-12 19:53:12,jennifer.wu,Account Team,MedGroup,Portal,false,
SUP-2000591,Data Export/Import - Global Finance,Data Export/Import,High,Closed,2024-01-23 10:20:06,2024-01-23 17:28:41,2024-01-23 17:43:41,laura.smith,Technical Team,Global Finance,Portal,false,
SUP-2000592,Feature Request - StartupXYZ,Feature Request,Low,Escalated,2024-01-08 15:25:47,2024-01-11 14:46:56,,carlos.silva,Product Team,StartupXYZ,Portal,false,
SUP-2000593,Billing Issue - MedGroup,Billing Issue,Critical,Closed,2024-01-25 09:12:21,2024-01-25 12:41:57,2024-01-25 13:15:57,ryan.kim,Finance Support,MedGroup,Phone,false,6.4
SUP-2000594,Billing Issue - Acme Corp,Billing Issue,Medium,Closed,2024-01-16 09:51:38,2024-01-18 07:00:34,2024-01-18 07:38:34,laura.smith,Finance Support,Acme Corp,Phone,false,8.7
SUP-2000595,Billing Issue - Global Finance,Billing Issue,Low,Escalated,2024-01-08 10:43:31,2024-01-12 05:58:54,,sofia.moreau,Finance Support,Global Finance,Chat,false,
SUP-2000596,Data Export/Import - TechStart Inc,Data Export/Import,Low,Closed,2024-01-18 09:03:47,2024-01-26 09:28:30,2024-01-26 09:53:30,jennifer.wu,Technical Team,TechStart Inc,Chat,false,
SUP-2000597,Technical Support - UniServices,Technical Support,Critical,Closed,2024-01-26 12:21:45,2024-01-26 14:43:07,2024-01-26 15:20:07,laura.smith,Technical Team,UniServices,Portal,false,7.1
SUP-2000598,Integration Problem - RetailCo,Integration Problem,Low,Reopened,2024-01-15 09:18:29,2024-02-12 01:29:21,,carlos.silva,Integration Team,RetailCo,Portal,false,
SUP-2000599,Feature Request - RetailCo,Feature Request,Medium,Closed,2024-01-11 09:31:29,2024-01-13 16:42:04,2024-01-13 17:04:04,ryan.kim,Product Team,RetailCo,Phone,false,5.3
SUP-2000600,Integration Problem - MedGroup,Integration Problem,Medium,Closed,2024-01-01 10:37:19,2024-01-03 12:22:01,2024-01-03 12:29:01,maya.patel,Integration Team,MedGroup,Phone,false,
SUP-2000601,Billing Issue - StartupXYZ,Billing Issue,Critical,Closed,2024-01-25 08:54:10,2024-01-25 11:27:02,2024-01-25 11:50:02,carlos.silva,Finance Support,StartupXYZ,Phone,false,8.6
SUP-2000602,Account Management - MedGroup,Account Management,Critical,Closed,2024-01-15 14:50:08,2024-01-15 20:14:56,2024-01-15 20:35:56,carlos.silva,Account Team,MedGroup,Email,true,7.4
SUP-2000603,Account Management - StartupXYZ,Account Management,Critical,Closed,2024-01-26 10:37:48,2024-01-26 12:00:32,2024-01-26 12:05:32,carlos.silva,Account Team,StartupXYZ,Portal,false,7.0
SUP-2000604,Data Export/Import - Acme Corp,Data Export/Import,High,Closed,2024-01-11 17:15:11,2024-01-12 01:04:37,2024-01-12 01:58:37,carlos.silva,Technical Team,Acme Corp,Chat,false,6.1
SUP-2000605,Billing Issue - Global Finance,Billing Issue,Low,Closed,2024-01-01 12:29:26,2024-01-07 00:17:27,2024-01-07 01:16:27,ryan.kim,Finance Support,Global Finance,Phone,false,6.5
SUP-2000606,Feature Request - Global Finance,Feature Request,Medium,Closed,2024-01-26 08:56:47,2024-01-28 02:09:50,2024-01-28 02:54:50,alex.chen,Product Team,Global Finance,Portal,false,5.5
SUP-2000607,Feature Request - TechStart Inc,Feature Request,Low,Closed,2024-01-11 11:42:09,2024-01-12 01:41:27,2024-01-12 02:29:27,laura.smith,Product Team,TechStart Inc,Chat,false,5.9
SUP-2000608,Feature Request - Individual,Feature Request,Medium,Closed,2024-01-18 22:56:25,2024-01-19 18:08:42,2024-01-19 18:23:42,ryan.kim,Product Team,Individual,Portal,false,5.5
SUP-2000609,Integration Problem - Individual,Integration Problem,Medium,Closed,2024-01-02 04:20:18,2024-01-02 19:06:25,2024-01-02 19:39:25,maya.patel,Integration Team,Individual,Chat,false,6.3
SUP-2000610,Performance Issue - Individual,Performance Issue,High,Closed,2024-01-15 16:47:34,2024-01-16 08:52:56,2024-01-16 09:41:56,carlos.silva,Engineering,Individual,Portal,false,8.5
SUP-2000611,Technical Support - Global Finance,Technical Support,High,Closed,2024-01-10 14:20:55,2024-01-10 22:11:11,2024-01-10 22:22:11,jennifer.wu,Technical Team,Global Finance,Email,false,
SUP-2000612,Integration Problem - Acme Corp,Integration Problem,Medium,Closed,2024-01-19 13:33:19,2024-01-22 09:56:58,2024-01-22 10:42:58,laura.smith,Integration Team,Acme Corp,Chat,false,6.9
SUP-2000613,Integration Problem - CityCouncil,Integration Problem,Medium,Closed,2024-01-18 14:59:24,2024-01-19 03:17:59,2024-01-19 03:53:59,maya.patel,Integration Team,CityCouncil,Portal,false,7.5
SUP-2000614,Performance Issue - Global Finance,Performance Issue,High,Closed,2024-01-26 13:24:32,2024-01-26 20:11:34,2024-01-26 20:49:34,maya.patel,Engineering,Global Finance,Email,false,6.0
SUP-2000615,Account Management - RetailCo,Account Management,Low,Closed,2024-01-15 05:26:10,2024-01-16 03:07:14,2024-01-16 03:25:14,alex.chen,Account Team,RetailCo,Phone,false,7.0
SUP-2000616,Technical Support - RetailCo,Technical Support,High,Closed,2024-01-15 14:28:34,2024-01-15 21:59:43,2024-01-15 22:37:43,thomas.berg,Technical Team,RetailCo,Chat,false,4.8
SUP-2000617,Billing Issue - TechStart Inc,Billing Issue,High,Escalated,2024-01-25 13:44:02,2024-01-25 21:30:37,,carlos.silva,Finance Support,TechStart Inc,Phone,false,
SUP-2000618,Technical Support - Global Finance,Technical Support,Medium,Reopened,2024-01-11 09:22:45,2024-01-14 06:43:45,,jennifer.wu,Technical Team,Global Finance,Portal,false,
SUP-2000619,Technical Support - Acme Corp,Technical Support,Medium,Closed,2024-01-17 06:11:33,2024-01-18 13:02:12,2024-01-18 13:21:12,jennifer.wu,Technical Team,Acme Corp,Chat,false,5.7
SUP-2000620,Performance Issue - Individual,Performance Issue,Critical,Closed,2024-01-01 15:58:09,2024-01-01 19:41:05,2024-01-01 20:26:05,ryan.kim,Engineering,Individual,Email,false,5.1
SUP-2000621,Account Management - Global Finance,Account Management,Low,Closed,2024-01-09 08:23:47,2024-01-15 11:58:11,2024-01-15 12:07:11,thomas.berg,Account Team,Global Finance,Chat,false,5.0
SUP-2000622,Integration Problem - TechStart Inc,Integration Problem,High,Closed,2024-01-03 09:21:33,2024-01-03 22:09:27,2024-01-03 22:59:27,alex.chen,Integration Team,TechStart Inc,Phone,false,6.8
SUP-2000623,Account Management - TechStart Inc,Account Management,Low,Closed,2024-01-11 14:30:48,2024-01-16 12:50:30,2024-01-16 13:12:30,laura.smith,Account Team,TechStart Inc,Portal,false,6.6
SUP-2000624,Account Management - Acme Corp,Account Management,Critical,Closed,2024-01-02 19:59:13,2024-01-02 21:52:56,2024-01-02 22:12:56,maya.patel,Account Team,Acme Corp,Chat,false,6.8
SUP-2000625,Account Management - TechStart Inc,Account Management,Low,Closed,2024-01-01 21:11:48,2024-01-04 02:04:56,2024-01-04 02:21:56,carlos.silva,Account Team,TechStart Inc,Portal,false,6.4
SUP-2000626,Technical Support - CityCouncil,Technical Support,Medium,Closed,2024-01-10 12:40:41,2024-01-11 03:38:07,2024-01-11 04:23:07,sofia.moreau,Technical Team,CityCouncil,Portal,false,6.7
SUP-2000627,Technical Support - StartupXYZ,Technical Support,High,Closed,2024-01-10 08:00:41,2024-01-10 12:17:42,2024-01-10 12:27:42,laura.smith,Technical Team,StartupXYZ,Email,false,
SUP-2000628,Performance Issue - CityCouncil,Performance Issue,High,Closed,2024-01-01 11:52:26,2024-01-02 02:27:29,2024-01-02 02:37:29,maya.patel,Engineering,CityCouncil,Email,false,
SUP-2000629,Feature Request - Acme Corp,Feature Request,Medium,Closed,2024-01-20 09:33:06,2024-01-21 15:06:34,2024-01-21 15:38:34,maya.patel,Product Team,Acme Corp,Chat,false,6.0
SUP-2000630,Billing Issue - MedGroup,Billing Issue,Medium,Closed,2024-01-24 09:29:58,2024-01-26 05:53:09,2024-01-26 06:31:09,carlos.silva,Finance Support,MedGroup,Chat,false,6.3
SUP-2000631,Performance Issue - RetailCo,Performance Issue,Medium,Closed,2024-01-12 09:57:42,2024-01-15 15:54:48,2024-01-15 16:14:48,jennifer.wu,Engineering,RetailCo,Chat,false,6.6
SUP-2000632,Integration Problem - Acme Corp,Integration Problem,Medium,Closed,2024-01-08 12:16:47,2024-01-09 08:24:19,2024-01-09 08:45:19,alex.chen,Integration Team,Acme Corp,Email,false,6.0
SUP-2000633,Data Export/Import - TechStart Inc,Data Export/Import,Low,Closed,2024-01-19 23:42:53,2024-01-21 20:59:30,2024-01-21 21:29:30,ryan.kim,Technical Team,TechStart Inc,Portal,false,
SUP-2000634,Integration Problem - Individual,Integration Problem,Medium,Closed,2024-01-15 14:16:30,2024-01-17 06:17:39,2024-01-17 06:57:39,ryan.kim,Integration Team,Individual,Phone,false,5.3
SUP-2000635,Technical Support - TechStart Inc,Technical Support,High,Escalated,2024-01-08 12:22:37,2024-01-08 19:59:07,,sofia.moreau,Technical Team,TechStart Inc,Portal,false,
SUP-2000636,Billing Issue - CityCouncil,Billing Issue,Medium,Closed,2024-01-17 16:54:10,2024-01-17 23:08:43,2024-01-17 23:58:43,jennifer.wu,Finance Support,CityCouncil,Phone,false,7.4
SUP-2000637,Account Management - RetailCo,Account Management,Medium,Closed,2024-01-11 11:18:14,2024-01-11 23:09:09,2024-01-12 00:08:09,sofia.moreau,Account Team,RetailCo,Chat,false,
SUP-2000638,Technical Support - TechStart Inc,Technical Support,High,Closed,2024-01-03 13:02:36,2024-01-04 06:40:20,2024-01-04 07:13:20,maya.patel,Technical Team,TechStart Inc,Chat,false,
SUP-2000639,Technical Support - UniServices,Technical Support,Medium,Closed,2024-01-08 10:45:43,2024-01-10 08:04:13,2024-01-10 08:59:13,sofia.moreau,Technical Team,UniServices,Email,false,6.3
SUP-2000640,Billing Issue - TechStart Inc,Billing Issue,Low,Closed,2024-01-09 13:57:18,2024-01-14 04:11:04,2024-01-14 05:05:04,carlos.silva,Finance Support,TechStart Inc,Email,false,
SUP-2000641,Technical Support - CityCouncil,Technical Support,Medium,Closed,2024-01-02 22:23:30,2024-01-04 17:39:04,2024-01-04 18:14:04,sofia.moreau,Technical Team,CityCouncil,Email,false,
SUP-2000642,Feature Request - Acme Corp,Feature Request,High,Closed,2024-01-01 14:26:23,2024-01-02 02:24:50,2024-01-02 02:47:50,jennifer.wu,Product Team,Acme Corp,Email,false,4.1
SUP-2000643,Account Management - CityCouncil,Account Management,Medium,Closed,2024-01-08 08:40:53,2024-01-10 14:18:07,2024-01-10 15:15:07,laura.smith,Account Team,CityCouncil,Email,false,6.6
SUP-2000644,Billing Issue - Individual,Billing Issue,Low,Closed,2024-01-03 14:20:35,2024-01-06 05:14:52,2024-01-06 05:57:52,sofia.moreau,Finance Support,Individual,Phone,false,7.4
SUP-2000645,Feature Request - Acme Corp,Feature Request,Critical,Closed,2024-01-19 09:38:54,2024-01-19 14:47:29,2024-01-19 15:22:29,carlos.silva,Product Team,Acme Corp,Phone,true,
SUP-2000646,Account Management - StartupXYZ,Account Management,Medium,Closed,2024-01-23 13:40:56,2024-01-23 20:10:10,2024-01-23 20:27:10,alex.chen,Account Team,StartupXYZ,Chat,false,7.1
SUP-2000647,Account Management - Individual,Account Management,Low,Closed,2024-01-09 13:52:41,2024-01-10 11:43:38,2024-01-10 12:11:38,sofia.moreau,Account Team,Individual,Chat,false,7.2
SUP-2000648,Integration Problem - MedGroup,Integration Problem,Medium,Closed,2024-01-26 12:58:19,2024-01-27 10:12:54,2024-01-27 10:25:54,maya.patel,Integration Team,MedGroup,Phone,false,
SUP-2000649,Account Management - TechStart Inc,Account Management,Medium,Closed,2024-01-18 11:51:24,2024-01-19 02:45:51,2024-01-19 03:28:51,alex.chen,Account Team,TechStart Inc,Chat,false,8.1
SUP-2000650,Billing Issue - MedGroup,Billing Issue,Critical,Reopened,2024-01-08 13:21:15,2024-01-08 13:58:22,,alex.chen,Finance Support,MedGroup,Phone,false,
SUP-2000651,Integration Problem - Acme Corp,Integration Problem,Low,Closed,2024-01-15 10:04:44,2024-01-16 16:41:57,2024-01-16 17:13:57,laura.smith,Integration Team,Acme Corp,Chat,false,7.1
SUP-2000652,Technical Support - Acme Corp,Technical Support,Low,Closed,2024-01-02 10:44:27,2024-01-07 20:23:54,2024-01-07 20:45:54,ryan.kim,Technical Team,Acme Corp,Email,false,6.3
SUP-2000653,Account Management - UniServices,Account Management,Medium,Reopened,2024-01-22 11:43:06,2024-01-23 07:54:52,,laura.smith,Account Team,UniServices,Phone,false,
SUP-2000654,Technical Support - RetailCo,Technical Support,Low,Closed,2024-01-12 12:03:55,2024-01-19 02:30:33,2024-01-19 02:47:33,jennifer.wu,Technical Team,RetailCo,Phone,false,6.2
SUP-2000655,Performance Issue - Acme Corp,Performance Issue,Medium,Escalated,2024-01-17 12:03:00,2024-01-18 10:00:03,,alex.chen,Engineering,Acme Corp,Chat,false,
SUP-2000656,Billing Issue - Acme Corp,Billing Issue,Critical,Closed,2024-01-07 14:12:19,2024-01-07 15:40:04,2024-01-07 16:38:04,laura.smith,Finance Support,Acme Corp,Chat,false,7.4
SUP-2000657,Billing Issue - Individual,Billing Issue,Medium,Closed,2024-01-22 02:26:33,2024-01-22 06:20:59,2024-01-22 06:50:59,laura.smith,Finance Support,Individual,Chat,false,9.1
SUP-2000658,Technical Support - UniServices,Technical Support,High,Closed,2024-01-08 10:14:18,2024-01-08 19:12:52,2024-01-08 19:42:52,alex.chen,Technical Team,UniServices,Phone,false,5.8
SUP-2000659,Integration Problem - RetailCo,Integration Problem,Medium,Closed,2024-01-18 09:25:32,2024-01-18 23:17:15,2024-01-19 00:01:15,alex.chen,Integration Team,RetailCo,Email,false,6.8
SUP-2000660,Billing Issue - StartupXYZ,Billing Issue,Medium,Closed,2024-01-10 11:43:18,2024-01-11 22:07:24,2024-01-11 22:21:24,jennifer.wu,Finance Support,StartupXYZ,Email,false,8.3
SUP-2000661,Account Management - TechStart Inc,Account Management,Critical,Closed,2024-01-12 08:07:12,2024-01-12 09:27:31,2024-01-12 09:55:31,jennifer.wu,Account Team,TechStart Inc,Email,false,
SUP-2000662,Feature Request - Individual,Feature Request,Critical,Closed,2024-01-19 10:38:26,2024-01-19 13:10:19,2024-01-19 13:39:19,laura.smith,Product Team,Individual,Portal,false,6.2
SUP-2000663,Feature Request - TechStart Inc,Feature Request,Low,Closed,2024-01-24 19:51:51,2024-01-26 15:43:54,2024-01-26 16:21:54,laura.smith,Product Team,TechStart Inc,Email,false,
SUP-2000664,Feature Request - StartupXYZ,Feature Request,Medium,Closed,2024-01-17 09:07:29,2024-01-18 08:12:43,2024-01-18 08:22:43,alex.chen,Product Team,StartupXYZ,Email,false,7.9
SUP-2000665,Technical Support - Acme Corp,Technical Support,Low,Closed,2024-01-23 15:00:52,2024-02-06 17:16:34,2024-02-06 18:07:34,carlos.silva,Technical Team,Acme Corp,Email,true,5.3
SUP-2000666,Technical Support - StartupXYZ,Technical Support,Low,Closed,2024-01-09 09:47:00,2024-01-16 03:58:54,2024-01-16 04:47:54,alex.chen,Technical Team,StartupXYZ,Email,false,6.7
SUP-2000667,Performance Issue - TechStart Inc,Performance Issue,Low,Closed,2024-01-25 17:05:18,2024-01-30 08:49:02,2024-01-30 08:57:02,laura.smith,Engineering,TechStart Inc,Chat,false,
SUP-2000668,Account Management - Acme Corp,Account Management,Medium,Closed,2024-01-25 10:23:40,2024-01-29 09:45:35,2024-01-29 10:40:35,carlos.silva,Account Team,Acme Corp,Portal,false,6.0
SUP-2000669,Account Management - UniServices,Account Management,Low,Closed,2024-01-02 11:51:31,2024-01-10 02:12:54,2024-01-10 02:56:54,sofia.moreau,Account Team,UniServices,Chat,false,8.6
SUP-2000670,Data Export/Import - StartupXYZ,Data Export/Import,High,Escalated,2024-01-10 07:17:10,2024-01-10 11:40:59,,jennifer.wu,Technical Team,StartupXYZ,Email,false,
SUP-2000671,Integration Problem - UniServices,Integration Problem,High,Closed,2024-01-17 10:46:21,2024-01-17 18:12:22,2024-01-17 18:25:22,alex.chen,Integration Team,UniServices,Portal,false,8.0
SUP-2000672,Performance Issue - MedGroup,Performance Issue,Critical,Closed,2024-01-17 09:04:46,2024-01-17 11:10:17,2024-01-17 11:39:17,jennifer.wu,Engineering,MedGroup,Chat,false,5.8
SUP-2000673,Integration Problem - Individual,Integration Problem,High,Closed,2024-01-08 11:39:29,2024-01-10 20:57:47,2024-01-10 21:09:47,carlos.silva,Integration Team,Individual,Email,true,6.4
SUP-2000674,Technical Support - MedGroup,Technical Support,High,Closed,2024-01-24 08:41:23,2024-01-25 08:32:49,2024-01-25 09:17:49,thomas.berg,Technical Team,MedGroup,Phone,false,5.6
SUP-2000675,Data Export/Import - UniServices,Data Export/Import,Medium,Closed,2024-01-02 15:56:59,2024-01-03 05:00:33,2024-01-03 05:53:33,sofia.moreau,Technical Team,UniServices,Chat,false,6.6
SUP-2000676,Account Management - MedGroup,Account Management,Critical,Escalated,2024-01-07 13:08:44,2024-01-07 15:25:16,,alex.chen,Account Team,MedGroup,Email,false,
SUP-2000677,Data Export/Import - Individual,Data Export/Import,Low,Closed,2024-01-09 10:59:12,2024-01-10 05:09:07,2024-01-10 05:27:07,sofia.moreau,Technical Team,Individual,Portal,false,7.5
SUP-2000678,Data Export/Import - StartupXYZ,Data Export/Import,Low,Closed,2024-01-03 12:41:37,2024-01-08 01:42:13,2024-01-08 02:24:13,laura.smith,Technical Team,StartupXYZ,Phone,false,7.8
SUP-2000679,Data Export/Import - Acme Corp,Data Export/Import,Medium,Closed,2024-01-10 08:35:49,2024-01-10 14:14:30,2024-01-10 15:09:30,alex.chen,Technical Team,Acme Corp,Chat,false,7.6
SUP-2000680,Feature Request - TechStart Inc,Feature Request,High,Closed,2024-01-22 15:56:46,2024-01-23 00:07:10,2024-01-23 00:15:10,carlos.silva,Product Team,TechStart Inc,Portal,false,6.3
SUP-2000681,Integration Problem - UniServices,Integration Problem,Low,Closed,2024-01-16 10:38:18,2024-02-02 06:22:49,2024-02-02 07:00:49,thomas.berg,Integration Team,UniServices,Chat,true,4.8
SUP-2000682,Integration Problem - UniServices,Integration Problem,High,Closed,2024-01-24 11:53:13,2024-01-24 19:18:00,2024-01-24 19:23:00,sofia.moreau,Integration Team,UniServices,Portal,false,
SUP-2000683,Technical Support - Global Finance,Technical Support,Medium,Closed,2024-01-18 11:14:07,2024-01-20 13:22:26,2024-01-20 14:12:26,maya.patel,Technical Team,Global Finance,Chat,false,5.5
SUP-2000684,Performance Issue - Acme Corp,Performance Issue,Medium,Closed,2024-01-10 08:01:32,2024-01-14 14:42:58,2024-01-14 14:47:58,laura.smith,Engineering,Acme Corp,Chat,true,6.4
SUP-2000685,Billing Issue - StartupXYZ,Billing Issue,Medium,Closed,2024-01-19 09:43:02,2024-01-21 00:00:45,2024-01-21 01:00:45,alex.chen,Finance Support,StartupXYZ,Phone,false,
SUP-2000686,Integration Problem - Acme Corp,Integration Problem,High,Closed,2024-01-03 11:50:25,2024-01-03 20:21:41,2024-01-03 20:37:41,maya.patel,Integration Team,Acme Corp,Portal,false,4.9
SUP-2000687,Technical Support - StartupXYZ,Technical Support,Medium,Closed,2024-01-19 13:19:25,2024-01-21 13:23:21,2024-01-21 14:22:21,carlos.silva,Technical Team,StartupXYZ,Chat,false,6.4
SUP-2000688,Feature Request - StartupXYZ,Feature Request,High,Closed,2024-01-19 04:01:19,2024-01-20 01:01:06,2024-01-20 01:39:06,laura.smith,Product Team,StartupXYZ,Portal,false,6.0
SUP-2000689,Technical Support - MedGroup,Technical Support,Medium,Reopened,2024-01-10 08:29:04,2024-01-11 08:22:37,,jennifer.wu,Technical Team,MedGroup,Email,false,
SUP-2000690,Data Export/Import - Global Finance,Data Export/Import,High,Escalated,2024-01-24 14:28:45,2024-01-25 09:14:46,,thomas.berg,Technical Team,Global Finance,Portal,false,
SUP-2000691,Technical Support - TechStart Inc,Technical Support,High,Closed,2024-01-09 08:39:41,2024-01-09 16:52:19,2024-01-09 17:30:19,laura.smith,Technical Team,TechStart Inc,Portal,false,
SUP-2000692,Feature Request - UniServices,Feature Request,Medium,Closed,2024-01-02 17:32:50,2024-01-03 00:58:45,2024-01-03 01:41:45,carlos.silva,Product Team,UniServices,Phone,false,5.9
SUP-2000693,Data Export/Import - Global Finance,Data Export/Import,Medium,Closed,2024-01-07 16:07:32,2024-01-12 02:17:35,2024-01-12 02:28:35,jennifer.wu,Technical Team,Global Finance,Phone,true,5.5
SUP-2000694,Billing Issue - Individual,Billing Issue,Low,Closed,2024-01-25 17:51:55,2024-01-27 13:34:14,2024-01-27 13:47:14,alex.chen,Finance Support,Individual,Phone,false,7.0
SUP-2000695,Billing Issue - RetailCo,Billing Issue,High,Closed,2024-01-22 10:28:16,2024-01-22 22:00:16,2024-01-22 22:43:16,alex.chen,Finance Support,RetailCo,Phone,false,7.3
SUP-2000696,Billing Issue - Acme Corp,Billing Issue,High,Closed,2024-01-08 10:31:15,2024-01-08 22:57:21,2024-01-08 23:27:21,carlos.silva,Finance Support,Acme Corp,Phone,false,6.3
SUP-2000697,Performance Issue - RetailCo,Performance Issue,Medium,Closed,2024-01-11 12:07:45,2024-01-13 07:51:37,2024-01-13 08:26:37,jennifer.wu,Engineering,RetailCo,Email,false,7.0
SUP-2000698,Feature Request - RetailCo,Feature Request,Medium,Closed,2024-01-12 12:28:30,2024-01-15 05:00:28,2024-01-15 05:42:28,carlos.silva,Product Team,RetailCo,Phone,false,
SUP-2000699,Performance Issue - Global Finance,Performance Issue,High,Reopened,2024-01-22 08:37:02,2024-01-23 08:04:07,,thomas.berg,Engineering,Global Finance,Email,false,
SUP-2000700,Performance Issue - Global Finance,Performance Issue,Medium,Closed,2024-01-08 12:52:33,2024-01-11 10:09:46,2024-01-11 11:08:46,thomas.berg,Engineering,Global Finance,Email,false,
SUP-2000701,Technical Support - Acme Corp,Technical Support,Critical,Closed,2024-01-09 10:53:48,2024-01-09 15:51:21,2024-01-09 16:46:21,jennifer.wu,Technical Team,Acme Corp,Portal,true,
SUP-2000702,Integration Problem - UniServices,Integration Problem,Low,Closed,2024-01-15 06:15:08,2024-01-21 02:26:23,2024-01-21 02:47:23,ryan.kim,Integration Team,UniServices,Chat,false,5.4
SUP-2000703,Feature Request - UniServices,Feature Request,High,Closed,2024-01-23 09:49:04,2024-01-26 10:42:58,2024-01-26 10:55:58,thomas.berg,Product Team,UniServices,Portal,true,3.8
SUP-2000704,Billing Issue - Individual,Billing Issue,Low,Closed,2024-01-06 11:06:37,2024-01-07 04:12:33,2024-01-07 05:08:33,laura.smith,Finance Support,Individual,Phone,false,8.9
SUP-2000705,Feature Request - Acme Corp,Feature Request,Medium,Closed,2024-01-01 10:49:54,2024-01-03 14:14:47,2024-01-03 14:33:47,laura.smith,Product Team,Acme Corp,Phone,false,
SUP-2000706,Billing Issue - StartupXYZ,Billing Issue,Medium,Closed,2024-01-22 08:19:05,2024-01-22 15:43:34,2024-01-22 16:05:34,jennifer.wu,Finance Support,StartupXYZ,Phone,false,
SUP-2000707,Billing Issue - Individual,Billing Issue,High,Reopened,2024-01-02 12:07:43,2024-01-02 14:33:43,,maya.patel,Finance Support,Individual,Chat,false,
SUP-2000708,Data Export/Import - CityCouncil,Data Export/Import,High,Closed,2024-01-20 12:03:00,2024-01-21 09:42:18,2024-01-21 10:22:18,sofia.moreau,Technical Team,CityCouncil,Portal,false,6.2
SUP-2000709,Feature Request - RetailCo,Feature Request,Medium,Closed,2024-01-17 08:56:03,2024-01-19 04:54:54,2024-01-19 05:53:54,jennifer.wu,Product Team,RetailCo,Portal,false,5.4
SUP-2000710,Billing Issue - Acme Corp,Billing Issue,Medium,Closed,2024-01-22 08:56:09,2024-01-22 21:30:19,2024-01-22 22:23:19,laura.smith,Finance Support,Acme Corp,Phone,false,
SUP-2000711,Feature Request - CityCouncil,Feature Request,Critical,Closed,2024-01-22 09:11:54,2024-01-22 14:03:28,2024-01-22 14:55:28,thomas.berg,Product Team,CityCouncil,Portal,true,4.3
SUP-2000712,Billing Issue - RetailCo,Billing Issue,High,Closed,2024-01-24 10:22:19,2024-01-24 16:12:35,2024-01-24 17:02:35,carlos.silva,Finance Support,RetailCo,Chat,false,7.2
SUP-2000713,Account Management - Global Finance,Account Management,High,Closed,2024-01-01 11:11:42,2024-01-01 14:45:38,2024-01-01 15:18:38,alex.chen,Account Team,Global Finance,Email,false,7.3
SUP-2000714,Billing Issue - RetailCo,Billing Issue,Low,Closed,2024-01-18 12:30:42,2024-01-30 10:12:23,2024-01-30 10:51:23,sofia.moreau,Finance Support,RetailCo,Chat,true,6.9
SUP-2000715,Data Export/Import - Acme Corp,Data Export/Import,Medium,Escalated,2024-01-12 14:04:02,2024-01-13 04:06:09,,sofia.moreau,Technical Team,Acme Corp,Phone,false,
SUP-2000716,Billing Issue - MedGroup,Billing Issue,Medium,Closed,2024-01-09 14:17:37,2024-01-10 17:45:44,2024-01-10 18:11:44,ryan.kim,Finance Support,MedGroup,Phone,false,6.0
SUP-2000717,Data Export/Import - Acme Corp,Data Export/Import,Medium,Closed,2024-01-22 12:25:42,2024-01-24 09:38:47,2024-01-24 10:03:47,laura.smith,Technical Team,Acme Corp,Chat,false,5.7
SUP-2000718,Account Management - TechStart Inc,Account Management,Medium,Closed,2024-01-06 14:52:56,2024-01-07 08:18:18,2024-01-07 08:56:18,ryan.kim,Account Team,TechStart Inc,Portal,false,7.7
SUP-2000719,Feature Request - TechStart Inc,Feature Request,Medium,Closed,2024-01-18 12:49:03,2024-01-19 20:32:24,2024-01-19 21:21:24,laura.smith,Product Team,TechStart Inc,Chat,false,6.8
SUP-2000720,Billing Issue - UniServices,Billing Issue,Medium,Closed,2024-01-09 09:55:11,2024-01-09 17:57:28,2024-01-09 18:22:28,maya.patel,Finance Support,UniServices,Phone,false,8.1
SUP-2000721,Data Export/Import - TechStart Inc,Data Export/Import,Medium,Closed,2024-01-12 23:19:19,2024-01-13 02:00:00,2024-01-13 02:39:00,jennifer.wu,Technical Team,TechStart Inc,Phone,false,7.6
SUP-2000722,Feature Request - RetailCo,Feature Request,Medium,Closed,2024-01-18 14:46:59,2024-02-03 13:59:13,2024-02-03 14:47:13,thomas.berg,Product Team,RetailCo,Portal,true,
SUP-2000723,Account Management - RetailCo,Account Management,Medium,Closed,2024-01-01 13:05:13,2024-01-02 09:17:56,2024-01-02 09:54:56,jennifer.wu,Account Team,RetailCo,Email,false,6.8
SUP-2000724,Technical Support - StartupXYZ,Technical Support,Medium,Closed,2024-01-01 10:37:20,2024-01-02 06:01:43,2024-01-02 06:27:43,carlos.silva,Technical Team,StartupXYZ,Portal,false,
SUP-2000725,Billing Issue - Individual,Billing Issue,Medium,Closed,2024-01-25 08:01:20,2024-01-25 13:50:35,2024-01-25 14:17:35,alex.chen,Finance Support,Individual,Chat,false,
SUP-2000726,Technical Support - UniServices,Technical Support,High,Closed,2024-01-08 16:01:45,2024-01-09 20:10:51,2024-01-09 20:41:51,maya.patel,Technical Team,UniServices,Phone,true,7.0
SUP-2000727,Account Management - Individual,Account Management,Critical,Closed,2024-01-08 14:23:58,2024-01-08 16:11:45,2024-01-08 16:39:45,maya.patel,Account Team,Individual,Chat,false,7.7
SUP-2000728,Feature Request - TechStart Inc,Feature Request,Low,Closed,2024-01-01 13:20:47,2024-01-09 00:18:03,2024-01-09 00:49:03,sofia.moreau,Product Team,TechStart Inc,Portal,false,6.0
SUP-2000729,Billing Issue - Global Finance,Billing Issue,Medium,Closed,2024-01-17 16:08:14,2024-01-18 02:22:41,2024-01-18 02:52:41,maya.patel,Finance Support,Global Finance,Phone,false,
SUP-2000730,Billing Issue - Acme Corp,Billing Issue,High,Closed,2024-01-24 14:18:20,2024-01-25 00:17:25,2024-01-25 00:23:25,alex.chen,Finance Support,Acme Corp,Phone,false,
SUP-2000731,Technical Support - Global Finance,Technical Support,Medium,Closed,2024-01-04 12:58:41,2024-01-06 00:38:13,2024-01-06 01:31:13,sofia.moreau,Technical Team,Global Finance,Phone,false,6.2
SUP-2000732,Integration Problem - StartupXYZ,Integration Problem,Low,Closed,2024-01-18 09:47:22,2024-01-26 00:44:34,2024-01-26 01:36:34,alex.chen,Integration Team,StartupXYZ,Phone,false,
SUP-2000733,Technical Support - Global Finance,Technical Support,Low,Closed,2024-01-27 14:09:52,2024-02-03 12:45:49,2024-02-03 13:11:49,carlos.silva,Technical Team,Global Finance,Portal,false,
SUP-2000734,Account Management - Acme Corp,Account Management,Low,Closed,2024-01-10 14:50:20,2024-01-15 03:43:40,2024-01-15 04:06:40,ryan.kim,Account Team,Acme Corp,Phone,false,5.2
SUP-2000735,Billing Issue - Individual,Billing Issue,Medium,Closed,2024-01-11 09:23:36,2024-01-12 16:02:14,2024-01-12 16:09:14,carlos.silva,Finance Support,Individual,Chat,false,7.0
SUP-2000736,Technical Support - Acme Corp,Technical Support,Low,Closed,2024-01-12 08:35:49,2024-01-14 05:24:03,2024-01-14 05:52:03,alex.chen,Technical Team,Acme Corp,Email,false,6.4
SUP-2000737,Feature Request - CityCouncil,Feature Request,High,Reopened,2024-01-01 10:47:58,2024-01-01 14:09:30,,maya.patel,Product Team,CityCouncil,Portal,false,
SUP-2000738,Account Management - MedGroup,Account Management,Low,Closed,2024-01-19 12:25:59,2024-01-22 23:53:43,2024-01-23 00:37:43,laura.smith,Account Team,MedGroup,Phone,false,
SUP-2000739,Performance Issue - UniServices,Performance Issue,Low,Closed,2024-01-22 10:55:54,2024-02-04 22:33:59,2024-02-04 23:30:59,jennifer.wu,Engineering,UniServices,Portal,true,6.4
SUP-2000740,Technical Support - MedGroup,Technical Support,Critical,Reopened,2024-01-01 15:41:59,2024-01-01 20:01:55,,carlos.silva,Technical Team,MedGroup,Phone,false,
SUP-2000741,Technical Support - StartupXYZ,Technical Support,Low,Closed,2024-01-02 14:59:00,2024-01-07 15:54:07,2024-01-07 16:28:07,ryan.kim,Technical Team,StartupXYZ,Phone,false,
SUP-2000742,Account Management - Acme Corp,Account Management,Low,Closed,2024-01-11 07:32:04,2024-01-19 08:47:09,2024-01-19 08:59:09,sofia.moreau,Account Team,Acme Corp,Chat,false,6.2
SUP-2000743,Technical Support - TechStart Inc,Technical Support,Medium,Reopened,2024-01-15 17:47:25,2024-01-19 14:00:53,,sofia.moreau,Technical Team,TechStart Inc,Portal,false,
SUP-2000744,Technical Support - Acme Corp,Technical Support,Critical,Closed,2024-01-19 11:44:17,2024-01-19 15:05:02,2024-01-19 15:29:02,thomas.berg,Technical Team,Acme Corp,Portal,false,3.8
SUP-2000745,Billing Issue - Global Finance,Billing Issue,Medium,Closed,2024-01-01 17:12:02,2024-01-03 09:22:42,2024-01-03 10:19:42,thomas.berg,Finance Support,Global Finance,Phone,false,6.0
SUP-2000746,Performance Issue - RetailCo,Performance Issue,Low,Closed,2024-01-25 14:03:57,2024-02-01 20:48:34,2024-02-01 21:36:34,maya.patel,Engineering,RetailCo,Chat,false,5.3
SUP-2000747,Billing Issue - Global Finance,Billing Issue,High,Closed,2024-01-11 10:55:39,2024-01-11 18:31:33,2024-01-11 19:08:33,alex.chen,Finance Support,Global Finance,Email,false,7.0
SUP-2000748,Billing Issue - RetailCo,Billing Issue,Critical,Closed,2024-01-15 15:56:52,2024-01-15 16:43:48,2024-01-15 16:49:48,sofia.moreau,Finance Support,RetailCo,Email,false,6.4
SUP-2000749,Technical Support - Acme Corp,Technical Support,High,Closed,2024-01-08 12:52:33,2024-01-09 02:08:42,2024-01-09 02:15:42,laura.smith,Technical Team,Acme Corp,Email,false,6.0
SUP-2000750,Billing Issue - Individual,Billing Issue,Low,Closed,2024-01-10 14:25:00,2024-01-12 12:09:08,2024-01-12 12:40:08,maya.patel,Finance Support,Individual,Portal,false,7.2
SUP-2000751,Data Export/Import - TechStart Inc,Data Export/Import,Medium,Closed,2024-01-01 16:23:31,2024-01-02 05:11:40,2024-01-02 05:35:40,maya.patel,Technical Team,TechStart Inc,Chat,false,7.5
SUP-2000752,Feature Request - StartupXYZ,Feature Request,Critical,Closed,2024-01-02 12:07:51,2024-01-02 16:45:14,2024-01-02 17:00:14,ryan.kim,Product Team,StartupXYZ,Email,true,7.0
SUP-2000753,Billing Issue - TechStart Inc,Billing Issue,Low,Closed,2024-01-20 09:03:14,2024-01-22 12:59:06,2024-01-22 13:41:06,jennifer.wu,Finance Support,TechStart Inc,Email,false,7.4
SUP-2000754,Integration Problem - TechStart Inc,Integration Problem,Medium,Closed,2024-01-23 13:25:18,2024-01-31 13:00:47,2024-01-31 13:42:47,sofia.moreau,Integration Team,TechStart Inc,Phone,true,
SUP-2000755,Integration Problem - Individual,Integration Problem,Low,Closed,2024-01-03 13:33:05,2024-01-16 12:10:34,2024-01-16 12:38:34,carlos.silva,Integration Team,Individual,Portal,true,
SUP-2000756,Billing Issue - TechStart Inc,Billing Issue,Low,Closed,2024-01-07 09:28:51,2024-02-05 02:48:39,2024-02-05 02:57:39,thomas.berg,Finance Support,TechStart Inc,Phone,true,5.3
SUP-2000757,Feature Request - MedGroup,Feature Request,Medium,Closed,2024-01-01 11:57:37,2024-01-03 12:06:49,2024-01-03 12:21:49,alex.chen,Product Team,MedGroup,Chat,false,6.3
SUP-2000758,Performance Issue - MedGroup,Performance Issue,Medium,Escalated,2024-01-22 00:48:34,2024-01-27 08:55:25,,jennifer.wu,Engineering,MedGroup,Portal,false,
SUP-2000759,Integration Problem - Acme Corp,Integration Problem,High,Escalated,2024-01-12 12:21:09,2024-01-13 19:36:17,,sofia.moreau,Integration Team,Acme Corp,Phone,false,
SUP-2000760,Data Export/Import - TechStart Inc,Data Export/Import,Medium,Closed,2024-01-06 10:33:35,2024-01-07 05:13:51,2024-01-07 05:32:51,jennifer.wu,Technical Team,TechStart Inc,Email,false,6.8
SUP-2000761,Billing Issue - CityCouncil,Billing Issue,Medium,Escalated,2024-01-02 11:11:02,2024-01-02 23:46:00,,sofia.moreau,Finance Support,CityCouncil,Phone,false,
SUP-2000762,Integration Problem - RetailCo,Integration Problem,Low,Closed,2024-01-23 11:58:36,2024-01-28 19:02:42,2024-01-28 19:09:42,sofia.moreau,Integration Team,RetailCo,Phone,false,
SUP-2000763,Technical Support - Global Finance,Technical Support,High,Reopened,2024-01-16 08:11:43,2024-01-16 16:02:22,,thomas.berg,Technical Team,Global Finance,Chat,false,
SUP-2000764,Data Export/Import - Acme Corp,Data Export/Import,Medium,Closed,2024-01-17 16:25:46,2024-01-18 11:17:21,2024-01-18 12:03:21,jennifer.wu,Technical Team,Acme Corp,Email,false,
SUP-2000765,Performance Issue - StartupXYZ,Performance Issue,Low,Closed,2024-01-17 11:05:33,2024-01-19 21:55:28,2024-01-19 22:45:28,maya.patel,Engineering,StartupXYZ,Email,false,
SUP-2000766,Performance Issue - Global Finance,Performance Issue,High,Closed,2024-01-08 08:03:08,2024-01-09 01:31:45,2024-01-09 02:02:45,alex.chen,Engineering,Global Finance,Email,false,6.6
SUP-2000767,Integration Problem - CityCouncil,Integration Problem,Medium,Closed,2024-01-04 10:50:24,2024-01-05 15:55:36,2024-01-05 16:37:36,laura.smith,Integration Team,CityCouncil,Portal,false,5.5
SUP-2000768,Performance Issue - Global Finance,Performance Issue,Medium,Closed,2024-01-08 13:04:12,2024-01-12 20:29:20,2024-01-12 21:14:20,carlos.silva,Engineering,Global Finance,Email,true,4.3
SUP-2000769,Billing Issue - Global Finance,Billing Issue,Medium,Closed,2024-01-01 15:36:40,2024-01-02 15:44:17,2024-01-02 15:56:17,laura.smith,Finance Support,Global Finance,Chat,false,6.9
SUP-2000770,Feature Request - CityCouncil,Feature Request,Medium,Escalated,2024-01-27 14:21:21,2024-01-27 22:59:11,,maya.patel,Product Team,CityCouncil,Portal,false,
SUP-2000771,Billing Issue - StartupXYZ,Billing Issue,High,Reopened,2024-01-11 17:47:42,2024-01-12 06:27:08,,sofia.moreau,Finance Support,StartupXYZ,Email,false,
SUP-2000772,Technical Support - UniServices,Technical Support,High,Closed,2024-01-26 16:22:32,2024-01-27 02:12:11,2024-01-27 02:33:11,maya.patel,Technical Team,UniServices,Chat,false,6.9
SUP-2000773,Feature Request - Acme Corp,Feature Request,Medium,Closed,2024-01-08 10:10:45,2024-01-13 00:45:36,2024-01-13 01:30:36,sofia.moreau,Product Team,Acme Corp,Phone,true,
SUP-2000774,Performance Issue - RetailCo,Performance Issue,Medium,Reopened,2024-01-25 13:10:55,2024-01-26 20:03:00,,maya.patel,Engineering,RetailCo,Chat,false,
SUP-2000775,Performance Issue - UniServices,Performance Issue,Medium,Closed,2024-01-26 16:17:39,2024-01-27 18:37:43,2024-01-27 18:57:43,carlos.silva,Engineering,UniServices,Chat,false,5.9
SUP-2000776,Integration Problem - UniServices,Integration Problem,Critical,Closed,2024-01-08 11:17:59,2024-01-08 13:08:38,2024-01-08 13:53:38,alex.chen,Integration Team,UniServices,Email,false,6.7
SUP-2000777,Technical Support - TechStart Inc,Technical Support,High,Closed,2024-01-23 11:25:57,2024-01-23 23:02:39,2024-01-23 23:45:39,laura.smith,Technical Team,TechStart Inc,Portal,false,7.3
SUP-2000778,Data Export/Import - UniServices,Data Export/Import,High,Escalated,2024-01-19 15:26:22,2024-01-19 20:22:06,,carlos.silva,Technical Team,UniServices,Portal,false,
SUP-2000779,Technical Support - Global Finance,Technical Support,Low,Closed,2024-01-19 14:03:21,2024-01-30 18:36:04,2024-01-30 18:54:04,maya.patel,Technical Team,Global Finance,Phone,true,6.1
SUP-2000780,Integration Problem - StartupXYZ,Integration Problem,High,Closed,2024-01-02 12:51:34,2024-01-04 20:50:08,2024-01-04 21:06:08,ryan.kim,Integration Team,StartupXYZ,Email,true,5.5
SUP-2000781,Technical Support - Acme Corp,Technical Support,Low,Closed,2024-01-10 11:20:26,2024-01-11 13:33:03,2024-01-11 14:33:03,laura.smith,Technical Team,Acme Corp,Portal,false,5.8
SUP-2000782,Integration Problem - UniServices,Integration Problem,Critical,Closed,2024-01-11 08:26:51,2024-01-11 09:26:29,2024-01-11 10:01:29,sofia.moreau,Integration Team,UniServices,Phone,false,4.9
SUP-2000783,Technical Support - StartupXYZ,Technical Support,Medium,Closed,2024-01-02 16:50:54,2024-01-04 09:08:27,2024-01-04 10:06:27,jennifer.wu,Technical Team,StartupXYZ,Phone,false,8.0
SUP-2000784,Feature Request - TechStart Inc,Feature Request,Low,Reopened,2024-01-12 11:35:30,2024-01-22 02:44:12,,carlos.silva,Product Team,TechStart Inc,Email,false,
SUP-2000785,Integration Problem - TechStart Inc,Integration Problem,Medium,Closed,2024-01-11 09:13:35,2024-01-14 20:28:57,2024-01-14 21:20:57,maya.patel,Integration Team,TechStart Inc,Chat,false,7.0
SUP-2000786,Feature Request - RetailCo,Feature Request,High,Closed,2024-01-17 10:43:03,2024-01-17 19:08:53,2024-01-17 19:17:53,laura.smith,Product Team,RetailCo,Portal,false,6.9
SUP-2000787,Feature Request - Acme Corp,Feature Request,Low,Closed,2024-01-01 15:51:22,2024-01-13 21:58:16,2024-01-13 22:03:16,maya.patel,Product Team,Acme Corp,Chat,true,6.0
SUP-2000788,Performance Issue - TechStart Inc,Performance Issue,Medium,Closed,2024-01-18 12:22:42,2024-01-19 05:15:55,2024-01-19 05:53:55,maya.patel,Engineering,TechStart Inc,Email,false,8.2
SUP-2000789,Integration Problem - CityCouncil,Integration Problem,High,Closed,2024-01-12 15:15:14,2024-01-13 07:44:37,2024-01-13 08:39:37,sofia.moreau,Integration Team,CityCouncil,Portal,false,5.4
SUP-2000790,Performance Issue - Global Finance,Performance Issue,Medium,Closed,2024-01-01 12:46:42,2024-01-03 01:20:14,2024-01-03 01:51:14,maya.patel,Engineering,Global Finance,Portal,false,6.8
SUP-2000791,Billing Issue - Global Finance,Billing Issue,High,Escalated,2024-01-13 13:43:45,2024-01-14 05:03:26,,ryan.kim,Finance Support,Global Finance,Phone,false,
SUP-2000792,Data Export/Import - Global Finance,Data Export/Import,Medium,Reopened,2024-01-26 08:10:37,2024-01-29 21:22:56,,thomas.berg,Technical Team,Global Finance,Phone,false,
SUP-2000793,Billing Issue - TechStart Inc,Billing Issue,Medium,Closed,2024-01-23 09:40:29,2024-01-24 10:51:05,2024-01-24 11:13:05,laura.smith,Finance Support,TechStart Inc,Chat,false,7.1
SUP-2000794,Integration Problem - Acme Corp,Integration Problem,Low,Closed,2024-01-20 09:52:55,2024-01-31 11:07:33,2024-01-31 11:13:33,carlos.silva,Integration Team,Acme Corp,Phone,true,5.5
SUP-2000795,Account Management - Acme Corp,Account Management,Medium,Closed,2024-01-23 09:02:11,2024-01-25 09:01:22,2024-01-25 09:09:22,carlos.silva,Account Team,Acme Corp,Phone,false,4.9
SUP-2000796,Performance Issue - Acme Corp,Performance Issue,High,Closed,2024-01-18 09:50:36,2024-01-18 19:55:54,2024-01-18 20:27:54,jennifer.wu,Engineering,Acme Corp,Email,false,5.5
SUP-2000797,Account Management - Individual,Account Management,Low,Closed,2024-01-18 13:12:04,2024-01-20 01:30:17,2024-01-20 01:39:17,sofia.moreau,Account Team,Individual,Portal,false,7.6
SUP-2000798,Billing Issue - Acme Corp,Billing Issue,Medium,Closed,2024-01-23 14:11:28,2024-01-23 22:17:36,2024-01-23 22:22:36,laura.smith,Finance Support,Acme Corp,Phone,false,7.0
SUP-2000799,Integration Problem - Global Finance,Integration Problem,Medium,Closed,2024-01-04 16:38:13,2024-01-11 08:38:00,2024-01-11 09:28:00,thomas.berg,Integration Team,Global Finance,Portal,true,3.2
SUP-2000800,Feature Request - Individual,Feature Request,High,Closed,2024-01-02 11:06:27,2024-01-02 14:49:03,2024-01-02 15:02:03,alex.chen,Product Team,Individual,Chat,false,6.9
SUP-2000801,Integration Problem - Individual,Integration Problem,Medium,Closed,2024-01-16 08:34:41,2024-01-18 02:08:49,2024-01-18 02:52:49,alex.chen,Integration Team,Individual,Portal,false,
SUP-2000802,Billing Issue - UniServices,Billing Issue,High,Closed,2024-01-13 14:29:59,2024-01-13 23:22:12,2024-01-13 23:55:12,maya.patel,Finance Support,UniServices,Email,false,6.5
SUP-2000803,Technical Support - Acme Corp,Technical Support,High,Escalated,2024-01-15 11:38:57,2024-01-15 17:48:19,,laura.smith,Technical Team,Acme Corp,Phone,false,
SUP-2000804,Billing Issue - Acme Corp,Billing Issue,Medium,Reopened,2024-01-11 12:31:30,2024-01-14 10:40:04,,carlos.silva,Finance Support,Acme Corp,Portal,false,
SUP-2000805,Feature Request - CityCouncil,Feature Request,Medium,Closed,2024-01-02 15:02:30,2024-01-03 19:17:55,2024-01-03 20:07:55,laura.smith,Product Team,CityCouncil,Phone,false,6.5
SUP-2000806,Billing Issue - UniServices,Billing Issue,High,Closed,2024-01-18 08:35:20,2024-01-18 11:59:38,2024-01-18 12:08:38,alex.chen,Finance Support,UniServices,Chat,false,8.6
SUP-2000807,Performance Issue - Global Finance,Performance Issue,Low,Closed,2024-01-18 09:05:38,2024-01-20 11:52:01,2024-01-20 12:43:01,laura.smith,Engineering,Global Finance,Portal,false,6.0
SUP-2000808,Performance Issue - TechStart Inc,Performance Issue,Medium,Closed,2024-01-16 16:09:47,2024-01-17 20:41:01,2024-01-17 21:04:01,thomas.berg,Engineering,TechStart Inc,Chat,false,
SUP-2000809,Performance Issue - Individual,Performance Issue,Critical,Closed,2024-01-15 10:21:01,2024-01-15 15:10:32,2024-01-15 16:03:32,alex.chen,Engineering,Individual,Portal,true,
SUP-2000810,Performance Issue - UniServices,Performance Issue,Medium,Closed,2024-01-26 08:50:11,2024-01-27 02:26:25,2024-01-27 03:21:25,carlos.silva,Engineering,UniServices,Chat,false,7.0
SUP-2000811,Feature Request - Global Finance,Feature Request,Medium,Closed,2024-01-08 13:41:18,2024-01-10 02:06:24,2024-01-10 02:46:24,maya.patel,Product Team,Global Finance,Phone,false,6.0
SUP-2000812,Feature Request - MedGroup,Feature Request,Medium,Closed,2024-01-08 18:30:27,2024-01-11 11:25:43,2024-01-11 11:37:43,carlos.silva,Product Team,MedGroup,Email,false,3.5
SUP-2000813,Feature Request - Global Finance,Feature Request,Critical,Closed,2024-01-09 16:54:33,2024-01-09 21:26:51,2024-01-09 22:10:51,ryan.kim,Product Team,Global Finance,Email,true,4.1
SUP-2000814,Feature Request - RetailCo,Feature Request,High,Closed,2024-01-01 13:01:58,2024-01-02 15:50:15,2024-01-02 15:58:15,sofia.moreau,Product Team,RetailCo,Chat,true,6.9
SUP-2000815,Technical Support - CityCouncil,Technical Support,Low,Closed,2024-01-04 09:19:00,2024-01-05 06:45:51,2024-01-05 07:06:51,maya.patel,Technical Team,CityCouncil,Email,false,
SUP-2000816,Account Management - StartupXYZ,Account Management,Low,Escalated,2024-01-22 08:08:48,2024-01-23 04:15:30,,sofia.moreau,Account Team,StartupXYZ,Portal,false,
SUP-2000817,Feature Request - TechStart Inc,Feature Request,High,Closed,2024-01-22 09:35:57,2024-01-23 17:46:20,2024-01-23 18:45:20,ryan.kim,Product Team,TechStart Inc,Phone,true,6.4
SUP-2000818,Billing Issue - UniServices,Billing Issue,Low,Reopened,2024-01-08 11:19:54,2024-01-11 07:39:57,,ryan.kim,Finance Support,UniServices,Phone,false,
SUP-2000819,Feature Request - Global Finance,Feature Request,Medium,Closed,2024-01-02 10:51:15,2024-01-04 20:47:09,2024-01-04 21:28:09,alex.chen,Product Team,Global Finance,Chat,false,5.3
SUP-2000820,Account Management - UniServices,Account Management,Medium,Escalated,2024-01-08 11:27:55,2024-01-09 12:03:25,,ryan.kim,Account Team,UniServices,Phone,false,
SUP-2000821,Billing Issue - Acme Corp,Billing Issue,Medium,Closed,2024-01-16 12:03:09,2024-01-20 00:45:54,2024-01-20 01:37:54,ryan.kim,Finance Support,Acme Corp,Phone,false,
SUP-2000822,Feature Request - MedGroup,Feature Request,Medium,Closed,2024-01-05 02:28:07,2024-01-10 03:54:08,2024-01-10 04:01:08,carlos.silva,Product Team,MedGroup,Chat,true,4.7
SUP-2000823,Feature Request - MedGroup,Feature Request,High,Escalated,2024-01-04 09:04:18,2024-01-04 20:28:29,,sofia.moreau,Product Team,MedGroup,Email,false,
SUP-2000824,Account Management - RetailCo,Account Management,High,Closed,2024-01-23 14:40:31,2024-01-24 04:27:40,2024-01-24 04:38:40,laura.smith,Account Team,RetailCo,Chat,false,7.8
SUP-2000825,Feature Request - TechStart Inc,Feature Request,Medium,Closed,2024-01-12 15:32:48,2024-01-13 08:32:36,2024-01-13 08:42:36,alex.chen,Product Team,TechStart Inc,Phone,false,7.3
SUP-2000826,Billing Issue - Individual,Billing Issue,Medium,Closed,2024-01-08 05:04:36,2024-01-08 21:12:28,2024-01-08 21:53:28,sofia.moreau,Finance Support,Individual,Portal,false,6.3
SUP-2000827,Billing Issue - RetailCo,Billing Issue,Medium,Closed,2024-01-24 16:12:47,2024-01-25 02:10:05,2024-01-25 02:20:05,laura.smith,Finance Support,RetailCo,Portal,false,8.6
SUP-2000828,Technical Support - Individual,Technical Support,Medium,Closed,2024-01-20 09:23:20,2024-01-22 05:01:29,2024-01-22 05:21:29,sofia.moreau,Technical Team,Individual,Phone,false,
SUP-2000829,Account Management - Acme Corp,Account Management,Low,Closed,2024-01-17 10:10:25,2024-01-19 11:13:04,2024-01-19 11:45:04,jennifer.wu,Account Team,Acme Corp,Phone,false,6.6
SUP-2000830,Technical Support - Global Finance,Technical Support,High,Closed,2024-01-11 09:42:36,2024-01-13 22:26:19,2024-01-13 22:41:19,thomas.berg,Technical Team,Global Finance,Phone,true,4.9
SUP-2000831,Data Export/Import - Individual,Data Export/Import,Medium,Closed,2024-01-05 10:14:35,2024-01-06 00:26:24,2024-01-06 01:21:24,laura.smith,Technical Team,Individual,Email,false,
SUP-2000832,Billing Issue - Acme Corp,Billing Issue,Medium,Reopened,2024-01-08 12:02:33,2024-01-08 21:58:36,,alex.chen,Finance Support,Acme Corp,Chat,false,
SUP-2000833,Billing Issue - TechStart Inc,Billing Issue,Medium,Closed,2024-01-16 05:46:51,2024-01-16 18:25:15,2024-01-16 18:38:15,sofia.moreau,Finance Support,TechStart Inc,Chat,false,7.5
SUP-2000834,Billing Issue - UniServices,Billing Issue,Medium,Closed,2024-01-11 11:53:07,2024-01-12 07:59:07,2024-01-12 08:28:07,laura.smith,Finance Support,UniServices,Portal,false,6.5
SUP-2000835,Data Export/Import - Acme Corp,Data Export/Import,Medium,Reopened,2024-01-09 16:40:56,2024-01-12 20:32:34,,carlos.silva,Technical Team,Acme Corp,Chat,false,
SUP-2000836,Billing Issue - TechStart Inc,Billing Issue,High,Closed,2024-01-13 09:10:24,2024-01-13 12:00:55,2024-01-13 12:58:55,alex.chen,Finance Support,TechStart Inc,Portal,false,8.5
SUP-2000837,Technical Support - TechStart Inc,Technical Support,High,Closed,2024-01-06 13:23:48,2024-01-07 20:03:25,2024-01-07 20:45:25,carlos.silva,Technical Team,TechStart Inc,Portal,true,6.7
SUP-2000838,Account Management - StartupXYZ,Account Management,Medium,Closed,2024-01-01 11:13:51,2024-01-05 03:49:43,2024-01-05 03:58:43,ryan.kim,Account Team,StartupXYZ,Email,false,7.2
SUP-2000839,Billing Issue - StartupXYZ,Billing Issue,High,Closed,2024-01-06 13:42:30,2024-01-06 23:29:18,2024-01-07 00:28:18,maya.patel,Finance Support,StartupXYZ,Email,false,8.0
SUP-2000840,Integration Problem - Global Finance,Integration Problem,Low,Closed,2024-01-22 15:51:47,2024-01-27 20:59:30,2024-01-27 21:42:30,carlos.silva,Integration Team,Global Finance,Email,false,3.8
SUP-2000841,Technical Support - Acme Corp,Technical Support,Low,Closed,2024-01-24 15:13:57,2024-01-25 17:46:21,2024-01-25 18:01:21,laura.smith,Technical Team,Acme Corp,Phone,false,6.1
SUP-2000842,Billing Issue - StartupXYZ,Billing Issue,Medium,Closed,2024-01-12 10:07:40,2024-01-12 14:33:26,2024-01-12 15:15:26,alex.chen,Finance Support,StartupXYZ,Phone,false,
SUP-2000843,Technical Support - StartupXYZ,Technical Support,Medium,Escalated,2024-01-17 12:39:29,2024-01-17 17:28:07,,alex.chen,Technical Team,StartupXYZ,Portal,false,
SUP-2000844,Performance Issue - TechStart Inc,Performance Issue,High,Closed,2024-01-25 16:11:53,2024-01-26 10:23:46,2024-01-26 11:19:46,laura.smith,Engineering,TechStart Inc,Phone,false,6.8
SUP-2000845,Data Export/Import - Individual,Data Export/Import,Medium,Escalated,2024-01-10 19:45:48,2024-01-11 21:50:13,,ryan.kim,Technical Team,Individual,Portal,false,
SUP-2000846,Account Management - MedGroup,Account Management,Medium,Closed,2024-01-08 08:37:30,2024-01-09 13:24:13,2024-01-09 13:31:13,ryan.kim,Account Team,MedGroup,Phone,false,6.4
SUP-2000847,Integration Problem - TechStart Inc,Integration Problem,Low,Closed,2024-01-18 15:32:35,2024-01-20 16:08:42,2024-01-20 17:07:42,alex.chen,Integration Team,TechStart Inc,Portal,false,
SUP-2000848,Account Management - Individual,Account Management,High,Closed,2024-01-16 15:33:21,2024-01-17 00:03:13,2024-01-17 00:40:13,ryan.kim,Account Team,Individual,Chat,false,
SUP-2000849,Data Export/Import - RetailCo,Data Export/Import,Low,Escalated,2024-01-24 10:11:06,2024-01-29 13:16:16,,sofia.moreau,Technical Team,RetailCo,Chat,false,
SUP-2000850,Technical Support - Acme Corp,Technical Support,Critical,Closed,2024-01-10 11:47:59,2024-01-10 20:38:14,2024-01-10 21:13:14,alex.chen,Technical Team,Acme Corp,Email,true,6.8
SUP-2000851,Technical Support - StartupXYZ,Technical Support,Critical,Closed,2024-01-23 15:29:52,2024-01-23 18:36:27,2024-01-23 18:45:27,sofia.moreau,Technical Team,StartupXYZ,Chat,false,6.8
SUP-2000852,Billing Issue - Global Finance,Billing Issue,Medium,Closed,2024-01-01 11:03:11,2024-01-02 16:49:47,2024-01-02 16:56:47,alex.chen,Finance Support,Global Finance,Portal,false,8.1
SUP-2000853,Integration Problem - StartupXYZ,Integration Problem,Medium,Closed,2024-01-13 11:13:36,2024-01-17 09:45:44,2024-01-17 10:05:44,laura.smith,Integration Team,StartupXYZ,Phone,false,8.0
SUP-2000854,Data Export/Import - Acme Corp,Data Export/Import,High,Closed,2024-01-05 14:11:49,2024-01-06 13:21:47,2024-01-06 13:45:47,thomas.berg,Technical Team,Acme Corp,Chat,false,5.2
SUP-2000855,Technical Support - RetailCo,Technical Support,Critical,Closed,2024-01-26 08:23:23,2024-01-26 10:01:11,2024-01-26 10:21:11,jennifer.wu,Technical Team,RetailCo,Chat,false,8.3
SUP-2000856,Performance Issue - CityCouncil,Performance Issue,High,Closed,2024-01-09 11:55:22,2024-01-09 20:39:57,2024-01-09 20:50:57,laura.smith,Engineering,CityCouncil,Email,false,7.3
SUP-2000857,Billing Issue - CityCouncil,Billing Issue,Medium,Reopened,2024-01-22 10:38:24,2024-01-23 01:26:25,,maya.patel,Finance Support,CityCouncil,Email,false,
SUP-2000858,Technical Support - TechStart Inc,Technical Support,Low,Escalated,2024-01-02 14:32:53,2024-01-09 18:03:47,,thomas.berg,Technical Team,TechStart Inc,Chat,false,
SUP-2000859,Billing Issue - StartupXYZ,Billing Issue,Medium,Escalated,2024-01-11 10:12:48,2024-01-11 15:50:23,,laura.smith,Finance Support,StartupXYZ,Email,false,
SUP-2000860,Technical Support - RetailCo,Technical Support,Medium,Closed,2024-01-23 09:16:58,2024-01-24 22:18:05,2024-01-24 23:05:05,jennifer.wu,Technical Team,RetailCo,Portal,false,6.6
SUP-2000861,Performance Issue - CityCouncil,Performance Issue,Medium,Closed,2024-01-26 13:32:31,2024-02-01 15:35:33,2024-02-01 16:02:33,thomas.berg,Engineering,CityCouncil,Chat,true,4.4
SUP-2000862,Performance Issue - RetailCo,Performance Issue,Medium,Reopened,2024-01-04 11:57:39,2024-01-06 19:25:10,,ryan.kim,Engineering,RetailCo,Portal,false,
SUP-2000863,Feature Request - Individual,Feature Request,High,Reopened,2024-01-23 13:23:18,2024-01-24 06:37:07,,thomas.berg,Product Team,Individual,Chat,false,
SUP-2000864,Technical Support - MedGroup,Technical Support,Medium,Closed,2024-01-07 16:28:24,2024-01-14 04:46:18,2024-01-14 05:28:18,carlos.silva,Technical Team,MedGroup,Portal,true,5.5
SUP-2000865,Performance Issue - Global Finance,Performance Issue,Low,Closed,2024-01-18 08:02:43,2024-01-25 10:06:29,2024-01-25 10:41:29,alex.chen,Engineering,Global Finance,Portal,false,
SUP-2000866,Account Management - TechStart Inc,Account Management,High,Closed,2024-01-10 09:28:54,2024-01-10 12:06:04,2024-01-10 12:13:04,alex.chen,Account Team,TechStart Inc,Email,false,
SUP-2000867,Feature Request - Acme Corp,Feature Request,High,Closed,2024-01-02 15:55:28,2024-01-04 01:13:34,2024-01-04 01:33:34,laura.smith,Product Team,Acme Corp,Portal,true,
SUP-2000868,Data Export/Import - CityCouncil,Data Export/Import,Medium,Closed,2024-01-01 00:20:31,2024-01-02 13:13:10,2024-01-02 13:41:10,ryan.kim,Technical Team,CityCouncil,Phone,false,5.4
SUP-2000869,Account Management - Acme Corp,Account Management,Low,Closed,2024-01-02 08:45:35,2024-01-09 11:48:35,2024-01-09 11:53:35,jennifer.wu,Account Team,Acme Corp,Chat,false,7.3
SUP-2000870,Technical Support - RetailCo,Technical Support,Medium,Closed,2024-01-04 12:25:09,2024-01-05 04:24:55,2024-01-05 05:13:55,ryan.kim,Technical Team,RetailCo,Portal,false,
SUP-2000871,Feature Request - Acme Corp,Feature Request,High,Closed,2024-01-15 12:27:51,2024-01-16 16:36:17,2024-01-16 16:43:17,laura.smith,Product Team,Acme Corp,Chat,true,
SUP-2000872,Billing Issue - Acme Corp,Billing Issue,Medium,Closed,2024-01-11 09:42:04,2024-01-14 10:32:13,2024-01-14 11:28:13,thomas.berg,Finance Support,Acme Corp,Phone,false,4.9
SUP-2000873,Data Export/Import - MedGroup,Data Export/Import,High,Closed,2024-01-05 10:06:06,2024-01-05 14:34:34,2024-01-05 14:59:34,alex.chen,Technical Team,MedGroup,Email,false,7.0
SUP-2000874,Account Management - StartupXYZ,Account Management,Low,Closed,2024-01-25 10:53:47,2024-02-02 09:16:17,2024-02-02 09:45:17,carlos.silva,Account Team,StartupXYZ,Chat,false,7.1
SUP-2000875,Billing Issue - RetailCo,Billing Issue,High,Closed,2024-01-03 13:57:39,2024-01-03 16:30:36,2024-01-03 16:43:36,maya.patel,Finance Support,RetailCo,Email,false,7.9
SUP-2000876,Billing Issue - RetailCo,Billing Issue,Medium,Closed,2024-01-24 13:54:15,2024-01-25 22:56:28,2024-01-25 23:02:28,ryan.kim,Finance Support,RetailCo,Phone,false,7.0
SUP-2000877,Data Export/Import - Global Finance,Data Export/Import,Low,Closed,2024-01-04 14:48:33,2024-01-10 08:45:43,2024-01-10 08:58:43,sofia.moreau,Technical Team,Global Finance,Portal,false,
SUP-2000878,Data Export/Import - Global Finance,Data Export/Import,Medium,Closed,2024-01-26 00:54:12,2024-01-28 23:02:27,2024-01-28 23:39:27,carlos.silva,Technical Team,Global Finance,Email,false,6.2
SUP-2000879,Billing Issue - MedGroup,Billing Issue,Medium,Closed,2024-01-16 10:56:26,2024-01-17 01:05:40,2024-01-17 01:56:40,jennifer.wu,Finance Support,MedGroup,Phone,false,5.5
SUP-2000880,Feature Request - Acme Corp,Feature Request,High,Closed,2024-01-01 12:11:43,2024-01-02 17:43:27,2024-01-02 18:07:27,laura.smith,Product Team,Acme Corp,Email,true,5.8
SUP-2000881,Feature Request - Individual,Feature Request,Low,Closed,2024-01-23 09:00:29,2024-02-02 04:55:12,2024-02-02 05:42:12,jennifer.wu,Product Team,Individual,Phone,false,7.6
SUP-2000882,Technical Support - StartupXYZ,Technical Support,Critical,Closed,2024-01-23 11:45:56,2024-01-23 13:51:42,2024-01-23 14:42:42,maya.patel,Technical Team,StartupXYZ,Phone,false,7.5
SUP-2000883,Billing Issue - MedGroup,Billing Issue,Medium,Closed,2024-01-16 09:02:27,2024-01-17 08:45:33,2024-01-17 09:10:33,alex.chen,Finance Support,MedGroup,Phone,false,6.5
SUP-2000884,Billing Issue - Global Finance,Billing Issue,Medium,Closed,2024-01-01 08:58:50,2024-01-01 18:54:49,2024-01-01 19:05:49,alex.chen,Finance Support,Global Finance,Phone,false,8.1
SUP-2000885,Technical Support - MedGroup,Technical Support,Medium,Closed,2024-01-23 23:41:15,2024-01-25 19:47:27,2024-01-25 20:34:27,alex.chen,Technical Team,MedGroup,Portal,false,6.4
SUP-2000886,Account Management - RetailCo,Account Management,Medium,Closed,2024-01-12 13:48:12,2024-01-13 02:14:29,2024-01-13 02:37:29,ryan.kim,Account Team,RetailCo,Chat,false,6.2
SUP-2000887,Performance Issue - RetailCo,Performance Issue,Medium,Reopened,2024-01-15 10:02:07,2024-01-18 04:12:09,,sofia.moreau,Engineering,RetailCo,Email,false,
SUP-2000888,Billing Issue - TechStart Inc,Billing Issue,Medium,Closed,2024-01-23 10:01:04,2024-01-24 07:15:36,2024-01-24 07:50:36,jennifer.wu,Finance Support,TechStart Inc,Chat,false,6.5
SUP-2000889,Billing Issue - TechStart Inc,Billing Issue,Medium,Reopened,2024-01-15 08:00:22,2024-01-15 14:43:46,,alex.chen,Finance Support,TechStart Inc,Email,false,
SUP-2000890,Feature Request - Global Finance,Feature Request,Critical,Closed,2024-01-26 08:12:40,2024-01-26 17:12:46,2024-01-26 18:06:46,alex.chen,Product Team,Global Finance,Email,true,5.4
SUP-2000891,Billing Issue - TechStart Inc,Billing Issue,Medium,Closed,2024-01-24 11:52:18,2024-01-25 05:52:25,2024-01-25 06:32:25,sofia.moreau,Finance Support,TechStart Inc,Phone,false,7.5
SUP-2000892,Data Export/Import - Individual,Data Export/Import,Low,Closed,2024-01-24 13:06:40,2024-01-28 12:09:39,2024-01-28 12:38:39,laura.smith,Technical Team,Individual,Email,false,
SUP-2000893,Technical Support - Acme Corp,Technical Support,Low,Closed,2024-01-03 08:37:09,2024-01-16 07:57:12,2024-01-16 08:09:12,thomas.berg,Technical Team,Acme Corp,Phone,true,4.6
SUP-2000894,Technical Support - MedGroup,Technical Support,Medium,Closed,2024-01-10 10:02:23,2024-01-14 17:21:38,2024-01-14 18:19:38,jennifer.wu,Technical Team,MedGroup,Email,true,5.6
SUP-2000895,Feature Request - Acme Corp,Feature Request,Medium,Closed,2024-01-14 09:05:41,2024-01-17 01:11:50,2024-01-17 01:40:50,laura.smith,Product Team,Acme Corp,Phone,false,5.3
SUP-2000896,Account Management - CityCouncil,Account Management,Low,Closed,2024-01-18 05:51:39,2024-01-20 18:44:30,2024-01-20 19:28:30,sofia.moreau,Account Team,CityCouncil,Phone,false,
SUP-2000897,Performance Issue - CityCouncil,Performance Issue,Low,Closed,2024-01-26 20:52:04,2024-01-29 07:07:09,2024-01-29 07:55:09,alex.chen,Engineering,CityCouncil,Chat,false,6.6
SUP-2000898,Billing Issue - MedGroup,Billing Issue,Low,Closed,2024-01-10 03:35:12,2024-01-13 10:52:17,2024-01-13 11:27:17,maya.patel,Finance Support,MedGroup,Portal,false,6.8
SUP-2000899,Billing Issue - MedGroup,Billing Issue,Medium,Closed,2024-01-11 13:12:18,2024-01-13 07:58:20,2024-01-13 08:37:20,alex.chen,Finance Support,MedGroup,Email,false,
SUP-2000900,Data Export/Import - MedGroup,Data Export/Import,Medium,Closed,2024-01-23 04:06:25,2024-01-24 05:18:30,2024-01-24 05:42:30,jennifer.wu,Technical Team,MedGroup,Portal,false,6.1
SUP-2000901,Technical Support - Acme Corp,Technical Support,Medium,Closed,2024-01-24 10:58:30,2024-01-26 16:12:40,2024-01-26 16:45:40,sofia.moreau,Technical Team,Acme Corp,Portal,false,6.5
SUP-2000902,Feature Request - Acme Corp,Feature Request,Critical,Closed,2024-01-17 22:08:34,2024-01-18 05:04:27,2024-01-18 05:12:27,jennifer.wu,Product Team,Acme Corp,Portal,true,
SUP-2000903,Billing Issue - Acme Corp,Billing Issue,Low,Closed,2024-01-18 08:43:20,2024-01-20 16:38:22,2024-01-20 17:01:22,carlos.silva,Finance Support,Acme Corp,Portal,false,6.3
SUP-2000904,Billing Issue - Acme Corp,Billing Issue,Medium,Closed,2024-01-18 00:32:58,2024-01-18 07:24:08,2024-01-18 07:50:08,alex.chen,Finance Support,Acme Corp,Phone,false,8.4
SUP-2000905,Billing Issue - TechStart Inc,Billing Issue,Medium,Closed,2024-01-01 09:56:49,2024-01-02 15:19:51,2024-01-02 16:00:51,carlos.silva,Finance Support,TechStart Inc,Phone,false,6.6
SUP-2000906,Billing Issue - RetailCo,Billing Issue,High,Closed,2024-01-04 11:12:12,2024-01-04 23:26:44,2024-01-05 00:08:44,jennifer.wu,Finance Support,RetailCo,Portal,false,7.7
SUP-2000907,Account Management - TechStart Inc,Account Management,Medium,Closed,2024-01-10 12:32:45,2024-01-10 19:41:26,2024-01-10 20:04:26,alex.chen,Account Team,TechStart Inc,Phone,false,6.9
SUP-2000908,Performance Issue - Acme Corp,Performance Issue,Medium,Closed,2024-01-08 11:38:00,2024-01-09 15:44:49,2024-01-09 16:08:49,ryan.kim,Engineering,Acme Corp,Phone,false,4.4
SUP-2000909,Billing Issue - StartupXYZ,Billing Issue,Medium,Closed,2024-01-26 10:07:24,2024-01-29 03:58:49,2024-01-29 04:07:49,sofia.moreau,Finance Support,StartupXYZ,Phone,false,7.7
SUP-2000910,Account Management - CityCouncil,Account Management,High,Closed,2024-01-25 08:29:39,2024-01-25 15:33:29,2024-01-25 16:31:29,ryan.kim,Account Team,CityCouncil,Portal,false,7.3
SUP-2000911,Billing Issue - Individual,Billing Issue,Medium,Closed,2024-01-15 10:12:57,2024-01-16 06:25:15,2024-01-16 07:18:15,maya.patel,Finance Support,Individual,Portal,false,7.6
SUP-2000912,Technical Support - UniServices,Technical Support,Medium,Closed,2024-01-08 15:52:12,2024-01-09 08:51:30,2024-01-09 09:26:30,sofia.moreau,Technical Team,UniServices,Portal,false,
SUP-2000913,Performance Issue - Global Finance,Performance Issue,Low,Closed,2024-01-15 14:26:03,2024-01-21 17:13:18,2024-01-21 17:49:18,thomas.berg,Engineering,Global Finance,Chat,false,4.6
SUP-2000914,Account Management - CityCouncil,Account Management,Medium,Closed,2024-01-15 04:30:13,2024-01-15 22:47:16,2024-01-15 23:33:16,sofia.moreau,Account Team,CityCouncil,Portal,false,7.1
SUP-2000915,Account Management - UniServices,Account Management,Low,Closed,2024-01-04 15:02:42,2024-01-06 04:29:30,2024-01-06 05:12:30,laura.smith,Account Team,UniServices,Chat,false,8.8
SUP-2000916,Account Management - Global Finance,Account Management,Critical,Closed,2024-01-19 10:49:43,2024-01-19 15:43:04,2024-01-19 16:10:04,sofia.moreau,Account Team,Global Finance,Portal,true,8.0
SUP-2000917,Data Export/Import - Acme Corp,Data Export/Import,High,Closed,2024-01-24 11:45:27,2024-01-25 04:19:02,2024-01-25 04:41:02,maya.patel,Technical Team,Acme Corp,Email,false,7.8
SUP-2000918,Integration Problem - RetailCo,Integration Problem,High,Closed,2024-01-03 11:27:40,2024-01-03 16:38:21,2024-01-03 16:47:21,jennifer.wu,Integration Team,RetailCo,Phone,false,6.3
SUP-2000919,Integration Problem - UniServices,Integration Problem,Low,Closed,2024-01-08 12:05:52,2024-01-19 22:29:00,2024-01-19 23:16:00,carlos.silva,Integration Team,UniServices,Portal,true,
SUP-2000920,Billing Issue - UniServices,Billing Issue,Medium,Closed,2024-01-22 14:36:30,2024-01-23 17:18:58,2024-01-23 18:09:58,carlos.silva,Finance Support,UniServices,Email,false,
SUP-2000921,Billing Issue - TechStart Inc,Billing Issue,Medium,Closed,2024-01-12 05:03:17,2024-01-13 09:27:53,2024-01-13 09:54:53,jennifer.wu,Finance Support,TechStart Inc,Phone,false,7.9
SUP-2000922,Technical Support - UniServices,Technical Support,Medium,Closed,2024-01-23 14:35:58,2024-01-25 01:19:10,2024-01-25 01:44:10,laura.smith,Technical Team,UniServices,Chat,false,
SUP-2000923,Technical Support - MedGroup,Technical Support,High,Closed,2024-01-23 10:02:37,2024-01-23 21:17:55,2024-01-23 22:00:55,jennifer.wu,Technical Team,MedGroup,Phone,false,6.1
SUP-2000924,Account Management - Individual,Account Management,Medium,Closed,2024-01-25 08:39:09,2024-01-26 11:34:37,2024-01-26 12:09:37,laura.smith,Account Team,Individual,Email,false,
SUP-2000925,Feature Request - Acme Corp,Feature Request,Low,Closed,2024-01-22 19:54:32,2024-01-24 10:21:23,2024-01-24 10:47:23,jennifer.wu,Product Team,Acme Corp,Phone,false,4.9
SUP-2000926,Technical Support - Global Finance,Technical Support,Medium,Closed,2024-01-18 09:45:29,2024-01-21 05:55:16,2024-01-21 06:47:16,jennifer.wu,Technical Team,Global Finance,Portal,false,
SUP-2000927,Account Management - UniServices,Account Management,Medium,Reopened,2024-01-15 16:59:47,2024-01-16 04:18:56,,sofia.moreau,Account Team,UniServices,Email,false,
SUP-2000928,Account Management - MedGroup,Account Management,Medium,Closed,2024-01-16 13:06:29,2024-01-18 21:20:06,2024-01-18 22:04:06,laura.smith,Account Team,MedGroup,Chat,false,
SUP-2000929,Technical Support - Acme Corp,Technical Support,High,Closed,2024-01-04 09:38:46,2024-01-04 13:26:34,2024-01-04 14:11:34,laura.smith,Technical Team,Acme Corp,Chat,false,6.6
SUP-2000930,Feature Request - StartupXYZ,Feature Request,High,Escalated,2024-01-27 12:11:18,2024-01-27 22:06:08,,laura.smith,Product Team,StartupXYZ,Chat,false,
SUP-2000931,Technical Support - UniServices,Technical Support,Medium,Closed,2024-01-22 09:00:05,2024-01-23 17:11:32,2024-01-23 17:29:32,ryan.kim,Technical Team,UniServices,Portal,false,6.5
SUP-2000932,Data Export/Import - Acme Corp,Data Export/Import,High,Closed,2024-01-03 14:33:41,2024-01-03 21:35:43,2024-01-03 22:17:43,maya.patel,Technical Team,Acme Corp,Chat,false,7.1
SUP-2000933,Account Management - MedGroup,Account Management,High,Escalated,2024-01-05 11:27:15,2024-01-06 03:52:22,,maya.patel,Account Team,MedGroup,Portal,false,
SUP-2000934,Billing Issue - CityCouncil,Billing Issue,Medium,Escalated,2024-01-03 13:47:06,2024-01-04 12:13:34,,ryan.kim,Finance Support,CityCouncil,Email,false,
SUP-2000935,Integration Problem - Acme Corp,Integration Problem,High,Closed,2024-01-01 14:39:41,2024-01-03 14:47:10,2024-01-03 15:39:10,thomas.berg,Integration Team,Acme Corp,Email,true,2.8
SUP-2000936,Billing Issue - TechStart Inc,Billing Issue,Medium,Closed,2024-01-08 11:10:52,2024-01-10 14:58:09,2024-01-10 15:18:09,thomas.berg,Finance Support,TechStart Inc,Phone,false,
SUP-2000937,Account Management - TechStart Inc,Account Management,Medium,Closed,2024-01-17 08:41:28,2024-01-18 04:27:51,2024-01-18 04:52:51,alex.chen,Account Team,TechStart Inc,Chat,false,7.2
SUP-2000938,Integration Problem - StartupXYZ,Integration Problem,Medium,Closed,2024-01-17 12:01:06,2024-01-23 01:19:34,2024-01-23 02:09:34,ryan.kim,Integration Team,StartupXYZ,Phone,true,6.8
SUP-2000939,Feature Request - Individual,Feature Request,High,Closed,2024-01-08 11:10:13,2024-01-09 00:34:40,2024-01-09 00:43:40,ryan.kim,Product Team,Individual,Chat,false,
SUP-2000940,Technical Support - RetailCo,Technical Support,High,Closed,2024-01-18 08:47:28,2024-01-18 11:37:13,2024-01-18 11:47:13,carlos.silva,Technical Team,RetailCo,Portal,false,5.7
SUP-2000941,Feature Request - MedGroup,Feature Request,Low,Reopened,2024-01-15 08:43:48,2024-02-03 11:26:53,,ryan.kim,Product Team,MedGroup,Email,false,
SUP-2000942,Integration Problem - RetailCo,Integration Problem,Medium,Closed,2024-01-01 23:23:29,2024-01-06 14:38:13,2024-01-06 15:28:13,jennifer.wu,Integration Team,RetailCo,Portal,true,
SUP-2000943,Data Export/Import - UniServices,Data Export/Import,Medium,Closed,2024-01-09 11:39:14,2024-01-10 22:41:52,2024-01-10 23:14:52,laura.smith,Technical Team,UniServices,Chat,false,7.6
SUP-2000944,Billing Issue - Global Finance,Billing Issue,Low,Closed,2024-01-12 09:35:20,2024-01-18 11:45:37,2024-01-18 12:45:37,laura.smith,Finance Support,Global Finance,Portal,false,6.3
SUP-2000945,Technical Support - Global Finance,Technical Support,Medium,Closed,2024-01-20 13:22:38,2024-01-20 19:52:35,2024-01-20 20:40:35,alex.chen,Technical Team,Global Finance,Chat,false,6.5
SUP-2000946,Account Management - TechStart Inc,Account Management,Medium,Closed,2024-01-06 09:46:22,2024-01-06 19:44:29,2024-01-06 20:32:29,alex.chen,Account Team,TechStart Inc,Phone,false,
SUP-2000947,Data Export/Import - MedGroup,Data Export/Import,Low,Closed,2024-01-05 11:09:47,2024-01-07 12:58:26,2024-01-07 13:57:26,carlos.silva,Technical Team,MedGroup,Phone,false,
SUP-2000948,Technical Support - Acme Corp,Technical Support,Low,Closed,2024-01-03 10:22:18,2024-01-06 16:42:49,2024-01-06 16:50:49,jennifer.wu,Technical Team,Acme Corp,Phone,false,
SUP-2000949,Technical Support - MedGroup,Technical Support,Medium,Closed,2024-01-24 14:03:53,2024-01-25 09:35:33,2024-01-25 10:34:33,alex.chen,Technical Team,MedGroup,Chat,false,
SUP-2000950,Technical Support - Acme Corp,Technical Support,Low,Escalated,2024-01-09 13:13:43,2024-01-14 12:36:02,,carlos.silva,Technical Team,Acme Corp,Portal,false,
SUP-2000951,Billing Issue - Global Finance,Billing Issue,Low,Escalated,2024-01-20 11:35:53,2024-01-21 08:19:11,,laura.smith,Finance Support,Global Finance,Email,false,
SUP-2000952,Technical Support - Acme Corp,Technical Support,Medium,Escalated,2024-01-15 13:29:07,2024-01-20 23:27:41,,carlos.silva,Technical Team,Acme Corp,Chat,false,
SUP-2000953,Technical Support - TechStart Inc,Technical Support,Medium,Closed,2024-01-17 02:30:14,2024-01-18 03:33:53,2024-01-18 03:50:53,ryan.kim,Technical Team,TechStart Inc,Chat,false,7.0
SUP-2000954,Billing Issue - RetailCo,Billing Issue,High,Closed,2024-01-23 11:29:17,2024-01-23 19:53:09,2024-01-23 20:43:09,jennifer.wu,Finance Support,RetailCo,Phone,false,6.2
SUP-2000955,Feature Request - UniServices,Feature Request,Medium,Closed,2024-01-04 12:37:44,2024-01-05 15:22:40,2024-01-05 15:53:40,alex.chen,Product Team,UniServices,Phone,false,7.3
SUP-2000956,Account Management - Global Finance,Account Management,High,Closed,2024-01-26 12:23:33,2024-01-26 20:37:34,2024-01-26 21:18:34,ryan.kim,Account Team,Global Finance,Phone,false,
SUP-2000957,Technical Support - RetailCo,Technical Support,Medium,Closed,2024-01-05 20:00:35,2024-01-06 19:05:24,2024-01-06 19:54:24,maya.patel,Technical Team,RetailCo,Chat,false,6.6
SUP-2000958,Integration Problem - TechStart Inc,Integration Problem,Medium,Escalated,2024-01-08 10:23:59,2024-01-10 23:13:56,,sofia.moreau,Integration Team,TechStart Inc,Phone,false,
SUP-2000959,Technical Support - TechStart Inc,Technical Support,Medium,Closed,2024-01-01 11:31:50,2024-01-02 21:45:11,2024-01-02 21:54:11,laura.smith,Technical Team,TechStart Inc,Chat,false,7.6
SUP-2000960,Performance Issue - Global Finance,Performance Issue,Low,Closed,2024-01-27 05:01:15,2024-02-12 03:09:19,2024-02-12 03:56:19,alex.chen,Engineering,Global Finance,Chat,true,6.7
SUP-2000961,Performance Issue - Acme Corp,Performance Issue,Medium,Escalated,2024-01-03 02:30:17,2024-01-04 05:37:37,,carlos.silva,Engineering,Acme Corp,Chat,false,
SUP-2000962,Billing Issue - TechStart Inc,Billing Issue,Critical,Closed,2024-01-09 14:33:45,2024-01-09 16:18:13,2024-01-09 16:33:13,carlos.silva,Finance Support,TechStart Inc,Chat,false,7.4
SUP-2000963,Account Management - TechStart Inc,Account Management,High,Closed,2024-01-25 09:28:46,2024-01-25 19:53:59,2024-01-25 20:51:59,carlos.silva,Account Team,TechStart Inc,Chat,false,5.9
SUP-2000964,Billing Issue - Individual,Billing Issue,High,Closed,2024-01-08 15:36:29,2024-01-08 23:25:45,2024-01-09 00:20:45,carlos.silva,Finance Support,Individual,Chat,false,
SUP-2000965,Billing Issue - Individual,Billing Issue,Medium,Reopened,2024-01-08 11:46:41,2024-01-08 18:11:54,,ryan.kim,Finance Support,Individual,Email,false,
SUP-2000966,Feature Request - TechStart Inc,Feature Request,Critical,Closed,2024-01-08 01:19:30,2024-01-08 03:34:09,2024-01-08 04:01:09,carlos.silva,Product Team,TechStart Inc,Chat,false,5.2
SUP-2000967,Billing Issue - RetailCo,Billing Issue,Low,Closed,2024-01-03 21:23:47,2024-01-06 04:20:03,2024-01-06 05:19:03,alex.chen,Finance Support,RetailCo,Portal,false,6.8
SUP-2000968,Data Export/Import - TechStart Inc,Data Export/Import,Medium,Escalated,2024-01-25 08:46:16,2024-01-25 21:56:40,,laura.smith,Technical Team,TechStart Inc,Email,false,
SUP-2000969,Feature Request - StartupXYZ,Feature Request,High,Closed,2024-01-18 15:23:14,2024-01-19 12:35:43,2024-01-19 13:02:43,alex.chen,Product Team,StartupXYZ,Phone,false,6.7
SUP-2000970,Integration Problem - TechStart Inc,Integration Problem,High,Closed,2024-01-08 09:45:06,2024-01-08 15:24:42,2024-01-08 16:15:42,laura.smith,Integration Team,TechStart Inc,Phone,false,6.2
SUP-2000971,Integration Problem - UniServices,Integration Problem,High,Escalated,2024-01-08 16:25:34,2024-01-09 09:30:54,,jennifer.wu,Integration Team,UniServices,Portal,false,
SUP-2000972,Technical Support - MedGroup,Technical Support,High,Closed,2024-01-12 10:11:39,2024-01-14 05:02:57,2024-01-14 05:54:57,alex.chen,Technical Team,MedGroup,Email,true,6.7
SUP-2000973,Billing Issue - RetailCo,Billing Issue,Medium,Closed,2024-01-09 14:49:45,2024-01-10 04:40:56,2024-01-10 05:12:56,alex.chen,Finance Support,RetailCo,Portal,false,
SUP-2000974,Billing Issue - UniServices,Billing Issue,High,Closed,2024-01-24 08:36:47,2024-01-24 14:53:27,2024-01-24 15:44:27,thomas.berg,Finance Support,UniServices,Chat,false,5.7
SUP-2000975,Integration Problem - StartupXYZ,Integration Problem,Low,Escalated,2024-01-08 13:00:27,2024-01-12 15:21:56,,thomas.berg,Integration Team,StartupXYZ,Phone,false,
SUP-2000976,Account Management - MedGroup,Account Management,Medium,Closed,2024-01-26 10:07:02,2024-01-27 01:25:55,2024-01-27 02:01:55,laura.smith,Account Team,MedGroup,Chat,false,
SUP-2000977,Billing Issue - MedGroup,Billing Issue,Low,Reopened,2024-01-26 16:16:18,2024-01-29 02:25:19,,carlos.silva,Finance Support,MedGroup,Portal,false,
SUP-2000978,Billing Issue - Acme Corp,Billing Issue,Low,Closed,2024-01-12 16:37:34,2024-01-14 11:00:17,2024-01-14 11:40:17,ryan.kim,Finance Support,Acme Corp,Portal,false,6.7
SUP-2000979,Performance Issue - Acme Corp,Performance Issue,Low,Closed,2024-01-25 08:49:12,2024-02-01 21:16:20,2024-02-01 21:35:20,thomas.berg,Engineering,Acme Corp,Chat,false,3.2
SUP-2000980,Billing Issue - TechStart Inc,Billing Issue,Medium,Closed,2024-01-15 09:32:32,2024-01-17 00:37:44,2024-01-17 01:08:44,ryan.kim,Finance Support,TechStart Inc,Email,false,
SUP-2000981,Account Management - Acme Corp,Account Management,Medium,Closed,2024-01-16 12:48:59,2024-01-18 16:54:56,2024-01-18 17:53:56,ryan.kim,Account Team,Acme Corp,Email,false,
SUP-2000982,Account Management - StartupXYZ,Account Management,Medium,Closed,2024-01-08 10:49:11,2024-01-09 02:07:45,2024-01-09 02:31:45,laura.smith,Account Team,StartupXYZ,Chat,false,
SUP-2000983,Technical Support - RetailCo,Technical Support,Medium,Closed,2024-01-22 09:39:38,2024-01-22 16:42:05,2024-01-22 17:35:05,alex.chen,Technical Team,RetailCo,Portal,false,7.0
SUP-2000984,Billing Issue - Individual,Billing Issue,Medium,Closed,2024-01-17 11:05:10,2024-01-17 13:44:11,2024-01-17 13:55:11,alex.chen,Finance Support,Individual,Phone,false,6.4
SUP-2000985,Billing Issue - TechStart Inc,Billing Issue,High,Closed,2024-01-22 23:56:12,2024-01-23 04:25:06,2024-01-23 04:54:06,ryan.kim,Finance Support,TechStart Inc,Portal,false,
SUP-2000986,Performance Issue - CityCouncil,Performance Issue,Medium,Closed,2024-01-05 16:01:13,2024-01-06 00:59:36,2024-01-06 01:07:36,laura.smith,Engineering,CityCouncil,Email,false,
SUP-2000987,Technical Support - Global Finance,Technical Support,Medium,Closed,2024-01-02 10:39:40,2024-01-04 11:02:28,2024-01-04 11:35:28,laura.smith,Technical Team,Global Finance,Phone,false,7.6
SUP-2000988,Feature Request - Acme Corp,Feature Request,Low,Closed,2024-01-18 14:23:30,2024-01-28 01:44:11,2024-01-28 02:44:11,sofia.moreau,Product Team,Acme Corp,Chat,false,5.6
SUP-2000989,Data Export/Import - MedGroup,Data Export/Import,Medium,Closed,2024-01-01 16:35:23,2024-01-03 23:20:55,2024-01-03 23:52:55,sofia.moreau,Technical Team,MedGroup,Chat,false,7.0
SUP-2000990,Performance Issue - Acme Corp,Performance Issue,High,Closed,2024-01-09 11:43:45,2024-01-09 23:44:53,2024-01-10 00:12:53,sofia.moreau,Engineering,Acme Corp,Chat,false,5.4
SUP-2000991,Feature Request - MedGroup,Feature Request,Low,Closed,2024-01-10 09:05:11,2024-01-29 17:20:51,2024-01-29 18:19:51,alex.chen,Product Team,MedGroup,Email,true,
SUP-2000992,Technical Support - UniServices,Technical Support,Medium,Closed,2024-01-03 10:13:13,2024-01-04 07:09:19,2024-01-04 07:24:19,carlos.silva,Technical Team,UniServices,Email,false,6.7
SUP-2000993,Billing Issue - RetailCo,Billing Issue,Critical,Closed,2024-01-03 12:43:15,2024-01-03 13:33:25,2024-01-03 14:25:25,sofia.moreau,Finance Support,RetailCo,Phone,false,
SUP-2000994,Billing Issue - UniServices,Billing Issue,Medium,Reopened,2024-01-03 04:14:45,2024-01-03 17:08:34,,ryan.kim,Finance Support,UniServices,Chat,false,
SUP-2000995,Data Export/Import - Global Finance,Data Export/Import,High,Closed,2024-01-26 10:47:59,2024-01-26 22:50:02,2024-01-26 23:10:02,maya.patel,Technical Team,Global Finance,Chat,false,6.9
SUP-2000996,Feature Request - Individual,Feature Request,High,Closed,2024-01-03 09:25:34,2024-01-03 16:37:35,2024-01-03 17:22:35,laura.smith,Product Team,Individual,Email,false,
SUP-2000997,Performance Issue - CityCouncil,Performance Issue,Medium,Closed,2024-01-03 09:46:47,2024-01-07 14:43:22,2024-01-07 15:40:22,laura.smith,Engineering,CityCouncil,Email,true,6.6
SUP-2000998,Billing Issue - Acme Corp,Billing Issue,High,Closed,2024-01-03 12:19:37,2024-01-04 04:50:50,2024-01-04 05:34:50,ryan.kim,Finance Support,Acme Corp,Email,false,5.2
SUP-2000999,Integration Problem - TechStart Inc,Integration Problem,High,Reopened,2024-01-19 09:12:50,2024-01-20 00:12:50,,ryan.kim,Integration Team,TechStart Inc,Email,false,
SUP-2001000,Technical Support - MedGroup,Technical Support,Low,Closed,2024-01-10 13:44:59,2024-01-22 07:29:14,2024-01-22 07:34:14,ryan.kim,Technical Team,MedGroup,Email,true,4.9
SUP-2001001,Technical Support - Acme Corp,Technical Support,Medium,Closed,2024-01-04 16:55:35,2024-01-06 15:20:12,2024-01-06 15:34:12,maya.patel,Technical Team,Acme Corp,Email,false,7.0
SUP-2001002,Technical Support - TechStart Inc,Technical Support,Medium,Closed,2024-01-01 09:44:58,2024-01-03 01:43:29,2024-01-03 02:19:29,thomas.berg,Technical Team,TechStart Inc,Phone,false,5.9
SUP-2001003,Performance Issue - RetailCo,Performance Issue,Medium,Escalated,2024-01-19 07:37:42,2024-01-22 03:24:24,,laura.smith,Engineering,RetailCo,Phone,false,
SUP-2001004,Feature Request - StartupXYZ,Feature Request,High,Closed,2024-01-08 13:51:17,2024-01-08 21:08:10,2024-01-08 21:41:10,sofia.moreau,Product Team,StartupXYZ,Phone,false,6.8
SUP-2001005,Billing Issue - Global Finance,Billing Issue,Low,Closed,2024-01-25 15:27:22,2024-01-27 23:07:55,2024-01-27 23:49:55,laura.smith,Finance Support,Global Finance,Email,false,6.7
SUP-2001006,Feature Request - MedGroup,Feature Request,High,Closed,2024-01-20 11:31:24,2024-01-23 01:24:10,2024-01-23 02:02:10,sofia.moreau,Product Team,MedGroup,Phone,true,
SUP-2001007,Billing Issue - RetailCo,Billing Issue,Low,Closed,2024-01-21 06:32:04,2024-01-28 22:04:58,2024-01-28 22:44:58,laura.smith,Finance Support,RetailCo,Email,false,6.5
SUP-2001008,Billing Issue - Acme Corp,Billing Issue,High,Closed,2024-01-05 09:58:28,2024-01-06 04:10:07,2024-01-06 04:32:07,ryan.kim,Finance Support,Acme Corp,Chat,false,6.0
SUP-2001009,Account Management - TechStart Inc,Account Management,Low,Closed,2024-01-01 15:15:47,2024-01-03 08:27:17,2024-01-03 09:04:17,laura.smith,Account Team,TechStart Inc,Phone,false,7.5
SUP-2001010,Feature Request - TechStart Inc,Feature Request,High,Closed,2024-01-24 14:14:50,2024-01-25 04:32:18,2024-01-25 04:52:18,laura.smith,Product Team,TechStart Inc,Chat,false,6.8
SUP-2001011,Data Export/Import - Acme Corp,Data Export/Import,Medium,Closed,2024-01-08 15:22:40,2024-01-09 20:27:47,2024-01-09 21:11:47,carlos.silva,Technical Team,Acme Corp,Phone,false,
SUP-2001012,Account Management - TechStart Inc,Account Management,Medium,Closed,2024-01-18 09:59:12,2024-01-19 14:30:06,2024-01-19 14:49:06,sofia.moreau,Account Team,TechStart Inc,Portal,false,6.5
SUP-2001013,Feature Request - Acme Corp,Feature Request,Critical,Escalated,2024-01-01 09:20:50,2024-01-01 16:41:37,,alex.chen,Product Team,Acme Corp,Email,false,
SUP-2001014,Data Export/Import - RetailCo,Data Export/Import,High,Closed,2024-01-12 09:41:15,2024-01-12 10:54:41,2024-01-12 11:48:41,alex.chen,Technical Team,RetailCo,Email,false,7.6
SUP-2001015,Technical Support - TechStart Inc,Technical Support,Critical,Closed,2024-01-22 14:27:10,2024-01-22 18:03:08,2024-01-22 18:39:08,laura.smith,Technical Team,TechStart Inc,Phone,false,
SUP-2001016,Integration Problem - UniServices,Integration Problem,Medium,Escalated,2024-01-22 08:05:13,2024-01-23 06:21:00,,ryan.kim,Integration Team,UniServices,Chat,false,
SUP-2001017,Billing Issue - UniServices,Billing Issue,Medium,Escalated,2024-01-16 14:34:25,2024-01-20 21:31:52,,thomas.berg,Finance Support,UniServices,Phone,false,
SUP-2001018,Technical Support - Acme Corp,Technical Support,Low,Closed,2024-01-02 14:46:25,2024-01-05 21:58:01,2024-01-05 22:21:01,sofia.moreau,Technical Team,Acme Corp,Email,false,5.3
SUP-2001019,Billing Issue - MedGroup,Billing Issue,Medium,Reopened,2024-01-01 10:31:26,2024-01-02 00:11:16,,maya.patel,Finance Support,MedGroup,Portal,false,
SUP-2001020,Integration Problem - TechStart Inc,Integration Problem,Medium,Escalated,2024-01-11 13:55:28,2024-01-12 09:22:51,,thomas.berg,Integration Team,TechStart Inc,Chat,false,
SUP-2001021,Performance Issue - Acme Corp,Performance Issue,Medium,Closed,2024-01-05 09:44:01,2024-01-05 18:26:18,2024-01-05 18:31:18,laura.smith,Engineering,Acme Corp,Portal,false,
SUP-2001022,Account Management - Acme Corp,Account Management,Medium,Closed,2024-01-24 03:40:13,2024-01-25 21:20:21,2024-01-25 22:07:21,sofia.moreau,Account Team,Acme Corp,Portal,false,6.2
SUP-2001023,Account Management - TechStart Inc,Account Management,Medium,Escalated,2024-01-24 08:33:47,2024-01-25 05:40:57,,alex.chen,Account Team,TechStart Inc,Phone,false,
SUP-2001024,Technical Support - Global Finance,Technical Support,Medium,Closed,2024-01-11 12:45:50,2024-01-13 13:43:20,2024-01-13 14:16:20,carlos.silva,Technical Team,Global Finance,Phone,false,4.9
SUP-2001025,Performance Issue - TechStart Inc,Performance Issue,Medium,Closed,2024-01-15 16:37:09,2024-01-16 23:33:21,2024-01-16 23:39:21,jennifer.wu,Engineering,TechStart Inc,Email,false,6.9
SUP-2001026,Account Management - Acme Corp,Account Management,Critical,Closed,2024-01-01 11:20:46,2024-01-01 15:39:53,2024-01-01 16:30:53,thomas.berg,Account Team,Acme Corp,Portal,true,6.7
SUP-2001027,Billing Issue - Global Finance,Billing Issue,Medium,Closed,2024-01-01 15:58:04,2024-01-03 15:00:59,2024-01-03 15:59:59,ryan.kim,Finance Support,Global Finance,Email,false,5.4
SUP-2001028,Data Export/Import - Acme Corp,Data Export/Import,Medium,Escalated,2024-01-08 16:08:47,2024-01-11 12:58:29,,laura.smith,Technical Team,Acme Corp,Email,false,
SUP-2001029,Account Management - Global Finance,Account Management,High,Closed,2024-01-12 04:04:55,2024-01-12 12:31:09,2024-01-12 13:05:09,alex.chen,Account Team,Global Finance,Phone,false,7.4
SUP-2001030,Technical Support - TechStart Inc,Technical Support,Medium,Closed,2024-01-08 08:56:54,2024-01-09 13:35:25,2024-01-09 14:15:25,alex.chen,Technical Team,TechStart Inc,Chat,false,7.5
SUP-2001031,Feature Request - TechStart Inc,Feature Request,Low,Closed,2024-01-02 16:22:19,2024-01-11 08:19:09,2024-01-11 08:38:09,alex.chen,Product Team,TechStart Inc,Email,false,
SUP-2001032,Technical Support - RetailCo,Technical Support,Medium,Closed,2024-01-16 09:54:59,2024-01-18 02:29:20,2024-01-18 03:04:20,laura.smith,Technical Team,RetailCo,Portal,false,7.9
SUP-2001033,Integration Problem - Global Finance,Integration Problem,Medium,Reopened,2024-01-12 17:47:43,2024-01-14 15:42:32,,maya.patel,Integration Team,Global Finance,Portal,false,
SUP-2001034,Billing Issue - MedGroup,Billing Issue,Medium,Escalated,2024-01-18 10:17:19,2024-01-21 06:20:07,,carlos.silva,Finance Support,MedGroup,Email,false,
SUP-2001035,Account Management - Individual,Account Management,High,Closed,2024-01-15 13:42:27,2024-01-15 17:31:23,2024-01-15 17:48:23,ryan.kim,Account Team,Individual,Chat,false,
SUP-2001036,Technical Support - TechStart Inc,Technical Support,Low,Closed,2024-01-05 11:45:42,2024-01-07 03:23:44,2024-01-07 04:12:44,carlos.silva,Technical Team,TechStart Inc,Phone,false,7.7
SUP-2001037,Billing Issue - MedGroup,Billing Issue,High,Escalated,2024-01-17 15:58:23,2024-01-18 06:12:05,,ryan.kim,Finance Support,MedGroup,Phone,false,
SUP-2001038,Billing Issue - UniServices,Billing Issue,Medium,Closed,2024-01-25 13:36:32,2024-01-26 03:45:11,2024-01-26 03:56:11,alex.chen,Finance Support,UniServices,Email,false,6.9
SUP-2001039,Integration Problem - Global Finance,Integration Problem,Low,Closed,2024-01-08 08:53:05,2024-01-12 06:34:55,2024-01-12 06:46:55,carlos.silva,Integration Team,Global Finance,Email,false,5.2
SUP-2001040,Billing Issue - RetailCo,Billing Issue,Medium,Closed,2024-01-06 17:28:56,2024-01-07 16:07:00,2024-01-07 16:55:00,laura.smith,Finance Support,RetailCo,Portal,false,
SUP-2001041,Performance Issue - Acme Corp,Performance Issue,High,Reopened,2024-01-10 08:24:05,2024-01-10 11:34:46,,carlos.silva,Engineering,Acme Corp,Chat,false,
SUP-2001042,Performance Issue - UniServices,Performance Issue,High,Closed,2024-01-15 10:21:34,2024-01-15 20:59:29,2024-01-15 21:22:29,alex.chen,Engineering,UniServices,Email,false,8.0
SUP-2001043,Data Export/Import - MedGroup,Data Export/Import,High,Closed,2024-01-09 11:26:47,2024-01-09 19:41:41,2024-01-09 20:12:41,maya.patel,Technical Team,MedGroup,Email,false,
SUP-2001044,Data Export/Import - TechStart Inc,Data Export/Import,High,Closed,2024-01-01 11:40:18,2024-01-02 10:15:26,2024-01-02 10:31:26,thomas.berg,Technical Team,TechStart Inc,Chat,false,
SUP-2001045,Account Management - Individual,Account Management,Low,Closed,2024-01-17 11:55:42,2024-01-18 14:34:43,2024-01-18 15:18:43,laura.smith,Account Team,Individual,Phone,false,6.9
SUP-2001046,Technical Support - Acme Corp,Technical Support,Medium,Closed,2024-01-03 09:17:03,2024-01-04 15:23:31,2024-01-04 16:17:31,sofia.moreau,Technical Team,Acme Corp,Email,false,6.1
SUP-2001047,Technical Support - TechStart Inc,Technical Support,High,Reopened,2024-01-11 13:34:30,2024-01-11 21:51:25,,carlos.silva,Technical Team,TechStart Inc,Chat,false,
SUP-2001048,Technical Support - TechStart Inc,Technical Support,Low,Closed,2024-01-16 11:31:49,2024-01-19 20:03:57,2024-01-19 20:16:57,ryan.kim,Technical Team,TechStart Inc,Portal,false,6.7
SUP-2001049,Feature Request - Acme Corp,Feature Request,High,Closed,2024-01-17 15:05:53,2024-01-18 06:53:59,2024-01-18 07:09:59,alex.chen,Product Team,Acme Corp,Portal,false,5.1
SUP-2001050,Integration Problem - Global Finance,Integration Problem,Medium,Closed,2024-01-15 13:42:04,2024-01-17 19:13:42,2024-01-17 20:13:42,maya.patel,Integration Team,Global Finance,Chat,false,
SUP-2001051,Performance Issue - UniServices,Performance Issue,Medium,Closed,2024-01-24 12:31:27,2024-01-27 12:10:27,2024-01-27 12:30:27,thomas.berg,Engineering,UniServices,Phone,false,
SUP-2001052,Feature Request - Global Finance,Feature Request,High,Closed,2024-01-08 06:19:31,2024-01-08 19:47:53,2024-01-08 20:18:53,alex.chen,Product Team,Global Finance,Email,false,6.2
SUP-2001053,Technical Support - TechStart Inc,Technical Support,Medium,Closed,2024-01-10 08:11:05,2024-01-10 15:52:05,2024-01-10 16:07:05,jennifer.wu,Technical Team,TechStart Inc,Email,false,6.3
SUP-2001054,Feature Request - StartupXYZ,Feature Request,Medium,Closed,2024-01-04 08:32:07,2024-01-06 18:38:58,2024-01-06 19:08:58,alex.chen,Product Team,StartupXYZ,Portal,false,6.5
SUP-2001055,Technical Support - Acme Corp,Technical Support,Medium,Closed,2024-01-15 00:54:25,2024-01-18 22:27:23,2024-01-18 22:52:23,ryan.kim,Technical Team,Acme Corp,Email,false,6.0
SUP-2001056,Technical Support - Acme Corp,Technical Support,High,Closed,2024-01-15 18:46:27,2024-01-15 23:52:26,2024-01-16 00:25:26,maya.patel,Technical Team,Acme Corp,Chat,false,
SUP-2001057,Performance Issue - MedGroup,Performance Issue,Low,Closed,2024-01-09 11:36:23,2024-01-17 21:52:30,2024-01-17 22:15:30,laura.smith,Engineering,MedGroup,Portal,false,
SUP-2001058,Account Management - UniServices,Account Management,High,Closed,2024-01-22 14:36:57,2024-01-24 13:26:09,2024-01-24 13:54:09,laura.smith,Account Team,UniServices,Portal,true,6.6
SUP-2001059,Technical Support - Global Finance,Technical Support,Medium,Closed,2024-01-01 14:47:22,2024-01-02 02:04:33,2024-01-02 02:18:33,laura.smith,Technical Team,Global Finance,Portal,false,6.3
SUP-2001060,Performance Issue - MedGroup,Performance Issue,Medium,Reopened,2024-01-09 15:53:52,2024-01-15 09:03:23,,carlos.silva,Engineering,MedGroup,Portal,false,
SUP-2001061,Technical Support - TechStart Inc,Technical Support,Medium,Closed,2024-01-03 09:23:26,2024-01-04 19:33:39,2024-01-04 19:49:39,carlos.silva,Technical Team,TechStart Inc,Chat,false,7.5
SUP-2001062,Technical Support - MedGroup,Technical Support,Medium,Closed,2024-01-22 11:46:22,2024-01-25 18:49:28,2024-01-25 19:10:28,jennifer.wu,Technical Team,MedGroup,Portal,false,7.2
SUP-2001063,Feature Request - Acme Corp,Feature Request,Medium,Closed,2024-01-04 09:03:40,2024-01-08 17:20:13,2024-01-08 17:34:13,sofia.moreau,Product Team,Acme Corp,Chat,true,6.1
SUP-2001064,Integration Problem - Acme Corp,Integration Problem,Medium,Closed,2024-01-23 08:31:17,2024-01-27 22:31:18,2024-01-27 22:38:18,ryan.kim,Integration Team,Acme Corp,Chat,true,
SUP-2001065,Billing Issue - UniServices,Billing Issue,Medium,Closed,2024-01-03 07:01:27,2024-01-04 16:54:40,2024-01-04 17:18:40,ryan.kim,Finance Support,UniServices,Email,false,
SUP-2001066,Integration Problem - MedGroup,Integration Problem,Medium,Reopened,2024-01-12 18:18:10,2024-01-14 00:35:24,,carlos.silva,Integration Team,MedGroup,Portal,false,
SUP-2001067,Billing Issue - Acme Corp,Billing Issue,High,Closed,2024-01-24 13:56:12,2024-01-24 20:13:17,2024-01-24 20:37:17,sofia.moreau,Finance Support,Acme Corp,Phone,false,5.8
SUP-2001068,Billing Issue - UniServices,Billing Issue,Medium,Closed,2024-01-04 09:38:10,2024-01-04 18:12:35,2024-01-04 18:44:35,maya.patel,Finance Support,UniServices,Phone,false,6.7
SUP-2001069,Billing Issue - Acme Corp,Billing Issue,Critical,Closed,2024-01-12 12:10:43,2024-01-12 16:45:43,2024-01-12 17:45:43,carlos.silva,Finance Support,Acme Corp,Portal,true,6.0
SUP-2001070,Integration Problem - RetailCo,Integration Problem,Critical,Reopened,2024-01-02 15:01:17,2024-01-02 21:34:28,,carlos.silva,Integration Team,RetailCo,Chat,false,
SUP-2001071,Technical Support - MedGroup,Technical Support,Medium,Closed,2024-01-26 15:18:09,2024-01-28 09:02:20,2024-01-28 09:48:20,maya.patel,Technical Team,MedGroup,Phone,false,6.2
SUP-2001072,Technical Support - Global Finance,Technical Support,High,Escalated,2024-01-22 03:19:46,2024-01-22 11:42:15,,laura.smith,Technical Team,Global Finance,Portal,false,
SUP-2001073,Account Management - Global Finance,Account Management,Medium,Closed,2024-01-12 10:52:09,2024-01-13 15:29:46,2024-01-13 16:13:46,jennifer.wu,Account Team,Global Finance,Portal,false,6.5
SUP-2001074,Integration Problem - RetailCo,Integration Problem,Low,Closed,2024-01-17 01:50:47,2024-01-31 03:37:36,2024-01-31 04:32:36,maya.patel,Integration Team,RetailCo,Phone,true,6.7
SUP-2001075,Performance Issue - RetailCo,Performance Issue,Medium,Closed,2024-01-16 10:18:45,2024-01-17 08:28:59,2024-01-17 08:50:59,alex.chen,Engineering,RetailCo,Chat,false,5.9
SUP-2001076,Data Export/Import - RetailCo,Data Export/Import,High,Closed,2024-01-18 08:12:52,2024-01-19 07:24:18,2024-01-19 08:12:18,carlos.silva,Technical Team,RetailCo,Phone,false,6.7
SUP-2001077,Technical Support - TechStart Inc,Technical Support,Medium,Closed,2024-01-08 05:19:19,2024-01-11 04:25:10,2024-01-11 05:19:10,maya.patel,Technical Team,TechStart Inc,Phone,false,7.7
SUP-2001078,Performance Issue - Individual,Performance Issue,High,Closed,2024-01-12 11:04:01,2024-01-12 14:07:07,2024-01-12 14:12:07,jennifer.wu,Engineering,Individual,Email,false,7.3
SUP-2001079,Technical Support - CityCouncil,Technical Support,Critical,Closed,2024-01-12 10:35:52,2024-01-12 12:18:56,2024-01-12 13:10:56,carlos.silva,Technical Team,CityCouncil,Portal,false,5.6
SUP-2001080,Performance Issue - Global Finance,Performance Issue,Medium,Closed,2024-01-24 06:15:48,2024-01-26 16:32:24,2024-01-26 17:32:24,sofia.moreau,Engineering,Global Finance,Chat,false,
SUP-2001081,Performance Issue - TechStart Inc,Performance Issue,Medium,Escalated,2024-01-15 22:25:05,2024-01-16 11:00:49,,maya.patel,Engineering,TechStart Inc,Email,false,
SUP-2001082,Billing Issue - StartupXYZ,Billing Issue,Low,Closed,2024-01-16 20:34:41,2024-01-21 18:51:19,2024-01-21 19:41:19,thomas.berg,Finance Support,StartupXYZ,Email,false,
SUP-2001083,Billing Issue - TechStart Inc,Billing Issue,Low,Closed,2024-01-15 16:02:45,2024-01-16 08:17:15,2024-01-16 08:22:15,alex.chen,Finance Support,TechStart Inc,Phone,false,8.5
SUP-2001084,Integration Problem - MedGroup,Integration Problem,Medium,Closed,2024-01-23 15:54:09,2024-01-29 18:51:47,2024-01-29 19:04:47,thomas.berg,Integration Team,MedGroup,Email,true,3.5
SUP-2001085,Billing Issue - StartupXYZ,Billing Issue,Low,Closed,2024-01-04 21:22:11,2024-01-06 17:13:22,2024-01-06 17:18:22,jennifer.wu,Finance Support,StartupXYZ,Email,false,
SUP-2001086,Billing Issue - TechStart Inc,Billing Issue,Low,Closed,2024-01-16 16:51:08,2024-01-17 08:47:02,2024-01-17 08:58:02,sofia.moreau,Finance Support,TechStart Inc,Email,false,7.5
SUP-2001087,Data Export/Import - RetailCo,Data Export/Import,Medium,Escalated,2024-01-26 11:48:51,2024-01-27 02:44:07,,sofia.moreau,Technical Team,RetailCo,Chat,false,
SUP-2001088,Performance Issue - RetailCo,Performance Issue,High,Closed,2024-01-25 09:50:54,2024-01-25 16:05:40,2024-01-25 16:51:40,laura.smith,Engineering,RetailCo,Chat,false,
SUP-2001089,Technical Support - UniServices,Technical Support,Medium,Closed,2024-01-05 14:45:58,2024-01-08 05:21:23,2024-01-08 06:00:23,maya.patel,Technical Team,UniServices,Email,false,8.0
SUP-2001090,Performance Issue - UniServices,Performance Issue,Medium,Closed,2024-01-20 12:39:16,2024-01-22 09:24:12,2024-01-22 10:04:12,carlos.silva,Engineering,UniServices,Portal,false,6.8
SUP-2001091,Account Management - UniServices,Account Management,Medium,Closed,2024-01-01 11:48:40,2024-01-02 06:35:08,2024-01-02 06:57:08,alex.chen,Account Team,UniServices,Portal,false,8.6
SUP-2001092,Data Export/Import - MedGroup,Data Export/Import,Low,Closed,2024-01-20 21:57:09,2024-01-28 07:40:16,2024-01-28 08:33:16,laura.smith,Technical Team,MedGroup,Email,false,6.2
SUP-2001093,Billing Issue - StartupXYZ,Billing Issue,Low,Closed,2024-01-01 13:19:33,2024-01-02 01:14:12,2024-01-02 02:12:12,alex.chen,Finance Support,StartupXYZ,Portal,false,7.7
SUP-2001094,Account Management - StartupXYZ,Account Management,Low,Closed,2024-01-24 06:24:14,2024-01-26 23:34:30,2024-01-26 23:39:30,jennifer.wu,Account Team,StartupXYZ,Email,false,
SUP-2001095,Integration Problem - Global Finance,Integration Problem,Medium,Closed,2024-01-01 14:29:02,2024-01-03 09:11:56,2024-01-03 09:19:56,jennifer.wu,Integration Team,Global Finance,Chat,false,4.9
SUP-2001096,Integration Problem - Acme Corp,Integration Problem,Medium,Reopened,2024-01-15 15:41:49,2024-01-18 14:40:29,,maya.patel,Integration Team,Acme Corp,Portal,false,
SUP-2001097,Data Export/Import - Acme Corp,Data Export/Import,Low,Closed,2024-01-09 09:56:18,2024-01-16 04:58:07,2024-01-16 05:11:07,maya.patel,Technical Team,Acme Corp,Email,false,
SUP-2001098,Performance Issue - RetailCo,Performance Issue,Medium,Reopened,2024-01-22 16:56:35,2024-01-23 06:13:44,,sofia.moreau,Engineering,RetailCo,Chat,false,
SUP-2001099,Feature Request - Global Finance,Feature Request,Low,Escalated,2024-01-20 10:53:51,2024-01-26 09:32:29,,sofia.moreau,Product Team,Global Finance,Phone,false,
SUP-2001100,Feature Request - MedGroup,Feature Request,Low,Closed,2024-01-23 08:15:28,2024-01-26 05:23:00,2024-01-26 05:54:00,alex.chen,Product Team,MedGroup,Phone,false,6.0
SUP-2001101,Performance Issue - Acme Corp,Performance Issue,Low,Closed,2024-01-02 11:35:18,2024-01-08 09:49:47,2024-01-08 10:24:47,alex.chen,Engineering,Acme Corp,Phone,false,5.1
SUP-2001102,Technical Support - StartupXYZ,Technical Support,Medium,Closed,2024-01-16 09:09:22,2024-01-16 22:29:05,2024-01-16 23:25:05,maya.patel,Technical Team,StartupXYZ,Chat,false,7.2
SUP-2001103,Feature Request - Acme Corp,Feature Request,Low,Reopened,2024-01-23 09:14:05,2024-01-28 14:19:12,,thomas.berg,Product Team,Acme Corp,Email,false,
SUP-2001104,Account Management - Acme Corp,Account Management,Low,Reopened,2024-01-24 11:56:12,2024-01-25 11:49:36,,alex.chen,Account Team,Acme Corp,Email,false,
SUP-2001105,Feature Request - TechStart Inc,Feature Request,Low,Closed,2024-01-26 20:57:20,2024-02-02 06:46:39,2024-02-02 07:43:39,carlos.silva,Product Team,TechStart Inc,Portal,false,4.6
SUP-2001106,Billing Issue - CityCouncil,Billing Issue,Low,Closed,2024-01-19 14:45:16,2024-01-20 10:35:09,2024-01-20 10:46:09,maya.patel,Finance Support,CityCouncil,Email,false,7.7
SUP-2001107,Billing Issue - MedGroup,Billing Issue,Medium,Reopened,2024-01-05 12:14:34,2024-01-08 18:51:34,,ryan.kim,Finance Support,MedGroup,Email,false,
SUP-2001108,Billing Issue - Acme Corp,Billing Issue,Medium,Closed,2024-01-12 16:15:07,2024-01-16 12:15:19,2024-01-16 12:26:19,maya.patel,Finance Support,Acme Corp,Email,false,7.2
SUP-2001109,Account Management - RetailCo,Account Management,High,Closed,2024-01-24 16:38:10,2024-01-25 01:57:01,2024-01-25 02:28:01,alex.chen,Account Team,RetailCo,Chat,false,7.0
SUP-2001110,Account Management - UniServices,Account Management,Medium,Closed,2024-01-06 13:20:16,2024-01-07 04:40:23,2024-01-07 04:54:23,sofia.moreau,Account Team,UniServices,Email,false,
SUP-2001111,Integration Problem - Acme Corp,Integration Problem,Low,Closed,2024-01-25 10:51:37,2024-02-01 00:26:08,2024-02-01 00:40:08,maya.patel,Integration Team,Acme Corp,Email,false,5.4
SUP-2001112,Billing Issue - Acme Corp,Billing Issue,High,Closed,2024-01-24 09:59:44,2024-01-25 08:41:07,2024-01-25 09:08:07,ryan.kim,Finance Support,Acme Corp,Phone,false,
SUP-2001113,Technical Support - TechStart Inc,Technical Support,Medium,Closed,2024-01-12 08:27:09,2024-01-12 18:18:24,2024-01-12 18:51:24,sofia.moreau,Technical Team,TechStart Inc,Chat,false,6.5
SUP-2001114,Account Management - RetailCo,Account Management,Medium,Closed,2024-01-22 15:19:52,2024-01-23 05:33:29,2024-01-23 06:00:29,alex.chen,Account Team,RetailCo,Email,false,8.0
SUP-2001115,Data Export/Import - CityCouncil,Data Export/Import,Medium,Escalated,2024-01-26 10:23:30,2024-01-28 01:51:10,,maya.patel,Technical Team,CityCouncil,Chat,false,
SUP-2001116,Performance Issue - MedGroup,Performance Issue,Medium,Closed,2024-01-25 10:12:24,2024-01-29 06:03:45,2024-01-29 06:43:45,sofia.moreau,Engineering,MedGroup,Portal,false,4.9
SUP-2001117,Billing Issue - Global Finance,Billing Issue,Medium,Closed,2024-01-22 08:10:12,2024-01-22 19:18:20,2024-01-22 20:12:20,maya.patel,Finance Support,Global Finance,Email,false,6.9
SUP-2001118,Account Management - RetailCo,Account Management,Low,Closed,2024-01-26 11:56:21,2024-02-02 07:25:24,2024-02-02 08:24:24,laura.smith,Account Team,RetailCo,Chat,false,8.3
SUP-2001119,Technical Support - Individual,Technical Support,High,Closed,2024-01-05 10:50:17,2024-01-05 13:13:45,2024-01-05 14:12:45,alex.chen,Technical Team,Individual,Chat,false,7.9
SUP-2001120,Technical Support - UniServices,Technical Support,High,Closed,2024-01-25 08:19:11,2024-01-25 16:04:44,2024-01-25 16:31:44,laura.smith,Technical Team,UniServices,Portal,false,7.7
SUP-2001121,Billing Issue - TechStart Inc,Billing Issue,Medium,Closed,2024-01-06 17:11:29,2024-01-07 08:03:13,2024-01-07 08:27:13,alex.chen,Finance Support,TechStart Inc,Portal,false,6.7
SUP-2001122,Integration Problem - UniServices,Integration Problem,Medium,Reopened,2024-01-03 11:25:42,2024-01-04 05:36:30,,thomas.berg,Integration Team,UniServices,Email,false,
SUP-2001123,Data Export/Import - Global Finance,Data Export/Import,Low,Closed,2024-01-08 09:39:18,2024-01-10 21:13:39,2024-01-10 21:39:39,laura.smith,Technical Team,Global Finance,Chat,false,6.5
SUP-2001124,Account Management - RetailCo,Account Management,Medium,Closed,2024-01-22 15:58:46,2024-01-25 13:36:24,2024-01-25 13:57:24,sofia.moreau,Account Team,RetailCo,Portal,false,
SUP-2001125,Feature Request - TechStart Inc,Feature Request,Medium,Closed,2024-01-19 08:33:17,2024-01-20 05:27:41,2024-01-20 06:04:41,jennifer.wu,Product Team,TechStart Inc,Portal,false,5.2
SUP-2001126,Account Management - TechStart Inc,Account Management,High,Escalated,2024-01-09 23:25:21,2024-01-10 01:29:50,,maya.patel,Account Team,TechStart Inc,Chat,false,
SUP-2001127,Technical Support - RetailCo,Technical Support,Low,Closed,2024-01-04 09:24:14,2024-01-06 02:39:42,2024-01-06 02:53:42,laura.smith,Technical Team,RetailCo,Phone,false,6.8
SUP-2001128,Feature Request - RetailCo,Feature Request,High,Closed,2024-01-01 08:16:11,2024-01-01 20:35:10,2024-01-01 20:53:10,carlos.silva,Product Team,RetailCo,Portal,false,5.7
SUP-2001129,Feature Request - CityCouncil,Feature Request,Low,Closed,2024-01-26 16:46:51,2024-01-30 23:02:36,2024-01-30 23:49:36,laura.smith,Product Team,CityCouncil,Email,false,6.7
SUP-2001130,Technical Support - MedGroup,Technical Support,Medium,Escalated,2024-01-04 11:58:05,2024-01-05 14:53:44,,jennifer.wu,Technical Team,MedGroup,Phone,false,
SUP-2001131,Integration Problem - Acme Corp,Integration Problem,Medium,Closed,2024-01-01 14:21:49,2024-01-05 00:49:42,2024-01-05 01:02:42,sofia.moreau,Integration Team,Acme Corp,Email,false,6.7
SUP-2001132,Technical Support - TechStart Inc,Technical Support,Low,Closed,2024-01-23 10:16:45,2024-01-24 05:46:00,2024-01-24 05:57:00,laura.smith,Technical Team,TechStart Inc,Portal,false,
SUP-2001133,Performance Issue - Acme Corp,Performance Issue,Medium,Reopened,2024-01-04 12:36:59,2024-01-06 03:38:48,,sofia.moreau,Engineering,Acme Corp,Chat,false,
SUP-2001134,Account Management - CityCouncil,Account Management,Medium,Closed,2024-01-22 02:47:37,2024-01-22 18:54:36,2024-01-22 19:03:36,jennifer.wu,Account Team,CityCouncil,Chat,false,8.7
SUP-2001135,Billing Issue - RetailCo,Billing Issue,Low,Escalated,2024-01-24 10:30:45,2024-01-27 17:04:01,,laura.smith,Finance Support,RetailCo,Email,false,
SUP-2001136,Integration Problem - UniServices,Integration Problem,Medium,Closed,2024-01-15 15:44:46,2024-01-16 22:24:10,2024-01-16 22:51:10,jennifer.wu,Integration Team,UniServices,Chat,false,
SUP-2001137,Technical Support - CityCouncil,Technical Support,Medium,Closed,2024-01-23 09:20:47,2024-01-27 11:57:22,2024-01-27 12:10:22,alex.chen,Technical Team,CityCouncil,Portal,true,
SUP-2001138,Account Management - Individual,Account Management,Medium,Closed,2024-01-25 14:13:25,2024-01-26 22:05:43,2024-01-26 22:36:43,thomas.berg,Account Team,Individual,Phone,false,6.1
SUP-2001139,Performance Issue - RetailCo,Performance Issue,Low,Closed,2024-01-06 14:36:20,2024-01-08 03:30:58,2024-01-08 04:00:58,jennifer.wu,Engineering,RetailCo,Chat,false,
SUP-2001140,Billing Issue - Acme Corp,Billing Issue,Low,Closed,2024-01-17 08:43:36,2024-01-21 09:02:17,2024-01-21 09:19:17,thomas.berg,Finance Support,Acme Corp,Phone,false,5.0
SUP-2001141,Integration Problem - TechStart Inc,Integration Problem,Low,Closed,2024-01-05 11:34:32,2024-01-08 09:12:32,2024-01-08 10:04:32,laura.smith,Integration Team,TechStart Inc,Chat,false,5.8
SUP-2001142,Feature Request - CityCouncil,Feature Request,High,Closed,2024-01-16 14:08:32,2024-01-16 20:41:41,2024-01-16 21:06:41,jennifer.wu,Product Team,CityCouncil,Chat,false,
SUP-2001143,Billing Issue - MedGroup,Billing Issue,Low,Closed,2024-01-10 20:50:52,2024-01-11 21:35:36,2024-01-11 21:45:36,maya.patel,Finance Support,MedGroup,Chat,false,6.7
SUP-2001144,Technical Support - TechStart Inc,Technical Support,Medium,Closed,2024-01-25 11:51:14,2024-01-25 16:51:03,2024-01-25 17:24:03,maya.patel,Technical Team,TechStart Inc,Chat,false,
SUP-2001145,Feature Request - TechStart Inc,Feature Request,Low,Closed,2024-01-27 10:30:53,2024-02-03 08:41:11,2024-02-03 09:40:11,laura.smith,Product Team,TechStart Inc,Portal,false,5.9
SUP-2001146,Billing Issue - UniServices,Billing Issue,Low,Closed,2024-01-16 01:24:05,2024-01-17 02:38:44,2024-01-17 03:03:44,ryan.kim,Finance Support,UniServices,Portal,false,
SUP-2001147,Account Management - Acme Corp,Account Management,Medium,Reopened,2024-01-17 14:14:35,2024-01-21 00:51:30,,laura.smith,Account Team,Acme Corp,Portal,false,
SUP-2001148,Integration Problem - MedGroup,Integration Problem,Medium,Closed,2024-01-26 14:55:10,2024-01-30 21:28:02,2024-01-30 22:06:02,jennifer.wu,Integration Team,MedGroup,Phone,true,
SUP-2001149,Integration Problem - Acme Corp,Integration Problem,Medium,Closed,2024-01-11 11:13:09,2024-01-13 10:07:42,2024-01-13 10:50:42,sofia.moreau,Integration Team,Acme Corp,Email,false,6.1
SUP-2001150,Technical Support - StartupXYZ,Technical Support,Medium,Closed,2024-01-10 11:05:59,2024-01-11 07:02:27,2024-01-11 07:07:27,alex.chen,Technical Team,StartupXYZ,Phone,false,8.2
SUP-2001151,Account Management - UniServices,Account Management,Low,Closed,2024-01-22 14:16:45,2024-01-25 23:37:28,2024-01-26 00:36:28,laura.smith,Account Team,UniServices,Email,false,6.8
SUP-2001152,Feature Request - StartupXYZ,Feature Request,Medium,Closed,2024-01-26 10:19:36,2024-01-27 21:43:52,2024-01-27 21:58:52,alex.chen,Product Team,StartupXYZ,Portal,false,6.7
SUP-2001153,Account Management - RetailCo,Account Management,Low,Closed,2024-01-19 14:21:55,2024-01-20 11:13:48,2024-01-20 11:20:48,maya.patel,Account Team,RetailCo,Portal,false,
SUP-2001154,Billing Issue - MedGroup,Billing Issue,Low,Closed,2024-01-15 09:19:27,2024-01-23 18:31:01,2024-01-23 19:00:01,alex.chen,Finance Support,MedGroup,Email,false,
SUP-2001155,Feature Request - UniServices,Feature Request,Medium,Closed,2024-01-24 10:05:10,2024-01-27 14:05:18,2024-01-27 14:15:18,maya.patel,Product Team,UniServices,Phone,false,6.6
SUP-2001156,Integration Problem - Individual,Integration Problem,Critical,Reopened,2024-01-02 09:42:16,2024-01-02 11:14:56,,jennifer.wu,Integration Team,Individual,Chat,false,
SUP-2001157,Technical Support - CityCouncil,Technical Support,Medium,Closed,2024-01-04 10:58:33,2024-01-06 04:27:11,2024-01-06 04:46:11,thomas.berg,Technical Team,CityCouncil,Portal,false,5.1
SUP-2001158,Billing Issue - Global Finance,Billing Issue,Medium,Closed,2024-01-11 13:42:39,2024-01-12 21:59:12,2024-01-12 22:55:12,ryan.kim,Finance Support,Global Finance,Chat,false,5.2
SUP-2001159,Billing Issue - TechStart Inc,Billing Issue,Medium,Closed,2024-01-12 19:06:43,2024-01-14 00:38:47,2024-01-14 00:47:47,carlos.silva,Finance Support,TechStart Inc,Email,false,8.0
SUP-2001160,Feature Request - Individual,Feature Request,Medium,Closed,2024-01-18 00:46:46,2024-01-19 02:03:39,2024-01-19 02:16:39,maya.patel,Product Team,Individual,Chat,false,6.8
SUP-2001161,Technical Support - Global Finance,Technical Support,Medium,Closed,2024-01-05 14:10:29,2024-01-08 03:00:56,2024-01-08 03:48:56,thomas.berg,Technical Team,Global Finance,Portal,false,5.0
SUP-2001162,Feature Request - Global Finance,Feature Request,Critical,Closed,2024-01-01 10:17:22,2024-01-01 14:04:06,2024-01-01 14:46:06,jennifer.wu,Product Team,Global Finance,Chat,false,5.3
SUP-2001163,Billing Issue - RetailCo,Billing Issue,Critical,Escalated,2024-01-12 20:28:16,2024-01-12 22:12:09,,laura.smith,Finance Support,RetailCo,Chat,false,
SUP-2001164,Billing Issue - Global Finance,Billing Issue,Low,Closed,2024-01-11 11:20:27,2024-01-12 20:37:12,2024-01-12 21:20:12,sofia.moreau,Finance Support,Global Finance,Phone,false,7.8
SUP-2001165,Billing Issue - CityCouncil,Billing Issue,High,Escalated,2024-01-16 11:55:14,2024-01-16 19:08:14,,laura.smith,Finance Support,CityCouncil,Phone,false,
SUP-2001166,Technical Support - StartupXYZ,Technical Support,Medium,Closed,2024-01-08 16:39:14,2024-01-09 01:09:15,2024-01-09 01:37:15,laura.smith,Technical Team,StartupXYZ,Portal,false,
SUP-2001167,Technical Support - CityCouncil,Technical Support,Low,Closed,2024-01-26 14:27:58,2024-02-02 16:26:45,2024-02-02 17:21:45,laura.smith,Technical Team,CityCouncil,Chat,false,
SUP-2001168,Technical Support - RetailCo,Technical Support,Low,Closed,2024-01-10 12:41:41,2024-01-12 22:24:27,2024-01-12 23:05:27,jennifer.wu,Technical Team,RetailCo,Chat,false,7.2
SUP-2001169,Performance Issue - Individual,Performance Issue,Medium,Closed,2024-01-04 13:38:08,2024-01-05 23:55:31,2024-01-06 00:44:31,carlos.silva,Engineering,Individual,Email,false,7.0
SUP-2001170,Billing Issue - RetailCo,Billing Issue,High,Closed,2024-01-23 21:43:41,2024-01-24 01:21:20,2024-01-24 01:31:20,laura.smith,Finance Support,RetailCo,Chat,false,6.3
SUP-2001171,Technical Support - TechStart Inc,Technical Support,High,Closed,2024-01-10 14:02:51,2024-01-10 16:47:59,2024-01-10 17:04:59,sofia.moreau,Technical Team,TechStart Inc,Chat,false,6.4
SUP-2001172,Integration Problem - TechStart Inc,Integration Problem,Critical,Closed,2024-01-19 10:57:11,2024-01-19 12:54:45,2024-01-19 13:04:45,laura.smith,Integration Team,TechStart Inc,Phone,false,6.9
SUP-2001173,Feature Request - TechStart Inc,Feature Request,High,Closed,2024-01-25 10:44:50,2024-01-26 08:16:40,2024-01-26 08:24:40,jennifer.wu,Product Team,TechStart Inc,Phone,false,
SUP-2001174,Technical Support - Acme Corp,Technical Support,Low,Closed,2024-01-22 11:44:16,2024-01-25 21:58:54,2024-01-25 22:44:54,jennifer.wu,Technical Team,Acme Corp,Portal,false,
SUP-2001175,Integration Problem - Global Finance,Integration Problem,Medium,Closed,2024-01-01 08:28:29,2024-01-04 05:06:02,2024-01-04 06:04:02,maya.patel,Integration Team,Global Finance,Phone,false,5.3
SUP-2001176,Technical Support - RetailCo,Technical Support,Medium,Closed,2024-01-01 08:28:58,2024-01-04 21:46:00,2024-01-04 22:27:00,alex.chen,Technical Team,RetailCo,Phone,false,
SUP-2001177,Data Export/Import - Acme Corp,Data Export/Import,Medium,Closed,2024-01-01 13:55:51,2024-01-03 05:55:49,2024-01-03 06:37:49,carlos.silva,Technical Team,Acme Corp,Phone,false,
SUP-2001178,Performance Issue - Acme Corp,Performance Issue,High,Closed,2024-01-03 08:42:30,2024-01-04 05:30:00,2024-01-04 05:55:00,thomas.berg,Engineering,Acme Corp,Phone,false,3.6
SUP-2001179,Performance Issue - StartupXYZ,Performance Issue,High,Closed,2024-01-17 12:27:46,2024-01-17 16:57:18,2024-01-17 17:36:18,maya.patel,Engineering,StartupXYZ,Portal,false,
SUP-2001180,Feature Request - MedGroup,Feature Request,Medium,Closed,2024-01-12 16:40:00,2024-01-20 18:01:40,2024-01-20 18:17:40,jennifer.wu,Product Team,MedGroup,Chat,true,4.3
SUP-2001181,Data Export/Import - CityCouncil,Data Export/Import,High,Closed,2024-01-09 15:11:36,2024-01-10 03:36:31,2024-01-10 03:54:31,thomas.berg,Technical Team,CityCouncil,Portal,false,
SUP-2001182,Billing Issue - UniServices,Billing Issue,Critical,Escalated,2024-01-22 10:57:13,2024-01-22 11:52:57,,sofia.moreau,Finance Support,UniServices,Phone,false,
SUP-2001183,Account Management - UniServices,Account Management,High,Closed,2024-01-05 12:52:53,2024-01-05 20:26:49,2024-01-05 21:05:49,carlos.silva,Account Team,UniServices,Email,false,
SUP-2001184,Feature Request - RetailCo,Feature Request,Medium,Closed,2024-01-13 09:57:18,2024-01-15 15:29:48,2024-01-15 16:10:48,laura.smith,Product Team,RetailCo,Portal,false,7.3
SUP-2001185,Account Management - CityCouncil,Account Management,Low,Closed,2024-01-19 13:37:23,2024-01-25 20:33:35,2024-01-25 21:11:35,jennifer.wu,Account Team,CityCouncil,Phone,false,6.8
SUP-2001186,Billing Issue - CityCouncil,Billing Issue,High,Closed,2024-01-08 12:43:23,2024-01-08 19:27:00,2024-01-08 19:33:00,ryan.kim,Finance Support,CityCouncil,Email,false,6.2
SUP-2001187,Performance Issue - TechStart Inc,Performance Issue,High,Reopened,2024-01-25 15:38:35,2024-01-26 04:53:36,,carlos.silva,Engineering,TechStart Inc,Email,false,
SUP-2001188,Performance Issue - Acme Corp,Performance Issue,Medium,Reopened,2024-01-26 05:50:09,2024-01-30 03:49:36,,thomas.berg,Engineering,Acme Corp,Email,false,
SUP-2001189,Integration Problem - Individual,Integration Problem,High,Reopened,2024-01-25 09:30:47,2024-01-25 20:27:17,,thomas.berg,Integration Team,Individual,Portal,false,
SUP-2001190,Billing Issue - RetailCo,Billing Issue,Low,Escalated,2024-01-18 11:09:06,2024-01-20 04:29:46,,carlos.silva,Finance Support,RetailCo,Phone,false,
SUP-2001191,Performance Issue - Acme Corp,Performance Issue,Low,Closed,2024-01-18 09:44:43,2024-02-14 22:41:39,2024-02-14 23:00:39,maya.patel,Engineering,Acme Corp,Portal,true,5.2
SUP-2001192,Billing Issue - TechStart Inc,Billing Issue,Medium,Closed,2024-01-03 22:44:56,2024-01-04 22:47:32,2024-01-04 22:53:32,maya.patel,Finance Support,TechStart Inc,Email,false,
SUP-2001193,Billing Issue - CityCouncil,Billing Issue,Medium,Closed,2024-01-09 11:47:02,2024-01-09 21:31:07,2024-01-09 21:47:07,carlos.silva,Finance Support,CityCouncil,Email,false,7.7
SUP-2001194,Feature Request - RetailCo,Feature Request,Medium,Closed,2024-01-09 10:24:45,2024-01-10 20:26:35,2024-01-10 21:14:35,alex.chen,Product Team,RetailCo,Phone,false,6.3
SUP-2001195,Feature Request - Individual,Feature Request,Medium,Closed,2024-01-23 09:20:58,2024-01-24 23:14:29,2024-01-25 00:12:29,jennifer.wu,Product Team,Individual,Chat,false,6.9
SUP-2001196,Integration Problem - RetailCo,Integration Problem,Low,Closed,2024-01-15 13:34:15,2024-01-23 19:19:22,2024-01-23 19:24:22,alex.chen,Integration Team,RetailCo,Email,false,
SUP-2001197,Feature Request - UniServices,Feature Request,Medium,Closed,2024-01-03 13:20:43,2024-01-05 00:49:14,2024-01-05 01:09:14,laura.smith,Product Team,UniServices,Portal,false,6.2
SUP-2001198,Technical Support - Global Finance,Technical Support,Medium,Closed,2024-01-25 09:46:12,2024-01-26 01:52:20,2024-01-26 02:50:20,jennifer.wu,Technical Team,Global Finance,Phone,false,5.4
SUP-2001199,Data Export/Import - Acme Corp,Data Export/Import,Low,Closed,2024-01-08 23:05:56,2024-01-20 15:18:04,2024-01-20 16:15:04,laura.smith,Technical Team,Acme Corp,Chat,true,6.3
SUP-2001200,Technical Support - Acme Corp,Technical Support,Medium,Closed,2024-01-10 14:22:08,2024-01-12 03:10:55,2024-01-12 04:01:55,maya.patel,Technical Team,Acme Corp,Chat,false,
SUP-2001201,Feature Request - UniServices,Feature Request,Medium,Closed,2024-01-04 12:54:19,2024-01-05 21:10:02,2024-01-05 21:35:02,carlos.silva,Product Team,UniServices,Portal,false,5.2
SUP-2001202,Performance Issue - CityCouncil,Performance Issue,Critical,Closed,2024-01-04 09:04:24,2024-01-04 10:37:02,2024-01-04 10:56:02,maya.patel,Engineering,CityCouncil,Portal,false,5.6
SUP-2001203,Account Management - Individual,Account Management,Medium,Closed,2024-01-08 12:57:43,2024-01-09 03:52:05,2024-01-09 04:47:05,laura.smith,Account Team,Individual,Portal,false,8.0
SUP-2001204,Billing Issue - Acme Corp,Billing Issue,High,Closed,2024-01-15 08:28:36,2024-01-15 16:00:18,2024-01-15 17:00:18,ryan.kim,Finance Support,Acme Corp,Chat,false,6.5
SUP-2001205,Feature Request - Global Finance,Feature Request,High,Closed,2024-01-18 10:57:39,2024-01-18 19:55:16,2024-01-18 20:46:16,maya.patel,Product Team,Global Finance,Chat,false,5.2
SUP-2001206,Technical Support - MedGroup,Technical Support,High,Closed,2024-01-05 11:34:33,2024-01-05 18:15:34,2024-01-05 18:39:34,maya.patel,Technical Team,MedGroup,Email,false,6.4
SUP-2001207,Billing Issue - RetailCo,Billing Issue,Low,Closed,2024-01-22 04:11:37,2024-01-25 00:58:35,2024-01-25 01:40:35,thomas.berg,Finance Support,RetailCo,Phone,false,6.4
SUP-2001208,Billing Issue - TechStart Inc,Billing Issue,Low,Escalated,2024-01-04 13:08:56,2024-01-13 10:08:31,,ryan.kim,Finance Support,TechStart Inc,Portal,false,
SUP-2001209,Integration Problem - StartupXYZ,Integration Problem,High,Escalated,2024-01-21 07:41:11,2024-01-21 15:01:18,,laura.smith,Integration Team,StartupXYZ,Email,false,
SUP-2001210,Technical Support - RetailCo,Technical Support,High,Reopened,2024-01-01 09:19:41,2024-01-01 10:41:15,,laura.smith,Technical Team,RetailCo,Portal,false,
SUP-2001211,Integration Problem - TechStart Inc,Integration Problem,Critical,Escalated,2024-01-08 08:06:46,2024-01-08 09:24:21,,maya.patel,Integration Team,TechStart Inc,Phone,false,
SUP-2001212,Integration Problem - Acme Corp,Integration Problem,Low,Escalated,2024-01-01 01:15:31,2024-01-07 15:59:07,,carlos.silva,Integration Team,Acme Corp,Chat,false,
SUP-2001213,Technical Support - Acme Corp,Technical Support,High,Closed,2024-01-22 13:03:10,2024-01-22 16:59:00,2024-01-22 17:20:00,maya.patel,Technical Team,Acme Corp,Email,false,6.5
SUP-2001214,Feature Request - RetailCo,Feature Request,Medium,Closed,2024-01-25 08:37:44,2024-01-26 18:14:04,2024-01-26 19:11:04,alex.chen,Product Team,RetailCo,Phone,false,6.5
SUP-2001215,Feature Request - StartupXYZ,Feature Request,Low,Closed,2024-01-22 09:45:17,2024-02-01 13:08:49,2024-02-01 14:05:49,alex.chen,Product Team,StartupXYZ,Phone,true,
SUP-2001216,Billing Issue - CityCouncil,Billing Issue,Low,Closed,2024-01-12 15:06:06,2024-01-13 18:54:12,2024-01-13 19:04:12,maya.patel,Finance Support,CityCouncil,Email,false,
SUP-2001217,Billing Issue - Acme Corp,Billing Issue,Low,Closed,2024-01-11 12:41:27,2024-01-23 20:04:01,2024-01-23 21:02:01,ryan.kim,Finance Support,Acme Corp,Chat,true,
SUP-2001218,Data Export/Import - Global Finance,Data Export/Import,Medium,Closed,2024-01-12 09:39:20,2024-01-13 03:44:14,2024-01-13 03:58:14,maya.patel,Technical Team,Global Finance,Portal,false,
SUP-2001219,Technical Support - Acme Corp,Technical Support,Low,Escalated,2024-01-02 12:47:10,2024-01-05 02:09:48,,ryan.kim,Technical Team,Acme Corp,Portal,false,
SUP-2001220,Technical Support - Acme Corp,Technical Support,Critical,Closed,2024-01-26 13:19:43,2024-01-26 15:50:35,2024-01-26 16:38:35,jennifer.wu,Technical Team,Acme Corp,Portal,false,
SUP-2001221,Integration Problem - Acme Corp,Integration Problem,Medium,Closed,2024-01-11 10:57:34,2024-01-13 14:34:53,2024-01-13 14:50:53,maya.patel,Integration Team,Acme Corp,Email,false,5.9
SUP-2001222,Technical Support - RetailCo,Technical Support,High,Closed,2024-01-01 10:50:54,2024-01-01 14:41:18,2024-01-01 15:19:18,alex.chen,Technical Team,RetailCo,Email,false,6.8
SUP-2001223,Billing Issue - Acme Corp,Billing Issue,Medium,Closed,2024-01-10 09:02:24,2024-01-10 21:06:18,2024-01-10 21:48:18,jennifer.wu,Finance Support,Acme Corp,Portal,false,7.2
SUP-2001224,Account Management - MedGroup,Account Management,Low,Closed,2024-01-22 07:50:47,2024-01-23 21:55:11,2024-01-23 22:24:11,maya.patel,Account Team,MedGroup,Chat,false,5.8
SUP-2001225,Feature Request - CityCouncil,Feature Request,High,Closed,2024-01-03 09:18:02,2024-01-03 17:15:04,2024-01-03 17:27:04,carlos.silva,Product Team,CityCouncil,Phone,false,
SUP-2001226,Technical Support - TechStart Inc,Technical Support,High,Closed,2024-01-08 09:28:34,2024-01-08 14:51:34,2024-01-08 15:17:34,alex.chen,Technical Team,TechStart Inc,Phone,false,
SUP-2001227,Data Export/Import - Individual,Data Export/Import,Critical,Closed,2024-01-26 10:30:55,2024-01-26 11:58:57,2024-01-26 12:14:57,sofia.moreau,Technical Team,Individual,Chat,false,6.4
SUP-2001228,Billing Issue - UniServices,Billing Issue,Medium,Closed,2024-01-08 22:35:49,2024-01-09 11:45:08,2024-01-09 12:41:08,maya.patel,Finance Support,UniServices,Portal,false,6.8
SUP-2001229,Performance Issue - TechStart Inc,Performance Issue,Medium,Closed,2024-01-17 08:20:48,2024-01-18 07:58:56,2024-01-18 08:08:56,maya.patel,Engineering,TechStart Inc,Chat,false,
SUP-2001230,Technical Support - CityCouncil,Technical Support,High,Closed,2024-01-04 15:31:51,2024-01-05 03:07:15,2024-01-05 03:20:15,laura.smith,Technical Team,CityCouncil,Portal,false,7.8
SUP-2001231,Technical Support - Individual,Technical Support,High,Reopened,2024-01-20 19:32:32,2024-01-21 04:32:40,,ryan.kim,Technical Team,Individual,Email,false,
SUP-2001232,Feature Request - CityCouncil,Feature Request,High,Closed,2024-01-25 10:22:16,2024-01-25 17:10:07,2024-01-25 18:01:07,jennifer.wu,Product Team,CityCouncil,Email,false,6.9
SUP-2001233,Performance Issue - CityCouncil,Performance Issue,High,Closed,2024-01-24 09:34:04,2024-01-24 18:18:00,2024-01-24 18:53:00,sofia.moreau,Engineering,CityCouncil,Portal,false,6.6
SUP-2001234,Integration Problem - TechStart Inc,Integration Problem,Medium,Closed,2024-01-08 17:50:11,2024-01-09 16:48:52,2024-01-09 16:58:52,sofia.moreau,Integration Team,TechStart Inc,Portal,false,6.7
SUP-2001235,Feature Request - Individual,Feature Request,Medium,Escalated,2024-01-03 10:43:17,2024-01-04 15:50:21,,laura.smith,Product Team,Individual,Phone,false,
SUP-2001236,Integration Problem - RetailCo,Integration Problem,Medium,Closed,2024-01-08 12:23:08,2024-01-10 00:04:47,2024-01-10 00:17:47,alex.chen,Integration Team,RetailCo,Phone,false,7.4
SUP-2001237,Billing Issue - StartupXYZ,Billing Issue,Medium,Closed,2024-01-22 13:18:08,2024-01-25 10:56:16,2024-01-25 11:26:16,carlos.silva,Finance Support,StartupXYZ,Portal,false,
SUP-2001238,Performance Issue - StartupXYZ,Performance Issue,Low,Closed,2024-01-16 09:02:48,2024-01-17 23:20:50,2024-01-18 00:00:50,alex.chen,Engineering,StartupXYZ,Phone,false,
SUP-2001239,Billing Issue - RetailCo,Billing Issue,Medium,Closed,2024-01-11 12:03:52,2024-01-12 08:48:10,2024-01-12 08:56:10,thomas.berg,Finance Support,RetailCo,Portal,false,5.1
SUP-2001240,Data Export/Import - TechStart Inc,Data Export/Import,Low,Closed,2024-01-17 12:14:23,2024-01-19 04:33:10,2024-01-19 04:56:10,jennifer.wu,Technical Team,TechStart Inc,Phone,false,7.9
SUP-2001241,Technical Support - MedGroup,Technical Support,High,Closed,2024-01-09 08:10:27,2024-01-09 14:50:30,2024-01-09 15:13:30,maya.patel,Technical Team,MedGroup,Phone,false,6.1
SUP-2001242,Billing Issue - UniServices,Billing Issue,Critical,Closed,2024-01-02 08:43:02,2024-01-02 11:26:36,2024-01-02 12:16:36,thomas.berg,Finance Support,UniServices,Phone,false,6.4
SUP-2001243,Data Export/Import - Acme Corp,Data Export/Import,High,Reopened,2024-01-04 09:39:44,2024-01-05 13:05:17,,alex.chen,Technical Team,Acme Corp,Chat,false,
SUP-2001244,Feature Request - StartupXYZ,Feature Request,High,Closed,2024-01-10 23:27:33,2024-01-11 20:34:31,2024-01-11 21:33:31,ryan.kim,Product Team,StartupXYZ,Chat,false,5.6
SUP-2001245,Account Management - Acme Corp,Account Management,Medium,Closed,2024-01-11 09:05:38,2024-01-11 21:15:55,2024-01-11 21:53:55,maya.patel,Account Team,Acme Corp,Email,false,
SUP-2001246,Account Management - MedGroup,Account Management,Low,Closed,2024-01-25 13:31:20,2024-01-29 18:27:47,2024-01-29 19:24:47,alex.chen,Account Team,MedGroup,Portal,false,6.7
SUP-2001247,Feature Request - StartupXYZ,Feature Request,High,Escalated,2024-01-19 15:36:20,2024-01-20 09:02:48,,carlos.silva,Product Team,StartupXYZ,Email,false,
SUP-2001248,Performance Issue - Global Finance,Performance Issue,High,Closed,2024-01-22 11:34:12,2024-01-23 00:53:56,2024-01-23 00:58:56,sofia.moreau,Engineering,Global Finance,Email,false,5.8
SUP-2001249,Account Management - Individual,Account Management,Critical,Reopened,2024-01-05 10:29:32,2024-01-05 12:04:01,,alex.chen,Account Team,Individual,Phone,false,
SUP-2001250,Billing Issue - TechStart Inc,Billing Issue,Critical,Closed,2024-01-18 15:39:38,2024-01-18 18:07:34,2024-01-18 18:52:34,sofia.moreau,Finance Support,TechStart Inc,Phone,false,8.3
SUP-2001251,Account Management - CityCouncil,Account Management,Medium,Closed,2024-01-03 10:49:54,2024-01-04 20:38:19,2024-01-04 21:09:19,ryan.kim,Account Team,CityCouncil,Chat,false,7.2
SUP-2001252,Data Export/Import - Acme Corp,Data Export/Import,Medium,Closed,2024-01-04 13:38:28,2024-01-07 06:58:34,2024-01-07 07:44:34,jennifer.wu,Technical Team,Acme Corp,Email,false,
SUP-2001253,Data Export/Import - CityCouncil,Data Export/Import,Medium,Closed,2024-01-10 09:46:12,2024-01-11 10:27:15,2024-01-11 10:45:15,laura.smith,Technical Team,CityCouncil,Email,false,8.0
SUP-2001254,Performance Issue - RetailCo,Performance Issue,Medium,Closed,2024-01-19 11:46:27,2024-01-20 09:25:28,2024-01-20 09:31:28,alex.chen,Engineering,RetailCo,Chat,false,6.0
SUP-2001255,Account Management - Individual,Account Management,Medium,Closed,2024-01-24 16:11:35,2024-01-25 01:32:30,2024-01-25 01:51:30,sofia.moreau,Account Team,Individual,Email,false,7.7
SUP-2001256,Data Export/Import - StartupXYZ,Data Export/Import,Medium,Closed,2024-01-03 18:17:46,2024-01-04 03:06:19,2024-01-04 03:58:19,ryan.kim,Technical Team,StartupXYZ,Portal,false,6.6
SUP-2001257,Account Management - TechStart Inc,Account Management,Medium,Closed,2024-01-22 10:13:42,2024-01-25 01:57:54,2024-01-25 02:16:54,maya.patel,Account Team,TechStart Inc,Chat,false,
SUP-2001258,Integration Problem - TechStart Inc,Integration Problem,High,Closed,2024-01-18 09:04:45,2024-01-18 21:22:24,2024-01-18 22:16:24,maya.patel,Integration Team,TechStart Inc,Email,false,
SUP-2001259,Data Export/Import - StartupXYZ,Data Export/Import,High,Closed,2024-01-16 10:37:17,2024-01-16 18:24:03,2024-01-16 19:08:03,carlos.silva,Technical Team,StartupXYZ,Phone,false,
SUP-2001260,Data Export/Import - MedGroup,Data Export/Import,High,Escalated,2024-01-03 10:30:01,2024-01-04 04:32:15,,ryan.kim,Technical Team,MedGroup,Email,false,
SUP-2001261,Data Export/Import - MedGroup,Data Export/Import,Medium,Closed,2024-01-08 10:34:11,2024-01-09 12:10:22,2024-01-09 12:19:22,laura.smith,Technical Team,MedGroup,Portal,false,6.0
SUP-2001262,Performance Issue - Acme Corp,Performance Issue,High,Closed,2024-01-01 11:14:30,2024-01-02 05:54:51,2024-01-02 06:36:51,thomas.berg,Engineering,Acme Corp,Portal,false,4.1
SUP-2001263,Integration Problem - TechStart Inc,Integration Problem,Low,Closed,2024-01-24 17:50:39,2024-02-03 07:17:03,2024-02-03 07:31:03,alex.chen,Integration Team,TechStart Inc,Email,false,
SUP-2001264,Feature Request - StartupXYZ,Feature Request,High,Closed,2024-01-02 13:36:26,2024-01-02 23:59:26,2024-01-03 00:16:26,ryan.kim,Product Team,StartupXYZ,Portal,false,
SUP-2001265,Feature Request - Global Finance,Feature Request,Low,Escalated,2024-01-03 12:00:16,2024-01-24 23:41:57,,thomas.berg,Product Team,Global Finance,Phone,false,
SUP-2001266,Integration Problem - RetailCo,Integration Problem,Low,Closed,2024-01-08 13:01:24,2024-01-14 22:24:59,2024-01-14 23:17:59,laura.smith,Integration Team,RetailCo,Portal,false,7.0
SUP-2001267,Technical Support - Global Finance,Technical Support,Medium,Closed,2024-01-17 12:09:34,2024-01-19 00:21:33,2024-01-19 01:03:33,carlos.silva,Technical Team,Global Finance,Chat,false,5.3
SUP-2001268,Integration Problem - TechStart Inc,Integration Problem,Medium,Closed,2024-01-18 08:18:27,2024-01-20 01:37:34,2024-01-20 02:11:34,maya.patel,Integration Team,TechStart Inc,Phone,false,
SUP-2001269,Billing Issue - RetailCo,Billing Issue,High,Closed,2024-01-05 09:48:10,2024-01-05 14:47:40,2024-01-05 15:31:40,jennifer.wu,Finance Support,RetailCo,Chat,false,7.6
SUP-2001270,Billing Issue - Global Finance,Billing Issue,Medium,Closed,2024-01-12 10:24:37,2024-01-13 19:59:15,2024-01-13 20:10:15,ryan.kim,Finance Support,Global Finance,Phone,false,6.5
SUP-2001271,Technical Support - Acme Corp,Technical Support,Medium,Closed,2024-01-17 02:07:48,2024-01-23 18:03:05,2024-01-23 18:44:05,thomas.berg,Technical Team,Acme Corp,Portal,true,
SUP-2001272,Technical Support - Global Finance,Technical Support,Medium,Closed,2024-01-03 12:56:39,2024-01-04 16:52:46,2024-01-04 17:48:46,alex.chen,Technical Team,Global Finance,Email,false,7.8
SUP-2001273,Data Export/Import - TechStart Inc,Data Export/Import,Critical,Closed,2024-01-16 15:46:14,2024-01-16 17:15:51,2024-01-16 18:05:51,laura.smith,Technical Team,TechStart Inc,Portal,false,7.8
SUP-2001274,Integration Problem - StartupXYZ,Integration Problem,Low,Reopened,2024-01-11 08:41:37,2024-01-21 23:28:53,,maya.patel,Integration Team,StartupXYZ,Portal,false,
SUP-2001275,Technical Support - RetailCo,Technical Support,Medium,Reopened,2024-01-03 12:55:26,2024-01-04 04:13:57,,alex.chen,Technical Team,RetailCo,Chat,false,
SUP-2001276,Account Management - Acme Corp,Account Management,Low,Closed,2024-01-02 06:06:21,2024-01-04 06:17:30,2024-01-04 06:23:30,laura.smith,Account Team,Acme Corp,Portal,false,8.3
SUP-2001277,Billing Issue - UniServices,Billing Issue,Critical,Closed,2024-01-11 13:07:04,2024-01-11 14:11:43,2024-01-11 14:54:43,laura.smith,Finance Support,UniServices,Portal,false,8.5
SUP-2001278,Billing Issue - RetailCo,Billing Issue,High,Closed,2024-01-11 08:59:53,2024-01-11 21:50:32,2024-01-11 22:29:32,sofia.moreau,Finance Support,RetailCo,Phone,false,6.3
SUP-2001279,Performance Issue - Acme Corp,Performance Issue,Medium,Closed,2024-01-23 11:30:01,2024-01-24 04:45:14,2024-01-24 05:23:14,alex.chen,Engineering,Acme Corp,Email,false,6.6
SUP-2001280,Technical Support - UniServices,Technical Support,High,Closed,2024-01-22 14:44:52,2024-01-22 21:57:13,2024-01-22 22:34:13,laura.smith,Technical Team,UniServices,Chat,false,6.7
SUP-2001281,Feature Request - Acme Corp,Feature Request,Medium,Closed,2024-01-18 08:17:24,2024-01-30 15:52:28,2024-01-30 16:52:28,jennifer.wu,Product Team,Acme Corp,Email,true,4.7
SUP-2001282,Billing Issue - MedGroup,Billing Issue,Low,Closed,2024-01-19 16:44:27,2024-01-24 14:27:57,2024-01-24 15:25:57,laura.smith,Finance Support,MedGroup,Portal,false,
SUP-2001283,Technical Support - Individual,Technical Support,Medium,Escalated,2024-01-08 11:47:43,2024-01-09 06:05:58,,ryan.kim,Technical Team,Individual,Portal,false,
SUP-2001284,Integration Problem - Individual,Integration Problem,Medium,Closed,2024-01-23 15:39:03,2024-01-24 06:32:17,2024-01-24 06:37:17,carlos.silva,Integration Team,Individual,Phone,false,7.5
SUP-2001285,Technical Support - Acme Corp,Technical Support,Low,Closed,2024-01-18 08:18:02,2024-02-03 12:25:29,2024-02-03 12:41:29,carlos.silva,Technical Team,Acme Corp,Email,true,5.6
SUP-2001286,Technical Support - Global Finance,Technical Support,High,Closed,2024-01-06 07:36:25,2024-01-06 20:10:29,2024-01-06 20:40:29,ryan.kim,Technical Team,Global Finance,Phone,false,5.4
SUP-2001287,Billing Issue - CityCouncil,Billing Issue,Medium,Closed,2024-01-12 15:04:30,2024-01-13 02:55:25,2024-01-13 03:29:25,alex.chen,Finance Support,CityCouncil,Portal,false,
SUP-2001288,Billing Issue - TechStart Inc,Billing Issue,High,Closed,2024-01-15 12:49:51,2024-01-15 17:11:18,2024-01-15 17:52:18,ryan.kim,Finance Support,TechStart Inc,Email,false,
SUP-2001289,Billing Issue - CityCouncil,Billing Issue,Medium,Reopened,2024-01-12 08:18:34,2024-01-13 03:24:49,,maya.patel,Finance Support,CityCouncil,Email,false,
SUP-2001290,Feature Request - CityCouncil,Feature Request,Low,Closed,2024-01-24 08:54:11,2024-01-27 16:51:19,2024-01-27 17:31:19,ryan.kim,Product Team,CityCouncil,Chat,false,
SUP-2001291,Technical Support - TechStart Inc,Technical Support,High,Closed,2024-01-24 08:47:39,2024-01-24 22:16:22,2024-01-24 22:52:22,thomas.berg,Technical Team,TechStart Inc,Phone,false,5.2
SUP-2001292,Feature Request - RetailCo,Feature Request,Low,Reopened,2024-01-10 16:07:11,2024-01-19 13:59:01,,ryan.kim,Product Team,RetailCo,Portal,false,
SUP-2001293,Account Management - UniServices,Account Management,Low,Reopened,2024-01-18 16:15:18,2024-01-27 13:53:06,,ryan.kim,Account Team,UniServices,Email,false,
SUP-2001294,Integration Problem - MedGroup,Integration Problem,Medium,Closed,2024-01-10 04:07:33,2024-01-11 02:03:55,2024-01-11 02:23:55,alex.chen,Integration Team,MedGroup,Portal,false,6.4
SUP-2001295,Data Export/Import - MedGroup,Data Export/Import,Medium,Closed,2024-01-23 13:20:00,2024-01-25 03:15:25,2024-01-25 03:47:25,ryan.kim,Technical Team,MedGroup,Email,false,
SUP-2001296,Technical Support - Global Finance,Technical Support,Low,Closed,2024-01-18 13:52:06,2024-01-23 12:12:47,2024-01-23 13:00:47,sofia.moreau,Technical Team,Global Finance,Portal,false,6.9
SUP-2001297,Data Export/Import - RetailCo,Data Export/Import,Medium,Escalated,2024-01-17 10:51:40,2024-01-18 23:24:24,,ryan.kim,Technical Team,RetailCo,Phone,false,
SUP-2001298,Account Management - Global Finance,Account Management,Medium,Closed,2024-01-22 11:06:11,2024-01-23 12:50:25,2024-01-23 13:44:25,thomas.berg,Account Team,Global Finance,Email,false,
SUP-2001299,Performance Issue - UniServices,Performance Issue,High,Escalated,2024-01-05 10:06:08,2024-01-07 02:32:41,,carlos.silva,Engineering,UniServices,Email,false,
SUP-2001300,Technical Support - MedGroup,Technical Support,Medium,Closed,2024-01-15 08:24:13,2024-01-16 06:01:56,2024-01-16 06:14:56,jennifer.wu,Technical Team,MedGroup,Phone,false,
SUP-2001301,Performance Issue - MedGroup,Performance Issue,Critical,Closed,2024-01-22 16:14:47,2024-01-22 19:44:27,2024-01-22 20:38:27,jennifer.wu,Engineering,MedGroup,Chat,false,6.1
SUP-2001302,Data Export/Import - UniServices,Data Export/Import,Medium,Closed,2024-01-17 13:34:06,2024-01-20 14:21:37,2024-01-20 15:08:37,maya.patel,Technical Team,UniServices,Phone,false,
SUP-2001303,Data Export/Import - Individual,Data Export/Import,Medium,Closed,2024-01-06 05:10:06,2024-01-07 05:54:17,2024-01-07 06:16:17,maya.patel,Technical Team,Individual,Phone,false,7.0
SUP-2001304,Account Management - Global Finance,Account Management,Critical,Closed,2024-01-17 12:48:13,2024-01-17 15:18:51,2024-01-17 15:37:51,laura.smith,Account Team,Global Finance,Phone,false,7.1
SUP-2001305,Account Management - Acme Corp,Account Management,Medium,Closed,2024-01-11 17:02:33,2024-01-14 23:34:59,2024-01-14 23:41:59,jennifer.wu,Account Team,Acme Corp,Email,false,6.5
SUP-2001306,Billing Issue - Individual,Billing Issue,High,Closed,2024-01-23 14:04:21,2024-01-23 22:24:36,2024-01-23 22:49:36,alex.chen,Finance Support,Individual,Phone,false,7.3
SUP-2001307,Billing Issue - StartupXYZ,Billing Issue,High,Reopened,2024-01-01 20:08:25,2024-01-02 02:24:25,,alex.chen,Finance Support,StartupXYZ,Email,false,
SUP-2001308,Data Export/Import - TechStart Inc,Data Export/Import,Low,Closed,2024-01-22 15:57:37,2024-01-27 14:08:13,2024-01-27 14:57:13,jennifer.wu,Technical Team,TechStart Inc,Chat,false,5.9
SUP-2001309,Account Management - RetailCo,Account Management,High,Closed,2024-01-12 22:47:57,2024-01-13 08:40:26,2024-01-13 09:13:26,jennifer.wu,Account Team,RetailCo,Email,false,
SUP-2001310,Billing Issue - StartupXYZ,Billing Issue,Critical,Escalated,2024-01-12 14:35:09,2024-01-12 15:21:27,,thomas.berg,Finance Support,StartupXYZ,Phone,false,
SUP-2001311,Feature Request - Acme Corp,Feature Request,Critical,Closed,2024-01-09 10:20:45,2024-01-09 15:51:29,2024-01-09 16:49:29,maya.patel,Product Team,Acme Corp,Phone,true,4.6
SUP-2001312,Account Management - Individual,Account Management,Medium,Closed,2024-01-16 11:51:48,2024-01-17 11:09:11,2024-01-17 11:36:11,carlos.silva,Account Team,Individual,Phone,false,6.8
SUP-2001313,Account Management - TechStart Inc,Account Management,Medium,Closed,2024-01-26 15:15:19,2024-01-27 16:24:06,2024-01-27 16:42:06,maya.patel,Account Team,TechStart Inc,Phone,false,7.7
SUP-2001314,Feature Request - TechStart Inc,Feature Request,Medium,Closed,2024-01-01 14:40:11,2024-01-03 01:00:31,2024-01-03 01:13:31,laura.smith,Product Team,TechStart Inc,Phone,false,7.0
SUP-2001315,Feature Request - Acme Corp,Feature Request,Medium,Closed,2024-01-23 13:54:53,2024-01-24 12:53:43,2024-01-24 13:14:43,alex.chen,Product Team,Acme Corp,Email,false,5.7
SUP-2001316,Account Management - TechStart Inc,Account Management,Medium,Closed,2024-01-04 10:16:41,2024-01-05 08:03:24,2024-01-05 08:09:24,maya.patel,Account Team,TechStart Inc,Chat,false,7.1
SUP-2001317,Integration Problem - Acme Corp,Integration Problem,Medium,Closed,2024-01-03 13:16:26,2024-01-10 23:00:13,2024-01-10 23:53:13,carlos.silva,Integration Team,Acme Corp,Phone,true,3.6
SUP-2001318,Account Management - RetailCo,Account Management,High,Escalated,2024-01-16 11:27:53,2024-01-17 06:36:06,,alex.chen,Account Team,RetailCo,Portal,false,
SUP-2001319,Data Export/Import - RetailCo,Data Export/Import,Low,Closed,2024-01-17 16:17:45,2024-01-25 17:49:51,2024-01-25 18:02:51,jennifer.wu,Technical Team,RetailCo,Portal,false,
SUP-2001320,Feature Request - MedGroup,Feature Request,High,Closed,2024-01-02 19:36:55,2024-01-03 03:02:15,2024-01-03 03:17:15,maya.patel,Product Team,MedGroup,Phone,false,5.4
SUP-2001321,Data Export/Import - TechStart Inc,Data Export/Import,High,Closed,2024-01-11 08:49:43,2024-01-11 13:59:37,2024-01-11 14:10:37,ryan.kim,Technical Team,TechStart Inc,Phone,false,7.4
SUP-2001322,Technical Support - MedGroup,Technical Support,High,Closed,2024-01-15 09:29:06,2024-01-15 18:34:28,2024-01-15 19:09:28,maya.patel,Technical Team,MedGroup,Phone,false,6.9
SUP-2001323,Feature Request - MedGroup,Feature Request,High,Closed,2024-01-25 14:35:45,2024-01-26 17:11:37,2024-01-26 18:05:37,sofia.moreau,Product Team,MedGroup,Chat,true,4.0
SUP-2001324,Technical Support - Acme Corp,Technical Support,High,Closed,2024-01-15 09:43:13,2024-01-15 12:52:15,2024-01-15 13:41:15,laura.smith,Technical Team,Acme Corp,Email,false,5.6
SUP-2001325,Billing Issue - UniServices,Billing Issue,Low,Closed,2024-01-17 10:49:23,2024-01-20 07:31:54,2024-01-20 08:20:54,sofia.moreau,Finance Support,UniServices,Portal,false,6.3
SUP-2001326,Billing Issue - RetailCo,Billing Issue,Low,Closed,2024-01-04 12:14:19,2024-01-06 17:21:07,2024-01-06 18:03:07,maya.patel,Finance Support,RetailCo,Email,false,6.6
SUP-2001327,Billing Issue - Global Finance,Billing Issue,Medium,Closed,2024-01-27 09:42:42,2024-01-28 01:30:52,2024-01-28 01:54:52,ryan.kim,Finance Support,Global Finance,Portal,false,4.7
SUP-2001328,Account Management - CityCouncil,Account Management,High,Closed,2024-01-02 10:39:34,2024-01-02 17:04:50,2024-01-02 17:19:50,maya.patel,Account Team,CityCouncil,Portal,false,
SUP-2001329,Feature Request - Global Finance,Feature Request,High,Closed,2024-01-04 15:26:40,2024-01-05 01:32:48,2024-01-05 02:19:48,alex.chen,Product Team,Global Finance,Phone,false,6.1
SUP-2001330,Billing Issue - Global Finance,Billing Issue,Medium,Reopened,2024-01-22 18:07:02,2024-01-23 15:02:30,,jennifer.wu,Finance Support,Global Finance,Phone,false,
SUP-2001331,Feature Request - Acme Corp,Feature Request,Medium,Closed,2024-01-25 14:37:19,2024-02-01 04:45:13,2024-02-01 05:23:13,maya.patel,Product Team,Acme Corp,Portal,true,
SUP-2001332,Account Management - UniServices,Account Management,Medium,Closed,2024-01-04 10:31:05,2024-01-05 00:53:10,2024-01-05 01:36:10,alex.chen,Account Team,UniServices,Email,false,
SUP-2001333,Performance Issue - MedGroup,Performance Issue,High,Escalated,2024-01-22 15:44:04,2024-01-24 08:31:15,,ryan.kim,Engineering,MedGroup,Chat,false,
SUP-2001334,Data Export/Import - RetailCo,Data Export/Import,Critical,Closed,2024-01-11 16:05:23,2024-01-11 17:20:27,2024-01-11 17:55:27,alex.chen,Technical Team,RetailCo,Phone,false,8.4
SUP-2001335,Data Export/Import - MedGroup,Data Export/Import,Medium,Closed,2024-01-24 10:41:19,2024-01-24 16:31:35,2024-01-24 16:48:35,alex.chen,Technical Team,MedGroup,Chat,false,8.4
SUP-2001336,Technical Support - UniServices,Technical Support,Low,Escalated,2024-01-03 15:41:06,2024-01-13 00:34:04,,carlos.silva,Technical Team,UniServices,Phone,false,
SUP-2001337,Performance Issue - StartupXYZ,Performance Issue,Medium,Closed,2024-01-23 09:26:55,2024-01-24 09:35:01,2024-01-24 10:21:01,laura.smith,Engineering,StartupXYZ,Portal,false,
SUP-2001338,Technical Support - StartupXYZ,Technical Support,Low,Closed,2024-01-08 11:31:54,2024-01-09 20:39:31,2024-01-09 21:39:31,sofia.moreau,Technical Team,StartupXYZ,Portal,false,
SUP-2001339,Account Management - MedGroup,Account Management,Critical,Closed,2024-01-02 15:31:32,2024-01-02 16:55:27,2024-01-02 17:10:27,laura.smith,Account Team,MedGroup,Chat,false,6.5
SUP-2001340,Technical Support - CityCouncil,Technical Support,Medium,Closed,2024-01-19 12:29:13,2024-01-19 19:27:37,2024-01-19 19:57:37,alex.chen,Technical Team,CityCouncil,Portal,false,7.3
SUP-2001341,Data Export/Import - MedGroup,Data Export/Import,High,Escalated,2024-01-25 09:58:11,2024-01-25 19:19:42,,alex.chen,Technical Team,MedGroup,Email,false,
SUP-2001342,Feature Request - UniServices,Feature Request,Critical,Closed,2024-01-16 09:10:22,2024-01-16 13:13:49,2024-01-16 14:11:49,alex.chen,Product Team,UniServices,Phone,true,5.0
SUP-2001343,Account Management - Global Finance,Account Management,High,Closed,2024-01-18 11:34:25,2024-01-18 23:40:01,2024-01-19 00:30:01,maya.patel,Account Team,Global Finance,Chat,false,6.4
SUP-2001344,Technical Support - MedGroup,Technical Support,Medium,Closed,2024-01-03 11:03:46,2024-01-07 21:30:56,2024-01-07 21:48:56,laura.smith,Technical Team,MedGroup,Portal,true,7.2
SUP-2001345,Integration Problem - Acme Corp,Integration Problem,Medium,Closed,2024-01-05 16:00:19,2024-01-06 16:15:36,2024-01-06 16:59:36,maya.patel,Integration Team,Acme Corp,Portal,false,
SUP-2001346,Data Export/Import - RetailCo,Data Export/Import,Medium,Closed,2024-01-02 13:45:23,2024-01-03 04:38:20,2024-01-03 05:33:20,alex.chen,Technical Team,RetailCo,Phone,false,7.5
SUP-2001347,Billing Issue - MedGroup,Billing Issue,Medium,Escalated,2024-01-25 08:27:00,2024-01-26 02:51:36,,alex.chen,Finance Support,MedGroup,Chat,false,
SUP-2001348,Billing Issue - Acme Corp,Billing Issue,High,Closed,2024-01-11 13:43:32,2024-01-12 00:46:02,2024-01-12 01:35:02,alex.chen,Finance Support,Acme Corp,Phone,false,
SUP-2001349,Account Management - Acme Corp,Account Management,Low,Closed,2024-01-23 15:08:58,2024-01-31 22:51:04,2024-01-31 23:31:04,jennifer.wu,Account Team,Acme Corp,Portal,false,
SUP-2001350,Account Management - Acme Corp,Account Management,Medium,Closed,2024-01-03 15:51:49,2024-01-04 20:02:15,2024-01-04 20:43:15,alex.chen,Account Team,Acme Corp,Portal,false,8.7
SUP-2001351,Billing Issue - Acme Corp,Billing Issue,Critical,Reopened,2024-01-22 09:05:35,2024-01-22 11:01:24,,jennifer.wu,Finance Support,Acme Corp,Phone,false,
SUP-2001352,Billing Issue - Global Finance,Billing Issue,High,Closed,2024-01-08 14:20:12,2024-01-09 02:18:28,2024-01-09 02:44:28,sofia.moreau,Finance Support,Global Finance,Email,false,6.7
SUP-2001353,Technical Support - RetailCo,Technical Support,Low,Closed,2024-01-17 14:02:57,2024-01-26 16:41:01,2024-01-26 17:21:01,carlos.silva,Technical Team,RetailCo,Phone,false,
SUP-2001354,Account Management - RetailCo,Account Management,Low,Closed,2024-01-06 09:42:30,2024-01-08 08:00:04,2024-01-08 08:40:04,alex.chen,Account Team,RetailCo,Portal,false,8.1
SUP-2001355,Technical Support - Global Finance,Technical Support,High,Closed,2024-01-05 13:02:33,2024-01-06 08:40:19,2024-01-06 09:30:19,alex.chen,Technical Team,Global Finance,Email,false,8.0
SUP-2001356,Technical Support - Individual,Technical Support,Low,Closed,2024-01-04 10:58:02,2024-01-04 20:29:02,2024-01-04 20:41:02,alex.chen,Technical Team,Individual,Email,false,7.3
SUP-2001357,Account Management - TechStart Inc,Account Management,Medium,Reopened,2024-01-18 13:54:59,2024-01-19 07:38:10,,carlos.silva,Account Team,TechStart Inc,Phone,false,
SUP-2001358,Feature Request - StartupXYZ,Feature Request,Low,Closed,2024-01-01 15:38:31,2024-01-17 18:59:21,2024-01-17 19:24:21,ryan.kim,Product Team,StartupXYZ,Chat,true,6.8
SUP-2001359,Billing Issue - TechStart Inc,Billing Issue,Critical,Closed,2024-01-26 11:23:32,2024-01-26 13:19:51,2024-01-26 13:47:51,alex.chen,Finance Support,TechStart Inc,Chat,false,
SUP-2001360,Performance Issue - RetailCo,Performance Issue,Low,Closed,2024-01-01 08:20:42,2024-01-02 16:27:43,2024-01-02 16:47:43,ryan.kim,Engineering,RetailCo,Phone,false,
SUP-2001361,Data Export/Import - StartupXYZ,Data Export/Import,Medium,Closed,2024-01-09 11:34:09,2024-01-09 17:30:22,2024-01-09 17:39:22,ryan.kim,Technical Team,StartupXYZ,Phone,false,
SUP-2001362,Billing Issue - CityCouncil,Billing Issue,High,Closed,2024-01-17 12:03:42,2024-01-17 18:52:49,2024-01-17 19:43:49,ryan.kim,Finance Support,CityCouncil,Email,false,7.1
SUP-2001363,Performance Issue - Global Finance,Performance Issue,Low,Closed,2024-01-17 14:14:54,2024-01-26 19:38:43,2024-01-26 19:46:43,jennifer.wu,Engineering,Global Finance,Email,false,5.8
SUP-2001364,Data Export/Import - RetailCo,Data Export/Import,Low,Reopened,2024-01-25 04:12:56,2024-01-30 01:36:17,,thomas.berg,Technical Team,RetailCo,Chat,false,
SUP-2001365,Integration Problem - RetailCo,Integration Problem,High,Closed,2024-01-06 14:33:06,2024-01-07 16:29:10,2024-01-07 17:04:10,carlos.silva,Integration Team,RetailCo,Chat,true,5.6
SUP-2001366,Performance Issue - UniServices,Performance Issue,Low,Closed,2024-01-01 12:35:42,2024-01-03 20:14:32,2024-01-03 20:36:32,sofia.moreau,Engineering,UniServices,Email,false,6.9
SUP-2001367,Integration Problem - CityCouncil,Integration Problem,Low,Closed,2024-01-02 14:31:06,2024-01-05 02:11:14,2024-01-05 02:19:14,alex.chen,Integration Team,CityCouncil,Email,false,7.6
SUP-2001368,Billing Issue - RetailCo,Billing Issue,Low,Closed,2024-01-15 15:46:40,2024-01-17 23:57:07,2024-01-18 00:12:07,thomas.berg,Finance Support,RetailCo,Phone,false,
SUP-2001369,Account Management - Individual,Account Management,High,Closed,2024-01-19 08:58:48,2024-01-19 14:42:42,2024-01-19 15:18:42,sofia.moreau,Account Team,Individual,Email,false,
SUP-2001370,Account Management - Acme Corp,Account Management,High,Closed,2024-01-22 10:01:48,2024-01-22 15:03:00,2024-01-22 15:11:00,jennifer.wu,Account Team,Acme Corp,Email,false,6.5
SUP-2001371,Feature Request - TechStart Inc,Feature Request,Medium,Closed,2024-01-03 02:28:43,2024-01-04 06:38:12,2024-01-04 07:31:12,jennifer.wu,Product Team,TechStart Inc,Chat,false,6.5
SUP-2001372,Data Export/Import - MedGroup,Data Export/Import,Low,Closed,2024-01-03 12:35:18,2024-01-04 15:40:01,2024-01-04 16:25:01,alex.chen,Technical Team,MedGroup,Email,false,6.7
SUP-2001373,Technical Support - Acme Corp,Technical Support,Medium,Escalated,2024-01-20 08:38:52,2024-01-22 00:19:10,,laura.smith,Technical Team,Acme Corp,Email,false,
SUP-2001374,Data Export/Import - Individual,Data Export/Import,Low,Closed,2024-01-01 14:34:25,2024-01-07 15:37:22,2024-01-07 16:01:22,maya.patel,Technical Team,Individual,Chat,false,7.8
SUP-2001375,Integration Problem - UniServices,Integration Problem,Medium,Closed,2024-01-16 09:24:45,2024-01-20 19:15:26,2024-01-20 19:50:26,sofia.moreau,Integration Team,UniServices,Portal,true,6.6
SUP-2001376,Account Management - TechStart Inc,Account Management,Medium,Closed,2024-01-04 14:09:39,2024-01-05 07:02:56,2024-01-05 07:29:56,jennifer.wu,Account Team,TechStart Inc,Chat,false,6.8
SUP-2001377,Feature Request - Global Finance,Feature Request,High,Closed,2024-01-01 13:58:09,2024-01-01 21:20:55,2024-01-01 22:15:55,alex.chen,Product Team,Global Finance,Portal,false,6.3
SUP-2001378,Technical Support - RetailCo,Technical Support,High,Closed,2024-01-26 10:49:25,2024-01-27 02:43:41,2024-01-27 03:43:41,sofia.moreau,Technical Team,RetailCo,Email,false,7.1
SUP-2001379,Account Management - Individual,Account Management,Medium,Escalated,2024-01-25 09:27:05,2024-01-26 22:59:54,,maya.patel,Account Team,Individual,Email,false,
SUP-2001380,Billing Issue - TechStart Inc,Billing Issue,Low,Closed,2024-01-26 11:02:47,2024-02-01 11:03:35,2024-02-01 11:49:35,thomas.berg,Finance Support,TechStart Inc,Phone,false,6.6
SUP-2001381,Integration Problem - Individual,Integration Problem,Low,Closed,2024-01-18 09:58:09,2024-01-27 17:27:56,2024-01-27 17:38:56,ryan.kim,Integration Team,Individual,Email,false,
SUP-2001382,Performance Issue - Global Finance,Performance Issue,High,Closed,2024-01-25 11:49:16,2024-01-25 18:21:52,2024-01-25 19:13:52,laura.smith,Engineering,Global Finance,Email,false,
SUP-2001383,Billing Issue - MedGroup,Billing Issue,Medium,Closed,2024-01-19 15:59:11,2024-01-22 22:02:49,2024-01-22 22:37:49,carlos.silva,Finance Support,MedGroup,Chat,false,6.3
SUP-2001384,Feature Request - Individual,Feature Request,Low,Closed,2024-01-16 16:52:47,2024-01-19 08:02:27,2024-01-19 08:26:27,thomas.berg,Product Team,Individual,Email,false,5.0
SUP-2001385,Performance Issue - TechStart Inc,Performance Issue,Low,Closed,2024-01-17 09:01:42,2024-01-21 01:50:42,2024-01-21 02:39:42,alex.chen,Engineering,TechStart Inc,Email,false,5.9
SUP-2001386,Account Management - TechStart Inc,Account Management,Medium,Closed,2024-01-15 05:04:02,2024-01-15 17:03:58,2024-01-15 17:58:58,maya.patel,Account Team,TechStart Inc,Phone,false,
SUP-2001387,Integration Problem - CityCouncil,Integration Problem,High,Reopened,2024-01-16 10:33:12,2024-01-16 21:34:10,,laura.smith,Integration Team,CityCouncil,Portal,false,
SUP-2001388,Performance Issue - MedGroup,Performance Issue,Medium,Closed,2024-01-15 13:13:45,2024-01-18 19:46:08,2024-01-18 20:39:08,alex.chen,Engineering,MedGroup,Chat,false,7.4
SUP-2001389,Feature Request - CityCouncil,Feature Request,High,Closed,2024-01-02 09:18:26,2024-01-02 23:44:58,2024-01-03 00:11:58,maya.patel,Product Team,CityCouncil,Phone,false,
SUP-2001390,Integration Problem - TechStart Inc,Integration Problem,Low,Closed,2024-01-04 13:48:35,2024-01-19 22:01:57,2024-01-19 22:40:57,laura.smith,Integration Team,TechStart Inc,Chat,true,7.2
SUP-2001391,Technical Support - MedGroup,Technical Support,Medium,Closed,2024-01-18 12:56:38,2024-01-21 10:42:50,2024-01-21 11:19:50,ryan.kim,Technical Team,MedGroup,Phone,false,7.2
SUP-2001392,Feature Request - TechStart Inc,Feature Request,High,Closed,2024-01-11 16:17:36,2024-01-12 22:23:21,2024-01-12 23:03:21,thomas.berg,Product Team,TechStart Inc,Portal,true,4.3
SUP-2001393,Billing Issue - MedGroup,Billing Issue,High,Closed,2024-01-10 21:57:14,2024-01-11 07:34:15,2024-01-11 07:57:15,jennifer.wu,Finance Support,MedGroup,Chat,false,6.5
SUP-2001394,Feature Request - MedGroup,Feature Request,Critical,Closed,2024-01-17 08:29:52,2024-01-17 13:48:13,2024-01-17 14:07:13,alex.chen,Product Team,MedGroup,Chat,true,6.7
SUP-2001395,Billing Issue - StartupXYZ,Billing Issue,Medium,Closed,2024-01-15 16:13:26,2024-01-16 04:50:10,2024-01-16 05:40:10,maya.patel,Finance Support,StartupXYZ,Phone,false,
SUP-2001396,Account Management - UniServices,Account Management,Critical,Closed,2024-01-08 13:22:21,2024-01-08 15:04:52,2024-01-08 15:34:52,maya.patel,Account Team,UniServices,Chat,false,7.7
SUP-2001397,Feature Request - RetailCo,Feature Request,Medium,Closed,2024-01-24 08:12:01,2024-01-24 19:23:17,2024-01-24 19:39:17,jennifer.wu,Product Team,RetailCo,Chat,false,6.2
SUP-2001398,Account Management - Global Finance,Account Management,Medium,Closed,2024-01-17 12:35:23,2024-01-18 04:05:48,2024-01-18 04:15:48,carlos.silva,Account Team,Global Finance,Portal,false,5.7
SUP-2001399,Integration Problem - Global Finance,Integration Problem,High,Closed,2024-01-18 08:09:04,2024-01-19 03:42:46,2024-01-19 04:38:46,thomas.berg,Integration Team,Global Finance,Phone,false,3.5
SUP-2001400,Performance Issue - TechStart Inc,Performance Issue,Medium,Closed,2024-01-12 14:44:07,2024-01-15 20:08:20,2024-01-15 20:14:20,thomas.berg,Engineering,TechStart Inc,Phone,false,5.6
SUP-2001401,Integration Problem - Global Finance,Integration Problem,Low,Closed,2024-01-20 15:24:29,2024-01-26 06:20:35,2024-01-26 06:52:35,maya.patel,Integration Team,Global Finance,Chat,false,6.8
SUP-2001402,Account Management - CityCouncil,Account Management,High,Closed,2024-01-27 09:00:50,2024-01-27 16:32:11,2024-01-27 16:48:11,maya.patel,Account Team,CityCouncil,Phone,false,6.1
SUP-2001403,Data Export/Import - RetailCo,Data Export/Import,Low,Reopened,2024-01-25 09:15:06,2024-01-28 04:13:08,,sofia.moreau,Technical Team,RetailCo,Portal,false,
SUP-2001404,Technical Support - RetailCo,Technical Support,Medium,Closed,2024-01-09 15:14:08,2024-01-11 11:40:49,2024-01-11 12:22:49,alex.chen,Technical Team,RetailCo,Email,false,7.9
SUP-2001405,Account Management - UniServices,Account Management,Low,Closed,2024-01-05 10:54:39,2024-01-07 09:37:41,2024-01-07 10:22:41,carlos.silva,Account Team,UniServices,Phone,false,
SUP-2001406,Integration Problem - MedGroup,Integration Problem,Medium,Closed,2024-01-04 00:50:27,2024-01-05 03:32:25,2024-01-05 03:45:25,laura.smith,Integration Team,MedGroup,Phone,false,6.0
SUP-2001407,Integration Problem - StartupXYZ,Integration Problem,Medium,Closed,2024-01-19 15:37:05,2024-01-20 15:38:18,2024-01-20 16:12:18,alex.chen,Integration Team,StartupXYZ,Portal,false,
SUP-2001408,Billing Issue - StartupXYZ,Billing Issue,High,Closed,2024-01-01 11:06:41,2024-01-01 12:55:48,2024-01-01 13:04:48,laura.smith,Finance Support,StartupXYZ,Email,false,7.9
SUP-2001409,Integration Problem - StartupXYZ,Integration Problem,Low,Closed,2024-01-04 13:04:08,2024-01-07 10:34:34,2024-01-07 11:11:34,jennifer.wu,Integration Team,StartupXYZ,Portal,false,6.6
SUP-2001410,Billing Issue - MedGroup,Billing Issue,High,Closed,2024-01-10 13:04:37,2024-01-10 17:00:21,2024-01-10 17:58:21,maya.patel,Finance Support,MedGroup,Chat,false,7.0
SUP-2001411,Billing Issue - Acme Corp,Billing Issue,Critical,Closed,2024-01-12 11:30:51,2024-01-12 13:57:44,2024-01-12 14:52:44,laura.smith,Finance Support,Acme Corp,Phone,false,
SUP-2001412,Technical Support - Global Finance,Technical Support,Medium,Closed,2024-01-11 10:46:28,2024-01-13 06:54:24,2024-01-13 07:53:24,laura.smith,Technical Team,Global Finance,Portal,false,6.0
SUP-2001413,Billing Issue - Global Finance,Billing Issue,Medium,Closed,2024-01-02 09:14:46,2024-01-03 13:31:49,2024-01-03 14:09:49,carlos.silva,Finance Support,Global Finance,Email,false,
SUP-2001414,Billing Issue - Acme Corp,Billing Issue,Low,Closed,2024-01-02 12:40:47,2024-01-09 21:45:02,2024-01-09 22:23:02,ryan.kim,Finance Support,Acme Corp,Email,false,6.9
SUP-2001415,Account Management - Acme Corp,Account Management,Medium,Reopened,2024-01-22 16:03:34,2024-01-23 11:09:16,,thomas.berg,Account Team,Acme Corp,Phone,false,
SUP-2001416,Performance Issue - TechStart Inc,Performance Issue,Medium,Closed,2024-01-09 12:49:24,2024-01-11 00:14:22,2024-01-11 00:26:22,carlos.silva,Engineering,TechStart Inc,Email,false,
SUP-2001417,Billing Issue - Global Finance,Billing Issue,Medium,Escalated,2024-01-04 09:09:13,2024-01-05 13:29:49,,carlos.silva,Finance Support,Global Finance,Phone,false,
SUP-2001418,Technical Support - Acme Corp,Technical Support,Medium,Closed,2024-01-17 09:26:34,2024-01-18 04:36:17,2024-01-18 05:17:17,maya.patel,Technical Team,Acme Corp,Email,false,7.9
SUP-2001419,Billing Issue - Acme Corp,Billing Issue,Low,Closed,2024-01-10 14:02:58,2024-01-13 22:17:57,2024-01-13 22:31:57,jennifer.wu,Finance Support,Acme Corp,Portal,false,
SUP-2001420,Account Management - Individual,Account Management,Medium,Closed,2024-01-23 06:51:03,2024-01-25 01:29:19,2024-01-25 02:00:19,thomas.berg,Account Team,Individual,Chat,false,6.1
SUP-2001421,Billing Issue - Acme Corp,Billing Issue,Medium,Closed,2024-01-11 13:06:47,2024-01-12 13:53:34,2024-01-12 14:24:34,carlos.silva,Finance Support,Acme Corp,Phone,false,5.7
SUP-2001422,Billing Issue - TechStart Inc,Billing Issue,Low,Closed,2024-01-09 09:50:45,2024-01-16 10:13:11,2024-01-16 10:52:11,laura.smith,Finance Support,TechStart Inc,Portal,false,6.6
SUP-2001423,Data Export/Import - TechStart Inc,Data Export/Import,Medium,Closed,2024-01-19 15:06:23,2024-01-20 12:37:07,2024-01-20 13:22:07,laura.smith,Technical Team,TechStart Inc,Chat,false,8.0
SUP-2001424,Performance Issue - Global Finance,Performance Issue,Medium,Closed,2024-01-10 12:08:26,2024-01-10 19:42:49,2024-01-10 20:13:49,maya.patel,Engineering,Global Finance,Portal,false,6.0
SUP-2001425,Billing Issue - Individual,Billing Issue,Medium,Closed,2024-01-11 08:02:33,2024-01-12 04:08:18,2024-01-12 04:20:18,carlos.silva,Finance Support,Individual,Portal,false,
SUP-2001426,Technical Support - StartupXYZ,Technical Support,High,Closed,2024-01-11 16:21:54,2024-01-11 19:51:15,2024-01-11 20:16:15,alex.chen,Technical Team,StartupXYZ,Email,false,8.2
SUP-2001427,Billing Issue - Acme Corp,Billing Issue,High,Closed,2024-01-11 22:01:51,2024-01-12 12:39:48,2024-01-12 13:31:48,thomas.berg,Finance Support,Acme Corp,Chat,false,5.2
SUP-2001428,Account Management - Acme Corp,Account Management,Low,Closed,2024-01-04 11:14:37,2024-01-18 01:52:08,2024-01-18 02:29:08,carlos.silva,Account Team,Acme Corp,Chat,true,6.9
SUP-2001429,Technical Support - Acme Corp,Technical Support,Low,Closed,2024-01-15 11:33:04,2024-01-19 09:36:46,2024-01-19 09:46:46,laura.smith,Technical Team,Acme Corp,Chat,false,
SUP-2001430,Technical Support - StartupXYZ,Technical Support,Critical,Closed,2024-01-17 23:28:26,2024-01-18 01:04:00,2024-01-18 02:03:00,ryan.kim,Technical Team,StartupXYZ,Chat,false,6.7
SUP-2001431,Technical Support - RetailCo,Technical Support,Low,Closed,2024-01-22 15:30:05,2024-01-28 15:41:21,2024-01-28 16:07:21,sofia.moreau,Technical Team,RetailCo,Email,false,5.5
SUP-2001432,Performance Issue - Individual,Performance Issue,High,Closed,2024-01-17 10:44:02,2024-01-18 01:42:19,2024-01-18 02:06:19,laura.smith,Engineering,Individual,Phone,false,7.6
SUP-2001433,Feature Request - MedGroup,Feature Request,Low,Closed,2024-01-11 22:21:20,2024-02-05 02:55:45,2024-02-05 03:24:45,jennifer.wu,Product Team,MedGroup,Chat,true,5.7
SUP-2001434,Performance Issue - RetailCo,Performance Issue,Low,Escalated,2024-01-01 09:45:46,2024-01-04 10:38:44,,ryan.kim,Engineering,RetailCo,Portal,false,
SUP-2001435,Billing Issue - Global Finance,Billing Issue,Low,Closed,2024-01-01 11:54:06,2024-01-02 22:04:23,2024-01-02 22:33:23,ryan.kim,Finance Support,Global Finance,Phone,false,6.1
SUP-2001436,Billing Issue - Global Finance,Billing Issue,High,Closed,2024-01-18 09:05:29,2024-01-18 14:01:56,2024-01-18 14:52:56,laura.smith,Finance Support,Global Finance,Email,false,
SUP-2001437,Integration Problem - TechStart Inc,Integration Problem,Medium,Closed,2024-01-26 13:17:14,2024-01-29 12:21:19,2024-01-29 12:28:19,maya.patel,Integration Team,TechStart Inc,Phone,false,5.5
SUP-2001438,Billing Issue - MedGroup,Billing Issue,Medium,Closed,2024-01-26 08:32:01,2024-01-28 17:25:57,2024-01-28 17:42:57,laura.smith,Finance Support,MedGroup,Email,false,7.4
SUP-2001439,Integration Problem - CityCouncil,Integration Problem,Medium,Reopened,2024-01-17 14:30:15,2024-01-20 03:07:20,,jennifer.wu,Integration Team,CityCouncil,Chat,false,
SUP-2001440,Technical Support - RetailCo,Technical Support,High,Reopened,2024-01-25 08:49:23,2024-01-25 14:56:13,,jennifer.wu,Technical Team,RetailCo,Email,false,
SUP-2001441,Billing Issue - Acme Corp,Billing Issue,Medium,Closed,2024-01-01 16:49:24,2024-01-04 05:57:54,2024-01-04 06:15:54,ryan.kim,Finance Support,Acme Corp,Portal,false,5.5
SUP-2001442,Account Management - Global Finance,Account Management,Medium,Closed,2024-01-09 12:27:58,2024-01-10 04:38:36,2024-01-10 04:44:36,sofia.moreau,Account Team,Global Finance,Email,false,
SUP-2001443,Technical Support - Individual,Technical Support,Medium,Closed,2024-01-07 09:11:17,2024-01-09 03:03:36,2024-01-09 03:14:36,alex.chen,Technical Team,Individual,Portal,false,7.9
SUP-2001444,Billing Issue - UniServices,Billing Issue,Medium,Closed,2024-01-01 08:10:51,2024-01-01 12:49:37,2024-01-01 13:26:37,alex.chen,Finance Support,UniServices,Email,false,7.2
SUP-2001445,Account Management - Acme Corp,Account Management,Low,Closed,2024-01-05 12:59:54,2024-01-06 15:55:27,2024-01-06 16:54:27,laura.smith,Account Team,Acme Corp,Chat,false,8.7
SUP-2001446,Technical Support - RetailCo,Technical Support,Medium,Closed,2024-01-19 08:10:58,2024-01-21 05:55:00,2024-01-21 06:49:00,maya.patel,Technical Team,RetailCo,Email,false,9.0
SUP-2001447,Billing Issue - Acme Corp,Billing Issue,Medium,Closed,2024-01-08 14:36:59,2024-01-10 15:57:47,2024-01-10 16:57:47,sofia.moreau,Finance Support,Acme Corp,Email,false,7.3
SUP-2001448,Data Export/Import - MedGroup,Data Export/Import,Medium,Closed,2024-01-03 09:46:02,2024-01-05 07:10:10,2024-01-05 07:19:10,maya.patel,Technical Team,MedGroup,Email,false,4.9
SUP-2001449,Billing Issue - TechStart Inc,Billing Issue,Medium,Closed,2024-01-03 15:43:15,2024-01-05 09:04:22,2024-01-05 09:47:22,laura.smith,Finance Support,TechStart Inc,Chat,false,
SUP-2001450,Account Management - Acme Corp,Account Management,Low,Closed,2024-01-25 16:00:07,2024-01-27 12:23:00,2024-01-27 12:49:00,laura.smith,Account Team,Acme Corp,Phone,false,7.4
SUP-2001451,Account Management - RetailCo,Account Management,High,Escalated,2024-01-15 14:22:39,2024-01-16 01:57:10,,maya.patel,Account Team,RetailCo,Chat,false,
SUP-2001452,Feature Request - Individual,Feature Request,Low,Escalated,2024-01-15 03:58:31,2024-02-02 02:41:39,,laura.smith,Product Team,Individual,Phone,false,
SUP-2001453,Integration Problem - UniServices,Integration Problem,Medium,Reopened,2024-01-22 10:47:03,2024-01-25 15:46:34,,ryan.kim,Integration Team,UniServices,Phone,false,
SUP-2001454,Data Export/Import - Individual,Data Export/Import,High,Closed,2024-01-01 16:13:37,2024-01-01 18:50:19,2024-01-01 19:38:19,jennifer.wu,Technical Team,Individual,Chat,false,8.9
SUP-2001455,Feature Request - Global Finance,Feature Request,Medium,Closed,2024-01-16 12:53:59,2024-01-20 06:22:03,2024-01-20 06:43:03,laura.smith,Product Team,Global Finance,Portal,false,5.8
SUP-2001456,Integration Problem - RetailCo,Integration Problem,Critical,Closed,2024-01-22 12:14:07,2024-01-22 18:06:52,2024-01-22 18:50:52,thomas.berg,Integration Team,RetailCo,Chat,true,4.6
SUP-2001457,Technical Support - TechStart Inc,Technical Support,Medium,Closed,2024-01-01 17:03:32,2024-01-02 08:30:22,2024-01-02 08:58:22,jennifer.wu,Technical Team,TechStart Inc,Chat,false,6.3
SUP-2001458,Integration Problem - CityCouncil,Integration Problem,Medium,Escalated,2024-01-26 13:42:33,2024-01-29 03:02:38,,carlos.silva,Integration Team,CityCouncil,Phone,false,
SUP-2001459,Feature Request - Individual,Feature Request,Medium,Reopened,2024-01-09 02:23:31,2024-01-10 07:25:44,,sofia.moreau,Product Team,Individual,Email,false,
SUP-2001460,Technical Support - UniServices,Technical Support,Low,Closed,2024-01-01 11:51:47,2024-01-02 20:42:38,2024-01-02 21:30:38,maya.patel,Technical Team,UniServices,Chat,false,
SUP-2001461,Account Management - Acme Corp,Account Management,Medium,Closed,2024-01-03 12:52:57,2024-01-06 01:32:36,2024-01-06 01:58:36,carlos.silva,Account Team,Acme Corp,Chat,false,5.4
SUP-2001462,Integration Problem - RetailCo,Integration Problem,High,Closed,2024-01-11 04:36:37,2024-01-11 10:41:02,2024-01-11 11:25:02,alex.chen,Integration Team,RetailCo,Chat,false,
SUP-2001463,Performance Issue - Global Finance,Performance Issue,High,Closed,2024-01-17 10:14:09,2024-01-18 08:18:14,2024-01-18 08:29:14,sofia.moreau,Engineering,Global Finance,Phone,false,
SUP-2001464,Billing Issue - CityCouncil,Billing Issue,Medium,Reopened,2024-01-09 12:39:11,2024-01-10 14:38:19,,alex.chen,Finance Support,CityCouncil,Portal,false,
SUP-2001465,Billing Issue - TechStart Inc,Billing Issue,Medium,Closed,2024-01-08 14:59:03,2024-01-16 11:50:38,2024-01-16 12:46:38,alex.chen,Finance Support,TechStart Inc,Phone,true,7.6
SUP-2001466,Technical Support - Global Finance,Technical Support,High,Closed,2024-01-25 14:42:12,2024-01-26 00:50:13,2024-01-26 01:30:13,alex.chen,Technical Team,Global Finance,Email,false,6.3
SUP-2001467,Account Management - Acme Corp,Account Management,High,Closed,2024-01-24 12:42:17,2024-01-24 19:55:12,2024-01-24 20:38:12,laura.smith,Account Team,Acme Corp,Portal,false,5.7
SUP-2001468,Technical Support - UniServices,Technical Support,Medium,Closed,2024-01-01 19:49:08,2024-01-02 18:09:46,2024-01-02 18:56:46,sofia.moreau,Technical Team,UniServices,Chat,false,6.5
SUP-2001469,Technical Support - MedGroup,Technical Support,High,Closed,2024-01-19 12:10:12,2024-01-19 18:16:08,2024-01-19 18:44:08,alex.chen,Technical Team,MedGroup,Portal,false,7.0
SUP-2001470,Integration Problem - RetailCo,Integration Problem,Medium,Escalated,2024-01-25 09:11:06,2024-01-26 02:14:01,,laura.smith,Integration Team,RetailCo,Chat,false,
SUP-2001471,Technical Support - RetailCo,Technical Support,Medium,Closed,2024-01-12 14:35:03,2024-01-14 15:54:20,2024-01-14 16:46:20,ryan.kim,Technical Team,RetailCo,Portal,false,5.3
SUP-2001472,Integration Problem - Global Finance,Integration Problem,High,Closed,2024-01-01 09:00:22,2024-01-01 15:53:39,2024-01-01 16:05:39,alex.chen,Integration Team,Global Finance,Email,false,5.4
SUP-2001473,Billing Issue - Acme Corp,Billing Issue,Medium,Closed,2024-01-18 15:49:16,2024-01-19 03:11:27,2024-01-19 03:28:27,jennifer.wu,Finance Support,Acme Corp,Chat,false,7.0
SUP-2001474,Account Management - TechStart Inc,Account Management,Critical,Closed,2024-01-10 10:45:48,2024-01-10 11:57:02,2024-01-10 12:40:02,laura.smith,Account Team,TechStart Inc,Portal,false,6.6
SUP-2001475,Performance Issue - Acme Corp,Performance Issue,High,Escalated,2024-01-19 08:28:22,2024-01-21 00:48:52,,carlos.silva,Engineering,Acme Corp,Portal,false,
SUP-2001476,Technical Support - TechStart Inc,Technical Support,Low,Closed,2024-01-05 13:09:32,2024-01-06 17:36:58,2024-01-06 18:13:58,alex.chen,Technical Team,TechStart Inc,Portal,false,
SUP-2001477,Billing Issue - Global Finance,Billing Issue,Medium,Closed,2024-01-16 14:27:52,2024-01-17 12:14:25,2024-01-17 13:06:25,alex.chen,Finance Support,Global Finance,Portal,false,7.3
SUP-2001478,Account Management - Individual,Account Management,Medium,Closed,2024-01-04 12:41:23,2024-01-05 00:16:35,2024-01-05 00:21:35,laura.smith,Account Team,Individual,Email,false,7.9
SUP-2001479,Integration Problem - TechStart Inc,Integration Problem,High,Closed,2024-01-04 09:52:02,2024-01-05 13:58:26,2024-01-05 14:40:26,laura.smith,Integration Team,TechStart Inc,Portal,true,6.9
SUP-2001480,Performance Issue - UniServices,Performance Issue,High,Escalated,2024-01-18 15:29:47,2024-01-19 05:02:38,,maya.patel,Engineering,UniServices,Portal,false,
SUP-2001481,Performance Issue - RetailCo,Performance Issue,Medium,Closed,2024-01-23 12:16:22,2024-01-25 12:04:11,2024-01-25 13:00:11,maya.patel,Engineering,RetailCo,Chat,false,6.5
SUP-2001482,Feature Request - RetailCo,Feature Request,Low,Closed,2024-01-17 09:36:39,2024-03-06 14:25:21,2024-03-06 15:08:21,sofia.moreau,Product Team,RetailCo,Email,true,6.4
SUP-2001483,Billing Issue - CityCouncil,Billing Issue,Critical,Closed,2024-01-09 16:08:18,2024-01-09 19:31:32,2024-01-09 20:00:32,carlos.silva,Finance Support,CityCouncil,Portal,false,7.6
SUP-2001484,Integration Problem - Global Finance,Integration Problem,Critical,Closed,2024-01-22 16:17:35,2024-01-23 04:29:04,2024-01-23 05:23:04,laura.smith,Integration Team,Global Finance,Portal,true,
SUP-2001485,Account Management - Acme Corp,Account Management,Low,Closed,2024-01-20 11:46:06,2024-02-04 17:05:26,2024-02-04 17:28:26,carlos.silva,Account Team,Acme Corp,Phone,true,5.0
SUP-2001486,Technical Support - Global Finance,Technical Support,Medium,Closed,2024-01-26 15:59:39,2024-01-30 03:18:37,2024-01-30 04:14:37,carlos.silva,Technical Team,Global Finance,Email,false,
SUP-2001487,Performance Issue - MedGroup,Performance Issue,High,Closed,2024-01-11 04:04:45,2024-01-12 06:32:27,2024-01-12 06:51:27,jennifer.wu,Engineering,MedGroup,Email,true,
SUP-2001488,Data Export/Import - UniServices,Data Export/Import,Medium,Closed,2024-01-08 11:13:44,2024-01-08 17:43:50,2024-01-08 18:25:50,alex.chen,Technical Team,UniServices,Email,false,
SUP-2001489,Account Management - Acme Corp,Account Management,Medium,Closed,2024-01-05 09:40:52,2024-01-06 02:38:43,2024-01-06 02:56:43,sofia.moreau,Account Team,Acme Corp,Phone,false,5.6
SUP-2001490,Feature Request - Global Finance,Feature Request,Medium,Closed,2024-01-09 14:39:16,2024-01-13 01:09:57,2024-01-13 01:27:57,laura.smith,Product Team,Global Finance,Phone,false,
SUP-2001491,Feature Request - Global Finance,Feature Request,Medium,Closed,2024-01-12 09:15:29,2024-01-13 10:48:58,2024-01-13 11:25:58,thomas.berg,Product Team,Global Finance,Email,false,3.3
SUP-2001492,Billing Issue - TechStart Inc,Billing Issue,Low,Closed,2024-01-05 08:51:56,2024-01-05 21:21:07,2024-01-05 21:38:07,maya.patel,Finance Support,TechStart Inc,Phone,false,7.7
SUP-2001493,Billing Issue - StartupXYZ,Billing Issue,Medium,Closed,2024-01-24 14:07:04,2024-01-25 05:41:54,2024-01-25 06:37:54,alex.chen,Finance Support,StartupXYZ,Portal,false,
SUP-2001494,Feature Request - Global Finance,Feature Request,Medium,Closed,2024-01-01 11:14:33,2024-01-02 06:30:58,2024-01-02 06:58:58,sofia.moreau,Product Team,Global Finance,Portal,false,4.7
SUP-2001495,Account Management - Acme Corp,Account Management,Low,Closed,2024-01-24 15:41:01,2024-01-26 03:50:33,2024-01-26 04:08:33,laura.smith,Account Team,Acme Corp,Email,false,
SUP-2001496,Billing Issue - MedGroup,Billing Issue,High,Closed,2024-01-15 03:52:38,2024-01-16 02:39:08,2024-01-16 02:49:08,sofia.moreau,Finance Support,MedGroup,Phone,false,6.6
SUP-2001497,Data Export/Import - Global Finance,Data Export/Import,Medium,Closed,2024-01-26 13:33:57,2024-01-27 10:41:58,2024-01-27 10:54:58,jennifer.wu,Technical Team,Global Finance,Email,false,7.1
SUP-2001498,Integration Problem - Acme Corp,Integration Problem,Low,Closed,2024-01-16 02:14:45,2024-01-28 22:23:48,2024-01-28 23:18:48,carlos.silva,Integration Team,Acme Corp,Portal,true,4.9
SUP-2001499,Performance Issue - TechStart Inc,Performance Issue,Critical,Closed,2024-01-20 11:59:44,2024-01-20 14:36:12,2024-01-20 15:35:12,maya.patel,Engineering,TechStart Inc,Chat,false,6.4
SUP-2001500,Technical Support - Acme Corp,Technical Support,Medium,Closed,2024-01-12 12:01:35,2024-01-15 02:27:01,2024-01-15 03:17:01,maya.patel,Technical Team,Acme Corp,Chat,false,
SUP-2001501,Integration Problem - CityCouncil,Integration Problem,Low,Closed,2024-01-25 09:34:30,2024-01-26 08:15:45,2024-01-26 08:24:45,jennifer.wu,Integration Team,CityCouncil,Phone,false,5.6
SUP-2001502,Integration Problem - Individual,Integration Problem,Medium,Reopened,2024-01-18 08:55:10,2024-01-19 06:11:30,,laura.smith,Integration Team,Individual,Chat,false,
SUP-2001503,Feature Request - Acme Corp,Feature Request,High,Closed,2024-01-04 13:31:42,2024-01-05 23:54:38,2024-01-06 00:27:38,sofia.moreau,Product Team,Acme Corp,Portal,true,5.6
SUP-2001504,Account Management - RetailCo,Account Management,Medium,Reopened,2024-01-05 10:22:56,2024-01-06 12:24:36,,ryan.kim,Account Team,RetailCo,Email,false,
SUP-2001505,Performance Issue - MedGroup,Performance Issue,Medium,Closed,2024-01-04 08:47:13,2024-01-05 07:54:12,2024-01-05 08:43:12,jennifer.wu,Engineering,MedGroup,Phone,false,5.9
SUP-2001506,Integration Problem - RetailCo,Integration Problem,Medium,Closed,2024-01-13 09:36:21,2024-01-14 01:22:06,2024-01-14 01:45:06,carlos.silva,Integration Team,RetailCo,Portal,false,6.3
SUP-2001507,Feature Request - Individual,Feature Request,Medium,Closed,2024-01-16 08:53:02,2024-01-17 11:34:46,2024-01-17 11:45:46,laura.smith,Product Team,Individual,Email,false,7.4
SUP-2001508,Technical Support - RetailCo,Technical Support,High,Closed,2024-01-24 15:05:55,2024-01-24 18:43:08,2024-01-24 19:28:08,sofia.moreau,Technical Team,RetailCo,Chat,false,6.9
SUP-2001509,Billing Issue - Global Finance,Billing Issue,Low,Closed,2024-01-05 03:20:36,2024-01-09 22:48:29,2024-01-09 23:48:29,sofia.moreau,Finance Support,Global Finance,Portal,false,7.2
SUP-2001510,Account Management - TechStart Inc,Account Management,Critical,Reopened,2024-01-22 01:51:39,2024-01-22 05:41:10,,carlos.silva,Account Team,TechStart Inc,Portal,false,
SUP-2001511,Billing Issue - Global Finance,Billing Issue,Medium,Closed,2024-01-16 16:51:34,2024-01-17 19:25:21,2024-01-17 20:14:21,maya.patel,Finance Support,Global Finance,Chat,false,7.5
SUP-2001512,Feature Request - TechStart Inc,Feature Request,Low,Escalated,2024-01-26 08:41:57,2024-01-30 07:14:44,,thomas.berg,Product Team,TechStart Inc,Chat,false,
SUP-2001513,Account Management - Individual,Account Management,High,Closed,2024-01-06 12:45:13,2024-01-06 16:00:22,2024-01-06 16:33:22,jennifer.wu,Account Team,Individual,Chat,false,7.0
SUP-2001514,Performance Issue - UniServices,Performance Issue,High,Escalated,2024-01-02 03:24:08,2024-01-02 09:55:58,,ryan.kim,Engineering,UniServices,Portal,false,
SUP-2001515,Account Management - UniServices,Account Management,Critical,Closed,2024-01-04 14:24:19,2024-01-04 19:13:36,2024-01-04 19:44:36,laura.smith,Account Team,UniServices,Phone,true,6.2
SUP-2001516,Feature Request - RetailCo,Feature Request,Low,Closed,2024-01-05 12:30:14,2024-01-12 06:08:55,2024-01-12 06:45:55,sofia.moreau,Product Team,RetailCo,Portal,false,6.1
SUP-2001517,Technical Support - RetailCo,Technical Support,Low,Escalated,2024-01-01 08:36:12,2024-01-05 00:41:05,,thomas.berg,Technical Team,RetailCo,Portal,false,
SUP-2001518,Performance Issue - UniServices,Performance Issue,Medium,Reopened,2024-01-27 12:35:37,2024-01-29 08:48:49,,maya.patel,Engineering,UniServices,Email,false,
SUP-2001519,Technical Support - Global Finance,Technical Support,High,Closed,2024-01-22 12:28:09,2024-01-22 18:00:50,2024-01-22 18:48:50,alex.chen,Technical Team,Global Finance,Phone,false,7.3
SUP-2001520,Billing Issue - StartupXYZ,Billing Issue,Low,Closed,2024-01-10 13:18:27,2024-01-11 20:11:25,2024-01-11 20:21:25,maya.patel,Finance Support,StartupXYZ,Portal,false,7.3
SUP-2001521,Account Management - RetailCo,Account Management,Medium,Closed,2024-01-15 10:17:35,2024-01-16 02:56:46,2024-01-16 03:50:46,laura.smith,Account Team,RetailCo,Chat,false,
SUP-2001522,Technical Support - TechStart Inc,Technical Support,High,Closed,2024-01-26 08:09:48,2024-01-26 22:05:26,2024-01-26 22:25:26,jennifer.wu,Technical Team,TechStart Inc,Portal,false,7.3
SUP-2001523,Feature Request - UniServices,Feature Request,Medium,Closed,2024-01-09 13:10:18,2024-01-11 03:08:11,2024-01-11 03:34:11,jennifer.wu,Product Team,UniServices,Portal,false,5.4
SUP-2001524,Billing Issue - RetailCo,Billing Issue,High,Closed,2024-01-13 13:10:32,2024-01-13 15:38:23,2024-01-13 16:05:23,laura.smith,Finance Support,RetailCo,Phone,false,7.0
SUP-2001525,Billing Issue - Acme Corp,Billing Issue,Medium,Closed,2024-01-11 15:22:35,2024-01-12 13:51:08,2024-01-12 14:23:08,thomas.berg,Finance Support,Acme Corp,Phone,false,5.3
SUP-2001526,Billing Issue - Acme Corp,Billing Issue,Critical,Closed,2024-01-18 17:31:17,2024-01-18 19:07:26,2024-01-18 19:50:26,laura.smith,Finance Support,Acme Corp,Email,false,
SUP-2001527,Technical Support - CityCouncil,Technical Support,High,Reopened,2024-01-25 09:36:04,2024-01-25 19:55:34,,ryan.kim,Technical Team,CityCouncil,Phone,false,
SUP-2001528,Feature Request - TechStart Inc,Feature Request,High,Closed,2024-01-04 15:17:38,2024-01-05 17:03:22,2024-01-05 17:28:22,alex.chen,Product Team,TechStart Inc,Phone,true,6.2
SUP-2001529,Technical Support - MedGroup,Technical Support,High,Reopened,2024-01-23 11:39:48,2024-01-24 01:44:25,,thomas.berg,Technical Team,MedGroup,Portal,false,
SUP-2001530,Billing Issue - RetailCo,Billing Issue,Medium,Closed,2024-01-17 15:37:29,2024-01-18 18:06:47,2024-01-18 18:54:47,laura.smith,Finance Support,RetailCo,Chat,false,6.3
SUP-2001531,Technical Support - Global Finance,Technical Support,Medium,Closed,2024-01-14 12:11:06,2024-01-15 16:42:03,2024-01-15 17:09:03,maya.patel,Technical Team,Global Finance,Portal,false,6.1
SUP-2001532,Data Export/Import - MedGroup,Data Export/Import,High,Closed,2024-01-08 17:00:37,2024-01-09 02:06:55,2024-01-09 02:44:55,alex.chen,Technical Team,MedGroup,Portal,false,6.4
SUP-2001533,Technical Support - CityCouncil,Technical Support,Low,Escalated,2024-01-15 11:05:21,2024-01-20 03:14:31,,alex.chen,Technical Team,CityCouncil,Chat,false,
SUP-2001534,Technical Support - Individual,Technical Support,Low,Reopened,2024-01-15 09:31:43,2024-01-18 18:19:37,,jennifer.wu,Technical Team,Individual,Chat,false,
SUP-2001535,Account Management - StartupXYZ,Account Management,Low,Reopened,2024-01-04 10:42:30,2024-01-06 02:19:16,,sofia.moreau,Account Team,StartupXYZ,Email,false,
SUP-2001536,Performance Issue - Acme Corp,Performance Issue,High,Closed,2024-01-23 14:28:24,2024-01-24 01:17:40,2024-01-24 01:24:40,ryan.kim,Engineering,Acme Corp,Portal,false,4.4
SUP-2001537,Feature Request - TechStart Inc,Feature Request,Medium,Escalated,2024-01-25 17:40:09,2024-01-27 23:44:12,,maya.patel,Product Team,TechStart Inc,Email,false,
SUP-2001538,Account Management - RetailCo,Account Management,Critical,Reopened,2024-01-10 08:17:46,2024-01-10 12:03:45,,thomas.berg,Account Team,RetailCo,Chat,false,
SUP-2001539,Billing Issue - MedGroup,Billing Issue,Medium,Closed,2024-01-16 14:41:43,2024-01-17 04:04:10,2024-01-17 05:03:10,ryan.kim,Finance Support,MedGroup,Email,false,5.6
SUP-2001540,Integration Problem - CityCouncil,Integration Problem,Medium,Closed,2024-01-10 18:08:24,2024-01-11 13:31:10,2024-01-11 14:25:10,carlos.silva,Integration Team,CityCouncil,Portal,false,5.3
SUP-2001541,Technical Support - MedGroup,Technical Support,Low,Closed,2024-01-25 15:10:19,2024-02-09 08:35:58,2024-02-09 09:17:58,carlos.silva,Technical Team,MedGroup,Portal,true,
SUP-2001542,Billing Issue - RetailCo,Billing Issue,Medium,Closed,2024-01-11 00:39:06,2024-01-11 19:28:10,2024-01-11 20:24:10,sofia.moreau,Finance Support,RetailCo,Chat,false,7.4
SUP-2001543,Feature Request - Global Finance,Feature Request,High,Closed,2024-01-17 10:49:40,2024-01-18 06:29:26,2024-01-18 06:35:26,laura.smith,Product Team,Global Finance,Phone,false,
SUP-2001544,Feature Request - Acme Corp,Feature Request,Medium,Closed,2024-01-22 11:04:09,2024-01-25 00:52:32,2024-01-25 01:51:32,jennifer.wu,Product Team,Acme Corp,Email,false,5.1
SUP-2001545,Billing Issue - TechStart Inc,Billing Issue,Low,Escalated,2024-01-02 11:16:51,2024-01-06 02:08:12,,carlos.silva,Finance Support,TechStart Inc,Portal,false,
SUP-2001546,Integration Problem - UniServices,Integration Problem,Medium,Closed,2024-01-04 08:33:12,2024-01-06 01:46:00,2024-01-06 02:22:00,alex.chen,Integration Team,UniServices,Email,false,6.7
SUP-2001547,Billing Issue - Acme Corp,Billing Issue,Medium,Closed,2024-01-16 14:09:53,2024-01-17 16:32:15,2024-01-17 16:52:15,laura.smith,Finance Support,Acme Corp,Chat,false,6.4
SUP-2001548,Account Management - MedGroup,Account Management,Medium,Closed,2024-01-26 11:24:27,2024-01-28 06:34:45,2024-01-28 07:27:45,carlos.silva,Account Team,MedGroup,Portal,false,
SUP-2001549,Billing Issue - TechStart Inc,Billing Issue,High,Escalated,2024-01-23 14:29:33,2024-01-24 00:06:34,,sofia.moreau,Finance Support,TechStart Inc,Portal,false,
SUP-2001550,Technical Support - StartupXYZ,Technical Support,High,Closed,2024-01-19 16:19:07,2024-01-19 22:16:34,2024-01-19 23:11:34,maya.patel,Technical Team,StartupXYZ,Chat,false,8.4
SUP-2001551,Technical Support - Acme Corp,Technical Support,Medium,Reopened,2024-01-02 10:19:57,2024-01-04 10:34:31,,jennifer.wu,Technical Team,Acme Corp,Email,false,
SUP-2001552,Data Export/Import - UniServices,Data Export/Import,High,Closed,2024-01-08 11:47:11,2024-01-08 22:30:53,2024-01-08 23:06:53,alex.chen,Technical Team,UniServices,Chat,false,7.4
SUP-2001553,Performance Issue - RetailCo,Performance Issue,Medium,Closed,2024-01-17 15:08:14,2024-01-24 01:21:43,2024-01-24 01:47:43,laura.smith,Engineering,RetailCo,Email,true,7.7
SUP-2001554,Technical Support - Global Finance,Technical Support,Low,Closed,2024-01-24 10:50:54,2024-02-03 01:05:22,2024-02-03 02:02:22,alex.chen,Technical Team,Global Finance,Phone,false,6.2
SUP-2001555,Performance Issue - Global Finance,Performance Issue,Low,Closed,2024-01-11 13:38:40,2024-01-25 22:58:31,2024-01-25 23:30:31,laura.smith,Engineering,Global Finance,Chat,true,
SUP-2001556,Integration Problem - Global Finance,Integration Problem,High,Closed,2024-01-24 09:16:53,2024-01-25 07:00:18,2024-01-25 07:35:18,ryan.kim,Integration Team,Global Finance,Chat,false,5.2
SUP-2001557,Technical Support - Global Finance,Technical Support,Medium,Reopened,2024-01-02 10:30:03,2024-01-06 08:37:27,,carlos.silva,Technical Team,Global Finance,Chat,false,
SUP-2001558,Account Management - Acme Corp,Account Management,Low,Closed,2024-01-18 13:20:12,2024-01-20 09:09:46,2024-01-20 10:00:46,alex.chen,Account Team,Acme Corp,Email,false,6.1
SUP-2001559,Integration Problem - TechStart Inc,Integration Problem,Medium,Closed,2024-01-24 00:42:30,2024-01-25 19:57:40,2024-01-25 20:22:40,alex.chen,Integration Team,TechStart Inc,Phone,false,6.7
SUP-2001560,Billing Issue - StartupXYZ,Billing Issue,Medium,Closed,2024-01-17 09:53:25,2024-01-18 10:02:03,2024-01-18 10:29:03,thomas.berg,Finance Support,StartupXYZ,Portal,false,5.8
SUP-2001561,Data Export/Import - Global Finance,Data Export/Import,Critical,Closed,2024-01-28 20:15:55,2024-01-29 02:16:23,2024-01-29 02:21:23,laura.smith,Technical Team,Global Finance,Portal,true,
SUP-2001562,Feature Request - StartupXYZ,Feature Request,Medium,Closed,2024-01-14 00:21:25,2024-01-17 00:25:02,2024-01-17 01:12:02,ryan.kim,Product Team,StartupXYZ,Phone,false,5.6
SUP-2001563,Feature Request - Acme Corp,Feature Request,High,Closed,2024-01-18 09:41:52,2024-01-18 22:02:31,2024-01-18 22:21:31,laura.smith,Product Team,Acme Corp,Portal,false,6.0
SUP-2001564,Feature Request - TechStart Inc,Feature Request,Critical,Closed,2024-01-17 10:32:08,2024-01-17 12:23:28,2024-01-17 13:13:28,carlos.silva,Product Team,TechStart Inc,Chat,false,5.6
SUP-2001565,Data Export/Import - Acme Corp,Data Export/Import,High,Reopened,2024-01-24 12:55:29,2024-01-25 17:39:26,,alex.chen,Technical Team,Acme Corp,Chat,false,
SUP-2001566,Integration Problem - StartupXYZ,Integration Problem,Low,Escalated,2024-01-12 11:07:26,2024-01-13 21:17:50,,ryan.kim,Integration Team,StartupXYZ,Phone,false,
SUP-2001567,Technical Support - StartupXYZ,Technical Support,Medium,Closed,2024-01-17 12:43:37,2024-01-18 07:59:52,2024-01-18 08:53:52,laura.smith,Technical Team,StartupXYZ,Email,false,7.1
SUP-2001568,Technical Support - Global Finance,Technical Support,High,Escalated,2024-01-03 10:10:58,2024-01-04 13:53:14,,carlos.silva,Technical Team,Global Finance,Phone,false,
SUP-2001569,Integration Problem - Individual,Integration Problem,Medium,Closed,2024-01-16 09:14:10,2024-01-17 11:28:56,2024-01-17 11:37:56,maya.patel,Integration Team,Individual,Chat,false,6.7
SUP-2001570,Account Management - Global Finance,Account Management,Medium,Closed,2024-01-04 10:05:13,2024-01-08 00:56:56,2024-01-08 01:35:56,maya.patel,Account Team,Global Finance,Email,false,
SUP-2001571,Technical Support - Global Finance,Technical Support,Low,Closed,2024-01-19 16:41:56,2024-01-23 16:55:59,2024-01-23 17:34:59,jennifer.wu,Technical Team,Global Finance,Portal,false,7.5
SUP-2001572,Billing Issue - MedGroup,Billing Issue,Medium,Closed,2024-01-21 08:00:22,2024-01-22 20:27:42,2024-01-22 21:15:42,laura.smith,Finance Support,MedGroup,Phone,false,7.8
SUP-2001573,Billing Issue - MedGroup,Billing Issue,Critical,Closed,2024-01-08 11:28:34,2024-01-08 12:39:54,2024-01-08 12:50:54,laura.smith,Finance Support,MedGroup,Phone,false,
SUP-2001574,Billing Issue - StartupXYZ,Billing Issue,High,Closed,2024-01-19 14:43:35,2024-01-19 22:23:00,2024-01-19 22:33:00,ryan.kim,Finance Support,StartupXYZ,Portal,false,7.6
SUP-2001575,Billing Issue - TechStart Inc,Billing Issue,Critical,Closed,2024-01-22 15:47:39,2024-01-22 17:59:51,2024-01-22 18:57:51,carlos.silva,Finance Support,TechStart Inc,Phone,false,7.5
SUP-2001576,Billing Issue - Acme Corp,Billing Issue,Medium,Reopened,2024-01-12 15:47:47,2024-01-13 04:33:16,,carlos.silva,Finance Support,Acme Corp,Phone,false,
SUP-2001577,Feature Request - StartupXYZ,Feature Request,High,Closed,2024-01-09 13:02:19,2024-01-10 11:26:27,2024-01-10 11:32:27,ryan.kim,Product Team,StartupXYZ,Portal,false,6.7
SUP-2001578,Technical Support - Acme Corp,Technical Support,Low,Closed,2024-01-23 11:33:18,2024-01-25 17:44:39,2024-01-25 18:15:39,ryan.kim,Technical Team,Acme Corp,Portal,false,6.9
SUP-2001579,Integration Problem - Individual,Integration Problem,High,Closed,2024-01-11 14:57:32,2024-01-12 01:58:54,2024-01-12 02:08:54,sofia.moreau,Integration Team,Individual,Phone,false,7.4
SUP-2001580,Performance Issue - Acme Corp,Performance Issue,Medium,Closed,2024-01-04 15:58:36,2024-01-06 10:23:03,2024-01-06 10:45:03,carlos.silva,Engineering,Acme Corp,Portal,false,5.7
SUP-2001581,Technical Support - Global Finance,Technical Support,High,Closed,2024-01-04 15:00:15,2024-01-04 23:50:08,2024-01-05 00:45:08,laura.smith,Technical Team,Global Finance,Email,false,
SUP-2001582,Technical Support - UniServices,Technical Support,High,Closed,2024-01-05 13:52:52,2024-01-06 05:38:09,2024-01-06 06:29:09,maya.patel,Technical Team,UniServices,Phone,false,6.6
SUP-2001583,Performance Issue - Individual,Performance Issue,Medium,Closed,2024-01-12 13:20:17,2024-01-13 18:27:26,2024-01-13 19:01:26,laura.smith,Engineering,Individual,Portal,false,8.5
SUP-2001584,Billing Issue - RetailCo,Billing Issue,Medium,Closed,2024-01-10 10:10:18,2024-01-11 04:53:20,2024-01-11 05:33:20,ryan.kim,Finance Support,RetailCo,Phone,false,
SUP-2001585,Technical Support - Acme Corp,Technical Support,Medium,Closed,2024-01-26 10:55:24,2024-01-29 15:01:53,2024-01-29 15:08:53,jennifer.wu,Technical Team,Acme Corp,Chat,false,6.9
SUP-2001586,Performance Issue - TechStart Inc,Performance Issue,Medium,Closed,2024-01-19 14:05:14,2024-01-20 20:02:39,2024-01-20 21:00:39,jennifer.wu,Engineering,TechStart Inc,Phone,false,5.9
SUP-2001587,Technical Support - StartupXYZ,Technical Support,Medium,Closed,2024-01-06 12:05:45,2024-01-07 09:52:56,2024-01-07 10:31:56,maya.patel,Technical Team,StartupXYZ,Phone,false,
SUP-2001588,Technical Support - RetailCo,Technical Support,High,Closed,2024-01-24 10:19:11,2024-01-24 13:17:10,2024-01-24 13:31:10,laura.smith,Technical Team,RetailCo,Email,false,
SUP-2001589,Integration Problem - MedGroup,Integration Problem,Medium,Closed,2024-01-04 12:38:08,2024-01-14 11:07:25,2024-01-14 11:15:25,carlos.silva,Integration Team,MedGroup,Chat,true,4.3
SUP-2001590,Technical Support - CityCouncil,Technical Support,High,Reopened,2024-01-19 11:23:19,2024-01-19 18:27:11,,sofia.moreau,Technical Team,CityCouncil,Email,false,
SUP-2001591,Feature Request - StartupXYZ,Feature Request,Low,Closed,2024-01-11 14:47:11,2024-01-26 02:30:04,2024-01-26 03:26:04,jennifer.wu,Product Team,StartupXYZ,Phone,true,7.9
SUP-2001592,Billing Issue - Individual,Billing Issue,High,Closed,2024-01-15 12:27:26,2024-01-15 16:27:29,2024-01-15 16:57:29,ryan.kim,Finance Support,Individual,Chat,false,7.7
SUP-2001593,Technical Support - Acme Corp,Technical Support,Low,Closed,2024-01-10 13:38:56,2024-01-12 04:05:42,2024-01-12 04:14:42,jennifer.wu,Technical Team,Acme Corp,Email,false,
SUP-2001594,Billing Issue - Individual,Billing Issue,Low,Closed,2024-01-12 09:07:51,2024-01-19 17:59:18,2024-01-19 18:13:18,jennifer.wu,Finance Support,Individual,Phone,false,7.5
SUP-2001595,Billing Issue - Individual,Billing Issue,Low,Closed,2024-01-04 08:41:17,2024-01-06 12:41:23,2024-01-06 12:51:23,alex.chen,Finance Support,Individual,Email,false,8.8
SUP-2001596,Feature Request - CityCouncil,Feature Request,Medium,Closed,2024-01-24 12:11:13,2024-01-25 16:53:49,2024-01-25 17:37:49,sofia.moreau,Product Team,CityCouncil,Email,false,6.1
SUP-2001597,Integration Problem - UniServices,Integration Problem,High,Closed,2024-01-04 15:55:38,2024-01-04 23:11:40,2024-01-04 23:50:40,ryan.kim,Integration Team,UniServices,Phone,false,5.0
SUP-2001598,Account Management - Acme Corp,Account Management,High,Closed,2024-01-11 13:38:08,2024-01-11 23:04:40,2024-01-11 23:43:40,carlos.silva,Account Team,Acme Corp,Email,false,5.7
SUP-2001599,Account Management - Global Finance,Account Management,Medium,Closed,2024-01-01 11:56:02,2024-01-02 09:09:51,2024-01-02 09:31:51,maya.patel,Account Team,Global Finance,Portal,false,6.9
SUP-2001600,Integration Problem - RetailCo,Integration Problem,High,Closed,2024-01-10 12:01:00,2024-01-10 19:36:50,2024-01-10 20:28:50,jennifer.wu,Integration Team,RetailCo,Email,false,7.1
SUP-2001601,Feature Request - CityCouncil,Feature Request,Medium,Closed,2024-01-25 09:10:11,2024-01-27 19:38:30,2024-01-27 20:21:30,jennifer.wu,Product Team,CityCouncil,Phone,false,6.0
SUP-2001602,Billing Issue - MedGroup,Billing Issue,Critical,Closed,2024-01-02 10:58:10,2024-01-02 13:57:03,2024-01-02 14:51:03,carlos.silva,Finance Support,MedGroup,Chat,false,
SUP-2001603,Technical Support - RetailCo,Technical Support,Low,Closed,2024-01-09 07:53:31,2024-01-19 08:00:24,2024-01-19 08:52:24,sofia.moreau,Technical Team,RetailCo,Portal,true,6.9
SUP-2001604,Account Management - Individual,Account Management,High,Escalated,2024-01-01 11:35:21,2024-01-01 14:42:50,,sofia.moreau,Account Team,Individual,Portal,false,
SUP-2001605,Technical Support - Global Finance,Technical Support,High,Closed,2024-01-03 02:54:10,2024-01-03 15:33:33,2024-01-03 15:38:33,thomas.berg,Technical Team,Global Finance,Phone,false,5.0
SUP-2001606,Data Export/Import - Acme Corp,Data Export/Import,High,Reopened,2024-01-12 10:14:07,2024-01-13 03:36:15,,ryan.kim,Technical Team,Acme Corp,Email,false,
SUP-2001607,Integration Problem - TechStart Inc,Integration Problem,High,Closed,2024-01-24 12:39:00,2024-01-24 22:07:32,2024-01-24 22:52:32,alex.chen,Integration Team,TechStart Inc,Phone,false,6.9
SUP-2001608,Performance Issue - Acme Corp,Performance Issue,Low,Closed,2024-01-24 09:03:57,2024-01-28 17:39:13,2024-01-28 18:22:13,laura.smith,Engineering,Acme Corp,Phone,false,5.9
SUP-2001609,Account Management - TechStart Inc,Account Management,Medium,Closed,2024-01-01 11:12:01,2024-01-01 20:58:47,2024-01-01 21:23:47,laura.smith,Account Team,TechStart Inc,Phone,false,7.8
SUP-2001610,Account Management - Individual,Account Management,Low,Closed,2024-01-07 08:27:02,2024-01-10 08:28:48,2024-01-10 09:00:48,jennifer.wu,Account Team,Individual,Email,false,
SUP-2001611,Account Management - CityCouncil,Account Management,Medium,Closed,2024-01-02 09:14:08,2024-01-06 03:37:48,2024-01-06 04:23:48,ryan.kim,Account Team,CityCouncil,Portal,false,9.1
SUP-2001612,Billing Issue - CityCouncil,Billing Issue,Medium,Closed,2024-01-01 17:10:06,2024-01-02 17:51:41,2024-01-02 18:24:41,laura.smith,Finance Support,CityCouncil,Email,false,7.3
SUP-2001613,Technical Support - Acme Corp,Technical Support,Medium,Reopened,2024-01-11 10:44:41,2024-01-16 12:38:46,,thomas.berg,Technical Team,Acme Corp,Chat,false,
SUP-2001614,Account Management - MedGroup,Account Management,Low,Closed,2024-01-11 09:55:18,2024-01-23 23:59:51,2024-01-24 00:14:51,carlos.silva,Account Team,MedGroup,Portal,true,4.3
SUP-2001615,Technical Support - Acme Corp,Technical Support,Medium,Closed,2024-01-10 09:13:02,2024-01-11 22:06:37,2024-01-11 22:50:37,ryan.kim,Technical Team,Acme Corp,Email,false,
SUP-2001616,Feature Request - TechStart Inc,Feature Request,Low,Closed,2024-01-05 05:44:22,2024-01-17 10:44:11,2024-01-17 11:37:11,ryan.kim,Product Team,TechStart Inc,Phone,true,
SUP-2001617,Performance Issue - TechStart Inc,Performance Issue,Critical,Closed,2024-01-17 14:10:34,2024-01-17 17:37:02,2024-01-17 17:58:02,jennifer.wu,Engineering,TechStart Inc,Email,false,6.2
SUP-2001618,Data Export/Import - StartupXYZ,Data Export/Import,Low,Closed,2024-01-19 15:09:31,2024-01-20 18:24:46,2024-01-20 19:22:46,laura.smith,Technical Team,StartupXYZ,Chat,false,
SUP-2001619,Integration Problem - Global Finance,Integration Problem,Low,Reopened,2024-01-15 17:21:47,2024-01-21 01:09:58,,ryan.kim,Integration Team,Global Finance,Phone,false,
SUP-2001620,Data Export/Import - MedGroup,Data Export/Import,Low,Closed,2024-01-22 10:55:12,2024-01-26 19:17:11,2024-01-26 19:25:11,alex.chen,Technical Team,MedGroup,Phone,false,7.7
SUP-2001621,Feature Request - MedGroup,Feature Request,Low,Closed,2024-01-03 23:29:28,2024-01-12 18:31:20,2024-01-12 19:03:20,carlos.silva,Product Team,MedGroup,Email,false,4.6
SUP-2001622,Technical Support - Global Finance,Technical Support,High,Closed,2024-01-22 09:52:31,2024-01-22 21:58:44,2024-01-22 22:07:44,maya.patel,Technical Team,Global Finance,Email,false,
SUP-2001623,Technical Support - RetailCo,Technical Support,High,Reopened,2024-01-02 11:12:56,2024-01-02 16:24:05,,jennifer.wu,Technical Team,RetailCo,Portal,false,
SUP-2001624,Account Management - CityCouncil,Account Management,Low,Closed,2024-01-24 11:44:07,2024-01-28 02:40:03,2024-01-28 03:17:03,laura.smith,Account Team,CityCouncil,Portal,false,7.3
SUP-2001625,Billing Issue - Global Finance,Billing Issue,Medium,Closed,2024-01-19 19:35:46,2024-01-20 06:53:56,2024-01-20 07:35:56,ryan.kim,Finance Support,Global Finance,Portal,false,5.9
SUP-2001626,Technical Support - TechStart Inc,Technical Support,Low,Closed,2024-01-04 10:20:17,2024-01-05 23:14:28,2024-01-05 23:21:28,alex.chen,Technical Team,TechStart Inc,Chat,false,8.0
SUP-2001627,Feature Request - RetailCo,Feature Request,Critical,Closed,2024-01-18 18:35:06,2024-01-18 20:05:02,2024-01-18 20:54:02,alex.chen,Product Team,RetailCo,Chat,false,
SUP-2001628,Billing Issue - CityCouncil,Billing Issue,High,Closed,2024-01-24 14:32:29,2024-01-24 17:46:58,2024-01-24 18:41:58,maya.patel,Finance Support,CityCouncil,Chat,false,7.8
SUP-2001629,Performance Issue - RetailCo,Performance Issue,Low,Closed,2024-01-12 10:07:40,2024-01-21 18:56:47,2024-01-21 19:07:47,maya.patel,Engineering,RetailCo,Portal,false,8.0
SUP-2001630,Billing Issue - Global Finance,Billing Issue,Medium,Closed,2024-01-11 10:58:35,2024-01-13 19:58:33,2024-01-13 20:24:33,carlos.silva,Finance Support,Global Finance,Email,false,6.8
SUP-2001631,Account Management - TechStart Inc,Account Management,Low,Closed,2024-01-02 15:52:32,2024-01-06 05:14:57,2024-01-06 06:02:57,alex.chen,Account Team,TechStart Inc,Phone,false,8.4
SUP-2001632,Technical Support - RetailCo,Technical Support,Low,Closed,2024-01-24 11:07:42,2024-02-07 00:14:32,2024-02-07 00:54:32,alex.chen,Technical Team,RetailCo,Chat,true,7.7
SUP-2001633,Billing Issue - Global Finance,Billing Issue,Critical,Closed,2024-01-11 11:30:50,2024-01-11 12:29:30,2024-01-11 12:38:30,sofia.moreau,Finance Support,Global Finance,Chat,false,6.4
SUP-2001634,Data Export/Import - Acme Corp,Data Export/Import,Low,Closed,2024-01-26 14:45:39,2024-02-01 00:15:04,2024-02-01 01:02:04,carlos.silva,Technical Team,Acme Corp,Portal,false,6.3
SUP-2001635,Feature Request - Individual,Feature Request,Medium,Closed,2024-01-19 08:55:17,2024-01-19 22:58:59,2024-01-19 23:33:59,jennifer.wu,Product Team,Individual,Chat,false,
SUP-2001636,Data Export/Import - TechStart Inc,Data Export/Import,High,Reopened,2024-01-23 14:30:41,2024-01-24 05:10:14,,sofia.moreau,Technical Team,TechStart Inc,Email,false,
SUP-2001637,Feature Request - MedGroup,Feature Request,Low,Closed,2024-01-26 10:53:50,2024-02-02 14:54:36,2024-02-02 15:20:36,ryan.kim,Product Team,MedGroup,Phone,false,3.6
SUP-2001638,Integration Problem - Acme Corp,Integration Problem,Low,Closed,2024-01-23 08:09:25,2024-03-08 21:33:43,2024-03-08 21:50:43,maya.patel,Integration Team,Acme Corp,Phone,true,5.9
SUP-2001639,Feature Request - Acme Corp,Feature Request,Low,Closed,2024-01-05 10:21:37,2024-01-11 09:21:48,2024-01-11 09:55:48,laura.smith,Product Team,Acme Corp,Portal,false,
SUP-2001640,Account Management - UniServices,Account Management,Medium,Closed,2024-01-17 14:36:43,2024-01-18 05:54:18,2024-01-18 06:32:18,laura.smith,Account Team,UniServices,Portal,false,7.4
SUP-2001641,Data Export/Import - TechStart Inc,Data Export/Import,Medium,Closed,2024-01-08 15:12:59,2024-01-09 00:21:27,2024-01-09 01:00:27,carlos.silva,Technical Team,TechStart Inc,Email,false,5.7
SUP-2001642,Technical Support - StartupXYZ,Technical Support,Low,Closed,2024-01-17 09:58:34,2024-01-25 05:22:17,2024-01-25 05:59:17,thomas.berg,Technical Team,StartupXYZ,Chat,false,6.5
SUP-2001643,Integration Problem - Acme Corp,Integration Problem,High,Closed,2024-01-05 16:16:11,2024-01-06 17:48:57,2024-01-06 18:36:57,thomas.berg,Integration Team,Acme Corp,Phone,true,
SUP-2001644,Billing Issue - StartupXYZ,Billing Issue,Medium,Escalated,2024-01-05 16:01:36,2024-01-06 12:22:01,,carlos.silva,Finance Support,StartupXYZ,Chat,false,
SUP-2001645,Integration Problem - RetailCo,Integration Problem,Low,Closed,2024-01-19 12:37:07,2024-01-21 10:35:02,2024-01-21 11:08:02,carlos.silva,Integration Team,RetailCo,Portal,false,5.7
SUP-2001646,Account Management - UniServices,Account Management,Medium,Closed,2024-01-01 17:20:59,2024-01-02 09:08:06,2024-01-02 09:30:06,jennifer.wu,Account Team,UniServices,Chat,false,7.4
SUP-2001647,Account Management - StartupXYZ,Account Management,Low,Closed,2024-01-25 11:17:39,2024-01-27 14:22:01,2024-01-27 14:41:01,alex.chen,Account Team,StartupXYZ,Chat,false,8.7
SUP-2001648,Integration Problem - Individual,Integration Problem,Medium,Closed,2024-01-05 20:53:41,2024-01-10 05:07:11,2024-01-10 05:52:11,sofia.moreau,Integration Team,Individual,Phone,true,5.6
SUP-2001649,Technical Support - Individual,Technical Support,Medium,Closed,2024-01-02 15:22:59,2024-01-02 23:27:34,2024-01-02 23:44:34,laura.smith,Technical Team,Individual,Email,false,7.6
SUP-2001650,Feature Request - RetailCo,Feature Request,Medium,Closed,2024-01-18 12:54:35,2024-01-21 16:41:42,2024-01-21 17:25:42,jennifer.wu,Product Team,RetailCo,Chat,false,7.5
SUP-2001651,Technical Support - Acme Corp,Technical Support,High,Closed,2024-01-11 10:11:07,2024-01-11 14:37:57,2024-01-11 15:09:57,maya.patel,Technical Team,Acme Corp,Phone,false,5.6
SUP-2001652,Account Management - StartupXYZ,Account Management,Low,Closed,2024-01-04 08:25:11,2024-01-06 13:51:36,2024-01-06 14:10:36,thomas.berg,Account Team,StartupXYZ,Portal,false,6.9
SUP-2001653,Feature Request - UniServices,Feature Request,High,Closed,2024-01-17 13:03:47,2024-01-18 14:12:44,2024-01-18 14:39:44,alex.chen,Product Team,UniServices,Email,true,
SUP-2001654,Technical Support - TechStart Inc,Technical Support,High,Closed,2024-01-14 15:01:38,2024-01-17 06:19:26,2024-01-17 07:19:26,thomas.berg,Technical Team,TechStart Inc,Email,true,3.8
SUP-2001655,Performance Issue - Acme Corp,Performance Issue,High,Closed,2024-01-05 09:43:02,2024-01-06 23:53:56,2024-01-07 00:19:56,jennifer.wu,Engineering,Acme Corp,Phone,true,
SUP-2001656,Integration Problem - Individual,Integration Problem,High,Escalated,2024-01-11 06:12:02,2024-01-11 17:20:08,,sofia.moreau,Integration Team,Individual,Chat,false,
SUP-2001657,Integration Problem - Global Finance,Integration Problem,Low,Closed,2024-01-05 01:51:50,2024-01-16 21:45:59,2024-01-16 22:44:59,maya.patel,Integration Team,Global Finance,Phone,true,6.3
SUP-2001658,Technical Support - TechStart Inc,Technical Support,Low,Closed,2024-01-09 10:48:29,2024-01-14 17:09:26,2024-01-14 17:27:26,ryan.kim,Technical Team,TechStart Inc,Email,false,
SUP-2001659,Performance Issue - CityCouncil,Performance Issue,Low,Closed,2024-01-03 11:53:43,2024-01-05 19:35:54,2024-01-05 19:52:54,alex.chen,Engineering,CityCouncil,Phone,false,7.5
SUP-2001660,Technical Support - UniServices,Technical Support,Medium,Closed,2024-01-13 14:39:17,2024-01-14 18:42:15,2024-01-14 19:32:15,carlos.silva,Technical Team,UniServices,Portal,false,
SUP-2001661,Account Management - TechStart Inc,Account Management,Medium,Reopened,2024-01-01 16:31:33,2024-01-02 15:16:10,,sofia.moreau,Account Team,TechStart Inc,Email,false,
SUP-2001662,Feature Request - MedGroup,Feature Request,Medium,Closed,2024-01-26 01:17:13,2024-01-27 04:30:29,2024-01-27 05:20:29,laura.smith,Product Team,MedGroup,Email,false,
SUP-2001663,Billing Issue - Individual,Billing Issue,Medium,Closed,2024-01-16 09:57:13,2024-01-17 03:41:17,2024-01-17 03:54:17,ryan.kim,Finance Support,Individual,Chat,false,
SUP-2001664,Performance Issue - CityCouncil,Performance Issue,Medium,Closed,2024-01-16 00:56:11,2024-01-16 15:08:32,2024-01-16 15:22:32,maya.patel,Engineering,CityCouncil,Chat,false,
SUP-2001665,Technical Support - RetailCo,Technical Support,Medium,Closed,2024-01-08 13:26:24,2024-01-09 04:54:40,2024-01-09 05:02:40,carlos.silva,Technical Team,RetailCo,Chat,false,5.8
SUP-2001666,Feature Request - MedGroup,Feature Request,Medium,Closed,2024-01-11 22:23:55,2024-01-15 08:17:28,2024-01-15 09:09:28,jennifer.wu,Product Team,MedGroup,Portal,false,5.8
SUP-2001667,Billing Issue - CityCouncil,Billing Issue,High,Closed,2024-01-08 06:47:48,2024-01-08 11:44:11,2024-01-08 12:06:11,carlos.silva,Finance Support,CityCouncil,Chat,false,7.1
SUP-2001668,Data Export/Import - TechStart Inc,Data Export/Import,Medium,Closed,2024-01-19 12:50:38,2024-01-21 10:49:49,2024-01-21 11:30:49,ryan.kim,Technical Team,TechStart Inc,Chat,false,7.1
SUP-2001669,Feature Request - Individual,Feature Request,Medium,Escalated,2024-01-12 13:34:49,2024-01-13 21:48:22,,ryan.kim,Product Team,Individual,Phone,false,
SUP-2001670,Integration Problem - MedGroup,Integration Problem,Low,Closed,2024-01-05 09:21:16,2024-01-20 21:55:55,2024-01-20 22:10:55,ryan.kim,Integration Team,MedGroup,Email,true,4.3
SUP-2001671,Performance Issue - UniServices,Performance Issue,Medium,Closed,2024-01-09 04:57:10,2024-01-13 13:04:32,2024-01-13 13:42:32,thomas.berg,Engineering,UniServices,Phone,true,
SUP-2001672,Account Management - Global Finance,Account Management,High,Closed,2024-01-08 10:43:20,2024-01-09 00:30:39,2024-01-09 00:56:39,laura.smith,Account Team,Global Finance,Phone,false,7.8
SUP-2001673,Integration Problem - TechStart Inc,Integration Problem,High,Closed,2024-01-17 09:34:29,2024-01-17 23:22:32,2024-01-18 00:13:32,alex.chen,Integration Team,TechStart Inc,Phone,false,
SUP-2001674,Billing Issue - UniServices,Billing Issue,High,Escalated,2024-01-15 16:20:29,2024-01-15 18:35:07,,laura.smith,Finance Support,UniServices,Email,false,
SUP-2001675,Feature Request - Acme Corp,Feature Request,Low,Reopened,2024-01-11 15:09:30,2024-01-20 16:19:22,,thomas.berg,Product Team,Acme Corp,Phone,false,
SUP-2001676,Billing Issue - CityCouncil,Billing Issue,Medium,Closed,2024-01-09 14:48:56,2024-01-11 08:34:20,2024-01-11 09:02:20,ryan.kim,Finance Support,CityCouncil,Phone,false,
SUP-2001677,Performance Issue - TechStart Inc,Performance Issue,Medium,Closed,2024-01-01 16:45:40,2024-01-02 17:38:27,2024-01-02 18:10:27,alex.chen,Engineering,TechStart Inc,Email,false,7.1
SUP-2001678,Performance Issue - CityCouncil,Performance Issue,Low,Closed,2024-01-01 14:49:12,2024-01-05 13:06:52,2024-01-05 14:03:52,maya.patel,Engineering,CityCouncil,Portal,false,6.9
SUP-2001679,Billing Issue - UniServices,Billing Issue,Critical,Closed,2024-01-23 12:50:47,2024-01-23 14:34:18,2024-01-23 14:48:18,laura.smith,Finance Support,UniServices,Portal,false,6.7
SUP-2001680,Billing Issue - UniServices,Billing Issue,Medium,Reopened,2024-01-11 08:58:38,2024-01-12 18:22:49,,sofia.moreau,Finance Support,UniServices,Email,false,
SUP-2001681,Integration Problem - Acme Corp,Integration Problem,Low,Closed,2024-01-09 01:35:49,2024-01-14 09:25:31,2024-01-14 10:12:31,maya.patel,Integration Team,Acme Corp,Email,false,6.0
SUP-2001682,Billing Issue - Global Finance,Billing Issue,Low,Escalated,2024-01-06 12:10:20,2024-01-06 17:49:04,,maya.patel,Finance Support,Global Finance,Phone,false,
SUP-2001683,Feature Request - UniServices,Feature Request,High,Closed,2024-01-12 16:09:52,2024-01-12 19:08:03,2024-01-12 19:53:03,alex.chen,Product Team,UniServices,Email,false,7.1
SUP-2001684,Data Export/Import - Global Finance,Data Export/Import,Medium,Closed,2024-01-05 16:48:24,2024-01-06 13:06:33,2024-01-06 14:00:33,jennifer.wu,Technical Team,Global Finance,Portal,false,6.5
SUP-2001685,Technical Support - StartupXYZ,Technical Support,Medium,Closed,2024-01-19 11:43:51,2024-01-20 06:45:41,2024-01-20 06:54:41,maya.patel,Technical Team,StartupXYZ,Email,false,
SUP-2001686,Performance Issue - Global Finance,Performance Issue,Medium,Closed,2024-01-22 09:54:00,2024-01-24 04:01:30,2024-01-24 04:22:30,sofia.moreau,Engineering,Global Finance,Phone,false,6.4
SUP-2001687,Billing Issue - Global Finance,Billing Issue,Critical,Closed,2024-01-05 15:25:35,2024-01-05 16:09:14,2024-01-05 16:41:14,laura.smith,Finance Support,Global Finance,Phone,false,7.7
SUP-2001688,Account Management - Global Finance,Account Management,Medium,Closed,2024-01-01 15:27:12,2024-01-03 18:25:22,2024-01-03 19:22:22,jennifer.wu,Account Team,Global Finance,Chat,false,6.9
SUP-2001689,Technical Support - Global Finance,Technical Support,Critical,Closed,2024-01-15 04:42:14,2024-01-15 06:26:32,2024-01-15 07:02:32,carlos.silva,Technical Team,Global Finance,Portal,false,6.7
SUP-2001690,Billing Issue - CityCouncil,Billing Issue,High,Closed,2024-01-26 09:24:59,2024-01-26 15:50:26,2024-01-26 15:59:26,carlos.silva,Finance Support,CityCouncil,Email,false,7.8
SUP-2001691,Performance Issue - StartupXYZ,Performance Issue,Low,Closed,2024-01-12 04:33:07,2024-01-20 11:22:21,2024-01-20 12:21:21,sofia.moreau,Engineering,StartupXYZ,Phone,false,7.5
SUP-2001692,Technical Support - MedGroup,Technical Support,Low,Closed,2024-01-26 08:09:35,2024-01-30 22:58:09,2024-01-30 23:42:09,jennifer.wu,Technical Team,MedGroup,Portal,false,5.4
SUP-2001693,Billing Issue - StartupXYZ,Billing Issue,Medium,Closed,2024-01-23 14:26:01,2024-01-24 19:13:36,2024-01-24 19:48:36,ryan.kim,Finance Support,StartupXYZ,Email,false,6.6
SUP-2001694,Performance Issue - Acme Corp,Performance Issue,High,Closed,2024-01-19 11:51:58,2024-01-20 06:21:02,2024-01-20 06:56:02,maya.patel,Engineering,Acme Corp,Phone,false,6.2
SUP-2001695,Integration Problem - UniServices,Integration Problem,Medium,Closed,2024-01-26 13:12:59,2024-01-27 10:27:08,2024-01-27 11:01:08,ryan.kim,Integration Team,UniServices,Phone,false,4.9
SUP-2001696,Feature Request - Acme Corp,Feature Request,Low,Closed,2024-01-22 22:24:27,2024-01-27 17:39:48,2024-01-27 17:57:48,sofia.moreau,Product Team,Acme Corp,Chat,false,5.9
SUP-2001697,Technical Support - TechStart Inc,Technical Support,High,Closed,2024-01-20 19:19:54,2024-01-21 03:52:32,2024-01-21 04:35:32,sofia.moreau,Technical Team,TechStart Inc,Email,false,7.6
SUP-2001698,Billing Issue - Acme Corp,Billing Issue,Low,Closed,2024-01-13 13:08:24,2024-01-18 07:01:44,2024-01-18 07:34:44,laura.smith,Finance Support,Acme Corp,Chat,false,6.8
SUP-2001699,Data Export/Import - Acme Corp,Data Export/Import,Medium,Closed,2024-01-23 13:38:58,2024-01-25 01:01:35,2024-01-25 01:09:35,sofia.moreau,Technical Team,Acme Corp,Phone,false,6.6
SUP-2001700,Technical Support - Individual,Technical Support,Medium,Closed,2024-01-03 03:14:58,2024-01-04 02:24:38,2024-01-04 03:12:38,ryan.kim,Technical Team,Individual,Email,false,6.5
SUP-2001701,Account Management - Acme Corp,Account Management,High,Closed,2024-01-01 13:16:07,2024-01-01 15:54:50,2024-01-01 16:18:50,alex.chen,Account Team,Acme Corp,Phone,false,
SUP-2001702,Data Export/Import - StartupXYZ,Data Export/Import,Medium,Closed,2024-01-03 22:16:50,2024-01-04 10:33:21,2024-01-04 11:15:21,laura.smith,Technical Team,StartupXYZ,Portal,false,8.5
SUP-2001703,Billing Issue - StartupXYZ,Billing Issue,Low,Closed,2024-01-05 14:23:52,2024-01-07 20:57:36,2024-01-07 21:09:36,maya.patel,Finance Support,StartupXYZ,Email,false,7.1
SUP-2001704,Billing Issue - TechStart Inc,Billing Issue,Medium,Closed,2024-01-10 13:53:06,2024-01-11 09:27:23,2024-01-11 09:36:23,carlos.silva,Finance Support,TechStart Inc,Email,false,
SUP-2001705,Feature Request - CityCouncil,Feature Request,Medium,Closed,2024-01-09 01:46:23,2024-01-09 14:19:56,2024-01-09 15:10:56,alex.chen,Product Team,CityCouncil,Phone,false,7.6
SUP-2001706,Data Export/Import - Individual,Data Export/Import,Medium,Closed,2024-01-22 12:58:08,2024-01-22 20:39:23,2024-01-22 21:01:23,jennifer.wu,Technical Team,Individual,Email,false,
SUP-2001707,Technical Support - UniServices,Technical Support,Medium,Closed,2024-01-15 08:57:04,2024-01-16 05:40:25,2024-01-16 06:14:25,alex.chen,Technical Team,UniServices,Chat,false,7.1
SUP-2001708,Performance Issue - MedGroup,Performance Issue,Low,Reopened,2024-01-12 18:00:48,2024-01-19 10:40:00,,ryan.kim,Engineering,MedGroup,Email,false,
SUP-2001709,Integration Problem - TechStart Inc,Integration Problem,Low,Escalated,2024-01-08 15:39:22,2024-01-12 04:42:03,,alex.chen,Integration Team,TechStart Inc,Email,false,
SUP-2001710,Technical Support - RetailCo,Technical Support,Low,Closed,2024-01-16 08:15:52,2024-01-20 22:27:01,2024-01-20 23:22:01,sofia.moreau,Technical Team,RetailCo,Portal,false,5.7
SUP-2001711,Data Export/Import - RetailCo,Data Export/Import,Medium,Closed,2024-01-16 15:37:06,2024-01-17 14:38:42,2024-01-17 15:21:42,alex.chen,Technical Team,RetailCo,Portal,false,7.9
SUP-2001712,Billing Issue - MedGroup,Billing Issue,Medium,Closed,2024-01-09 14:08:21,2024-01-10 09:13:13,2024-01-10 09:41:13,laura.smith,Finance Support,MedGroup,Portal,false,7.5
SUP-2001713,Account Management - Acme Corp,Account Management,Medium,Closed,2024-01-01 11:04:34,2024-01-04 13:32:38,2024-01-04 14:09:38,sofia.moreau,Account Team,Acme Corp,Phone,false,6.8
SUP-2001714,Data Export/Import - CityCouncil,Data Export/Import,Medium,Escalated,2024-01-24 09:58:19,2024-01-26 10:19:08,,thomas.berg,Technical Team,CityCouncil,Chat,false,
SUP-2001715,Integration Problem - MedGroup,Integration Problem,Low,Closed,2024-01-19 17:55:18,2024-01-29 20:21:28,2024-01-29 21:09:28,sofia.moreau,Integration Team,MedGroup,Email,true,4.7
SUP-2001716,Technical Support - RetailCo,Technical Support,Low,Closed,2024-01-18 14:12:17,2024-01-20 06:50:04,2024-01-20 07:10:04,maya.patel,Technical Team,RetailCo,Email,false,7.7
SUP-2001717,Account Management - Acme Corp,Account Management,Medium,Closed,2024-01-26 14:36:30,2024-01-28 18:58:23,2024-01-28 19:31:23,carlos.silva,Account Team,Acme Corp,Portal,false,6.5
SUP-2001718,Data Export/Import - MedGroup,Data Export/Import,Medium,Escalated,2024-01-01 11:12:22,2024-01-03 20:33:17,,laura.smith,Technical Team,MedGroup,Phone,false,
SUP-2001719,Technical Support - RetailCo,Technical Support,Critical,Closed,2024-01-24 09:47:06,2024-01-24 12:18:49,2024-01-24 12:25:49,thomas.berg,Technical Team,RetailCo,Email,false,6.8
SUP-2001720,Feature Request - MedGroup,Feature Request,Medium,Closed,2024-01-08 10:04:27,2024-01-23 11:13:33,2024-01-23 11:50:33,ryan.kim,Product Team,MedGroup,Chat,true,
SUP-2001721,Integration Problem - CityCouncil,Integration Problem,Medium,Closed,2024-01-11 09:18:47,2024-01-12 17:25:07,2024-01-12 17:47:07,laura.smith,Integration Team,CityCouncil,Portal,false,6.8
SUP-2001722,Feature Request - Acme Corp,Feature Request,Medium,Closed,2024-01-19 05:03:42,2024-01-20 13:47:17,2024-01-20 14:25:17,sofia.moreau,Product Team,Acme Corp,Email,false,
SUP-2001723,Integration Problem - TechStart Inc,Integration Problem,High,Escalated,2024-01-09 10:58:14,2024-01-10 10:42:04,,thomas.berg,Integration Team,TechStart Inc,Email,false,
SUP-2001724,Integration Problem - Global Finance,Integration Problem,Low,Closed,2024-01-05 08:27:35,2024-01-13 08:20:00,2024-01-13 08:37:00,jennifer.wu,Integration Team,Global Finance,Phone,false,5.6
SUP-2001725,Data Export/Import - MedGroup,Data Export/Import,Low,Closed,2024-01-03 11:49:58,2024-01-05 18:54:53,2024-01-05 18:59:53,jennifer.wu,Technical Team,MedGroup,Email,false,7.1
SUP-2001726,Feature Request - RetailCo,Feature Request,Low,Closed,2024-01-25 11:28:23,2024-02-01 01:09:33,2024-02-01 02:06:33,ryan.kim,Product Team,RetailCo,Portal,false,5.7
SUP-2001727,Feature Request - Acme Corp,Feature Request,High,Closed,2024-01-02 09:52:20,2024-01-03 12:25:41,2024-01-03 13:01:41,laura.smith,Product Team,Acme Corp,Chat,true,5.5
SUP-2001728,Account Management - MedGroup,Account Management,Medium,Closed,2024-01-25 08:53:55,2024-01-29 23:54:02,2024-01-30 00:44:02,laura.smith,Account Team,MedGroup,Portal,true,6.8
SUP-2001729,Feature Request - CityCouncil,Feature Request,Medium,Reopened,2024-01-05 17:18:25,2024-01-12 04:35:22,,thomas.berg,Product Team,CityCouncil,Chat,false,
SUP-2001730,Performance Issue - MedGroup,Performance Issue,Low,Reopened,2024-01-24 08:47:31,2024-01-28 23:16:38,,jennifer.wu,Engineering,MedGroup,Email,false,
SUP-2001731,Account Management - CityCouncil,Account Management,Low,Closed,2024-01-02 23:39:41,2024-01-04 00:16:11,2024-01-04 01:10:11,alex.chen,Account Team,CityCouncil,Chat,false,7.0
SUP-2001732,Integration Problem - MedGroup,Integration Problem,High,Closed,2024-01-23 15:00:58,2024-01-24 13:38:20,2024-01-24 14:38:20,maya.patel,Integration Team,MedGroup,Portal,false,6.5
SUP-2001733,Technical Support - RetailCo,Technical Support,Medium,Closed,2024-01-22 09:30:29,2024-01-24 03:18:48,2024-01-24 03:50:48,jennifer.wu,Technical Team,RetailCo,Email,false,
SUP-2001734,Data Export/Import - Individual,Data Export/Import,Medium,Closed,2024-01-24 15:40:54,2024-01-25 05:13:58,2024-01-25 05:25:58,alex.chen,Technical Team,Individual,Portal,false,7.5
SUP-2001735,Billing Issue - StartupXYZ,Billing Issue,Low,Closed,2024-01-24 14:47:54,2024-01-28 00:28:46,2024-01-28 00:35:46,alex.chen,Finance Support,StartupXYZ,Phone,false,
SUP-2001736,Billing Issue - Individual,Billing Issue,Medium,Reopened,2024-01-15 12:02:15,2024-01-16 09:42:51,,sofia.moreau,Finance Support,Individual,Phone,false,
SUP-2001737,Performance Issue - TechStart Inc,Performance Issue,High,Closed,2024-01-08 09:28:04,2024-01-08 21:46:04,2024-01-08 22:27:04,carlos.silva,Engineering,TechStart Inc,Phone,false,5.6
SUP-2001738,Billing Issue - Acme Corp,Billing Issue,High,Closed,2024-01-15 11:03:27,2024-01-15 14:55:39,2024-01-15 15:29:39,alex.chen,Finance Support,Acme Corp,Email,false,6.5
SUP-2001739,Billing Issue - MedGroup,Billing Issue,Medium,Reopened,2024-01-03 09:10:40,2024-01-05 00:16:50,,alex.chen,Finance Support,MedGroup,Chat,false,
SUP-2001740,Performance Issue - Global Finance,Performance Issue,Medium,Closed,2024-01-15 11:15:55,2024-01-16 21:11:00,2024-01-16 21:57:00,laura.smith,Engineering,Global Finance,Phone,false,6.0
SUP-2001741,Billing Issue - MedGroup,Billing Issue,High,Escalated,2024-01-02 18:24:28,2024-01-03 12:01:36,,carlos.silva,Finance Support,MedGroup,Portal,false,
SUP-2001742,Account Management - UniServices,Account Management,Medium,Closed,2024-01-26 12:16:49,2024-01-28 20:52:43,2024-01-28 21:20:43,thomas.berg,Account Team,UniServices,Chat,false,5.5
SUP-2001743,Billing Issue - Acme Corp,Billing Issue,High,Closed,2024-01-27 14:35:52,2024-01-27 16:42:42,2024-01-27 17:26:42,alex.chen,Finance Support,Acme Corp,Phone,false,
SUP-2001744,Data Export/Import - StartupXYZ,Data Export/Import,Critical,Closed,2024-01-03 13:21:08,2024-01-03 16:30:10,2024-01-03 17:11:10,maya.patel,Technical Team,StartupXYZ,Phone,false,
SUP-2001745,Billing Issue - CityCouncil,Billing Issue,Low,Closed,2024-01-01 11:23:24,2024-01-04 01:41:24,2024-01-04 01:50:24,maya.patel,Finance Support,CityCouncil,Chat,false,7.7
SUP-2001746,Data Export/Import - Acme Corp,Data Export/Import,High,Closed,2024-01-12 09:25:31,2024-01-12 15:32:15,2024-01-12 15:53:15,jennifer.wu,Technical Team,Acme Corp,Portal,false,5.2
SUP-2001747,Account Management - RetailCo,Account Management,Medium,Escalated,2024-01-17 11:09:30,2024-01-17 22:09:44,,maya.patel,Account Team,RetailCo,Phone,false,
SUP-2001748,Data Export/Import - Global Finance,Data Export/Import,Medium,Closed,2024-01-16 01:25:29,2024-01-16 09:25:56,2024-01-16 09:33:56,maya.patel,Technical Team,Global Finance,Chat,false,7.8
SUP-2001749,Technical Support - Global Finance,Technical Support,Medium,Closed,2024-01-01 16:06:50,2024-01-02 16:47:43,2024-01-02 17:03:43,maya.patel,Technical Team,Global Finance,Phone,false,
SUP-2001750,Performance Issue - UniServices,Performance Issue,Low,Closed,2024-01-16 10:01:54,2024-01-17 14:29:22,2024-01-17 15:11:22,laura.smith,Engineering,UniServices,Portal,false,6.3
SUP-2001751,Billing Issue - Acme Corp,Billing Issue,Low,Closed,2024-01-11 08:35:41,2024-01-18 09:01:06,2024-01-18 09:21:06,ryan.kim,Finance Support,Acme Corp,Chat,false,
SUP-2001752,Technical Support - RetailCo,Technical Support,Low,Closed,2024-01-01 16:11:17,2024-01-03 09:03:15,2024-01-03 09:54:15,ryan.kim,Technical Team,RetailCo,Email,false,6.1
SUP-2001753,Billing Issue - Global Finance,Billing Issue,High,Closed,2024-01-05 12:10:32,2024-01-05 15:05:38,2024-01-05 15:21:38,alex.chen,Finance Support,Global Finance,Phone,false,
SUP-2001754,Technical Support - TechStart Inc,Technical Support,High,Closed,2024-01-11 10:34:30,2024-01-11 14:53:04,2024-01-11 15:04:04,carlos.silva,Technical Team,TechStart Inc,Portal,false,6.7
SUP-2001755,Integration Problem - Global Finance,Integration Problem,High,Closed,2024-01-02 17:16:39,2024-01-04 02:47:28,2024-01-04 03:30:28,laura.smith,Integration Team,Global Finance,Phone,true,4.2
SUP-2001756,Performance Issue - Acme Corp,Performance Issue,High,Reopened,2024-01-15 09:40:14,2024-01-16 01:37:54,,ryan.kim,Engineering,Acme Corp,Portal,false,
SUP-2001757,Account Management - Global Finance,Account Management,High,Closed,2024-01-11 10:14:07,2024-01-11 16:15:44,2024-01-11 16:50:44,alex.chen,Account Team,Global Finance,Chat,false,7.4
SUP-2001758,Integration Problem - RetailCo,Integration Problem,High,Closed,2024-01-12 15:37:12,2024-01-12 19:07:25,2024-01-12 20:00:25,alex.chen,Integration Team,RetailCo,Email,false,
SUP-2001759,Technical Support - StartupXYZ,Technical Support,Low,Closed,2024-01-16 14:33:28,2024-01-21 09:31:36,2024-01-21 09:43:36,laura.smith,Technical Team,StartupXYZ,Email,false,
SUP-2001760,Integration Problem - TechStart Inc,Integration Problem,Medium,Closed,2024-01-23 17:33:04,2024-01-26 12:47:33,2024-01-26 13:00:33,carlos.silva,Integration Team,TechStart Inc,Chat,false,5.6
SUP-2001761,Integration Problem - UniServices,Integration Problem,Medium,Closed,2024-01-05 05:19:28,2024-01-10 05:37:59,2024-01-10 06:36:59,jennifer.wu,Integration Team,UniServices,Chat,true,6.4
SUP-2001762,Feature Request - Acme Corp,Feature Request,High,Reopened,2024-01-18 09:14:13,2024-01-19 15:00:29,,alex.chen,Product Team,Acme Corp,Chat,false,
SUP-2001763,Billing Issue - TechStart Inc,Billing Issue,Medium,Closed,2024-01-09 09:57:40,2024-01-10 00:46:29,2024-01-10 01:11:29,sofia.moreau,Finance Support,TechStart Inc,Chat,false,7.2
SUP-2001764,Technical Support - CityCouncil,Technical Support,Low,Closed,2024-01-05 09:51:19,2024-01-09 09:38:11,2024-01-09 10:14:11,maya.patel,Technical Team,CityCouncil,Chat,false,7.9
SUP-2001765,Data Export/Import - Acme Corp,Data Export/Import,Medium,Closed,2024-01-02 13:03:06,2024-01-02 22:01:24,2024-01-02 22:46:24,laura.smith,Technical Team,Acme Corp,Portal,false,6.9
SUP-2001766,Integration Problem - UniServices,Integration Problem,High,Closed,2024-01-18 09:43:52,2024-01-19 04:23:51,2024-01-19 05:18:51,carlos.silva,Integration Team,UniServices,Portal,false,5.6
SUP-2001767,Technical Support - Acme Corp,Technical Support,Critical,Closed,2024-01-13 10:13:01,2024-01-13 14:01:50,2024-01-13 14:47:50,thomas.berg,Technical Team,Acme Corp,Chat,false,
SUP-2001768,Integration Problem - TechStart Inc,Integration Problem,Low,Closed,2024-01-09 12:20:31,2024-01-14 20:21:54,2024-01-14 21:00:54,ryan.kim,Integration Team,TechStart Inc,Chat,false,
SUP-2001769,Integration Problem - TechStart Inc,Integration Problem,Medium,Closed,2024-01-01 13:42:29,2024-01-02 13:54:43,2024-01-02 14:12:43,laura.smith,Integration Team,TechStart Inc,Portal,false,6.3
SUP-2001770,Integration Problem - Individual,Integration Problem,Medium,Closed,2024-01-23 10:42:36,2024-01-23 21:56:07,2024-01-23 22:19:07,sofia.moreau,Integration Team,Individual,Chat,false,8.0
SUP-2001771,Technical Support - Acme Corp,Technical Support,High,Closed,2024-01-14 09:18:31,2024-01-14 14:35:53,2024-01-14 15:31:53,sofia.moreau,Technical Team,Acme Corp,Chat,false,5.0
SUP-2001772,Account Management - Acme Corp,Account Management,Medium,Closed,2024-01-12 13:44:45,2024-01-13 20:13:02,2024-01-13 20:35:02,alex.chen,Account Team,Acme Corp,Phone,false,
SUP-2001773,Technical Support - Global Finance,Technical Support,Low,Closed,2024-01-11 13:44:07,2024-01-19 03:18:56,2024-01-19 04:06:56,laura.smith,Technical Team,Global Finance,Phone,false,6.3
SUP-2001774,Billing Issue - CityCouncil,Billing Issue,High,Closed,2024-01-12 16:24:02,2024-01-12 18:14:06,2024-01-12 18:31:06,maya.patel,Finance Support,CityCouncil,Chat,false,
SUP-2001775,Integration Problem - MedGroup,Integration Problem,Medium,Closed,2024-01-05 14:24:36,2024-01-07 22:53:16,2024-01-07 23:17:16,laura.smith,Integration Team,MedGroup,Phone,false,6.0
SUP-2001776,Technical Support - TechStart Inc,Technical Support,Medium,Closed,2024-01-26 21:07:50,2024-01-29 04:52:07,2024-01-29 05:13:07,laura.smith,Technical Team,TechStart Inc,Chat,false,7.0
SUP-2001777,Data Export/Import - UniServices,Data Export/Import,Medium,Reopened,2024-01-03 12:53:01,2024-01-04 12:22:26,,ryan.kim,Technical Team,UniServices,Phone,false,
SUP-2001778,Data Export/Import - StartupXYZ,Data Export/Import,Low,Closed,2024-01-25 06:17:38,2024-01-31 09:27:46,2024-01-31 09:35:46,ryan.kim,Technical Team,StartupXYZ,Email,false,7.9
SUP-2001779,Account Management - Acme Corp,Account Management,High,Closed,2024-01-12 05:10:53,2024-01-12 13:11:06,2024-01-12 13:20:06,alex.chen,Account Team,Acme Corp,Phone,false,6.8
SUP-2001780,Billing Issue - Individual,Billing Issue,Low,Closed,2024-01-22 09:31:03,2024-01-26 08:31:03,2024-01-26 09:31:03,carlos.silva,Finance Support,Individual,Phone,false,8.1
SUP-2001781,Technical Support - Acme Corp,Technical Support,Medium,Closed,2024-01-11 12:34:07,2024-01-12 14:23:04,2024-01-12 15:16:04,jennifer.wu,Technical Team,Acme Corp,Email,false,
SUP-2001782,Billing Issue - Acme Corp,Billing Issue,Medium,Closed,2024-01-12 08:00:13,2024-01-13 12:42:17,2024-01-13 13:15:17,maya.patel,Finance Support,Acme Corp,Portal,false,7.1
SUP-2001783,Account Management - CityCouncil,Account Management,Medium,Closed,2024-01-01 10:45:39,2024-01-04 08:17:56,2024-01-04 09:00:56,thomas.berg,Account Team,CityCouncil,Portal,false,
SUP-2001784,Performance Issue - RetailCo,Performance Issue,Critical,Closed,2024-01-23 12:40:39,2024-01-23 17:54:34,2024-01-23 18:10:34,thomas.berg,Engineering,RetailCo,Phone,true,
SUP-2001785,Integration Problem - Acme Corp,Integration Problem,High,Closed,2024-01-15 09:51:26,2024-01-16 02:49:33,2024-01-16 03:27:33,laura.smith,Integration Team,Acme Corp,Phone,false,
SUP-2001786,Feature Request - Acme Corp,Feature Request,Medium,Escalated,2024-01-13 00:19:32,2024-01-16 05:55:38,,ryan.kim,Product Team,Acme Corp,Portal,false,
SUP-2001787,Data Export/Import - RetailCo,Data Export/Import,Medium,Closed,2024-01-02 10:23:12,2024-01-03 19:02:12,2024-01-03 19:58:12,carlos.silva,Technical Team,RetailCo,Phone,false,
SUP-2001788,Performance Issue - TechStart Inc,Performance Issue,High,Closed,2024-01-03 08:56:30,2024-01-03 16:53:21,2024-01-03 17:47:21,alex.chen,Engineering,TechStart Inc,Chat,false,7.2
SUP-2001789,Performance Issue - TechStart Inc,Performance Issue,Low,Reopened,2024-01-10 09:47:04,2024-01-13 01:34:42,,alex.chen,Engineering,TechStart Inc,Portal,false,
SUP-2001790,Billing Issue - MedGroup,Billing Issue,Medium,Closed,2024-01-02 14:17:25,2024-01-03 11:43:13,2024-01-03 12:22:13,ryan.kim,Finance Support,MedGroup,Portal,false,6.4
SUP-2001791,Feature Request - Global Finance,Feature Request,High,Closed,2024-01-17 09:16:05,2024-01-18 11:32:30,2024-01-18 11:57:30,sofia.moreau,Product Team,Global Finance,Email,true,4.8
SUP-2001792,Integration Problem - RetailCo,Integration Problem,Low,Closed,2024-01-26 17:57:37,2024-02-04 21:05:29,2024-02-04 22:00:29,alex.chen,Integration Team,RetailCo,Portal,false,7.5
SUP-2001793,Account Management - CityCouncil,Account Management,Medium,Closed,2024-01-12 12:52:11,2024-01-12 20:29:30,2024-01-12 20:51:30,carlos.silva,Account Team,CityCouncil,Portal,false,6.6
SUP-2001794,Integration Problem - MedGroup,Integration Problem,Medium,Escalated,2024-01-16 14:52:30,2024-01-27 09:06:03,,thomas.berg,Integration Team,MedGroup,Email,false,
SUP-2001795,Technical Support - UniServices,Technical Support,High,Closed,2024-01-27 10:43:50,2024-01-27 16:19:08,2024-01-27 16:24:08,thomas.berg,Technical Team,UniServices,Phone,false,5.2
SUP-2001796,Account Management - CityCouncil,Account Management,Medium,Closed,2024-01-26 07:54:04,2024-01-26 11:53:04,2024-01-26 12:00:04,alex.chen,Account Team,CityCouncil,Chat,false,7.2
SUP-2001797,Feature Request - CityCouncil,Feature Request,High,Closed,2024-01-12 09:22:00,2024-01-13 07:46:14,2024-01-13 08:03:14,jennifer.wu,Product Team,CityCouncil,Email,false,5.0
SUP-2001798,Integration Problem - CityCouncil,Integration Problem,Low,Closed,2024-01-17 18:34:24,2024-01-20 09:19:29,2024-01-20 09:35:29,jennifer.wu,Integration Team,CityCouncil,Chat,false,6.9
SUP-2001799,Account Management - UniServices,Account Management,High,Closed,2024-01-19 03:29:32,2024-01-20 09:05:26,2024-01-20 09:20:26,sofia.moreau,Account Team,UniServices,Email,true,7.0
SUP-2001800,Performance Issue - RetailCo,Performance Issue,Low,Closed,2024-01-26 12:37:59,2024-02-09 15:34:36,2024-02-09 16:28:36,thomas.berg,Engineering,RetailCo,Email,true,5.2
SUP-2001801,Billing Issue - UniServices,Billing Issue,High,Closed,2024-01-16 09:53:14,2024-01-16 17:14:35,2024-01-16 18:09:35,jennifer.wu,Finance Support,UniServices,Email,false,
SUP-2001802,Technical Support - StartupXYZ,Technical Support,Medium,Closed,2024-01-11 04:32:58,2024-01-11 22:39:43,2024-01-11 23:38:43,jennifer.wu,Technical Team,StartupXYZ,Portal,false,6.8
SUP-2001803,Billing Issue - TechStart Inc,Billing Issue,High,Closed,2024-01-12 09:31:31,2024-01-12 15:42:10,2024-01-12 16:37:10,laura.smith,Finance Support,TechStart Inc,Chat,false,7.8
SUP-2001804,Account Management - MedGroup,Account Management,Medium,Reopened,2024-01-27 06:11:35,2024-01-28 06:59:21,,thomas.berg,Account Team,MedGroup,Phone,false,
SUP-2001805,Billing Issue - UniServices,Billing Issue,Medium,Closed,2024-01-26 11:49:51,2024-01-27 10:47:41,2024-01-27 11:14:41,alex.chen,Finance Support,UniServices,Chat,false,8.5
SUP-2001806,Account Management - RetailCo,Account Management,High,Escalated,2024-01-12 13:37:08,2024-01-12 18:43:36,,sofia.moreau,Account Team,RetailCo,Email,false,
SUP-2001807,Feature Request - Individual,Feature Request,Low,Closed,2024-01-05 13:33:29,2024-01-06 06:22:43,2024-01-06 06:56:43,maya.patel,Product Team,Individual,Chat,false,6.0
SUP-2001808,Billing Issue - MedGroup,Billing Issue,Medium,Closed,2024-01-03 23:07:43,2024-01-04 23:51:34,2024-01-05 00:07:34,jennifer.wu,Finance Support,MedGroup,Email,false,6.9
SUP-2001809,Billing Issue - TechStart Inc,Billing Issue,Medium,Closed,2024-01-04 11:36:26,2024-01-04 18:08:45,2024-01-04 19:01:45,carlos.silva,Finance Support,TechStart Inc,Portal,false,7.0
SUP-2001810,Data Export/Import - Acme Corp,Data Export/Import,Low,Closed,2024-01-24 13:10:00,2024-02-02 20:46:48,2024-02-02 20:53:48,carlos.silva,Technical Team,Acme Corp,Email,false,6.8
SUP-2001811,Data Export/Import - TechStart Inc,Data Export/Import,High,Closed,2024-01-23 21:07:42,2024-01-24 05:12:59,2024-01-24 05:23:59,sofia.moreau,Technical Team,TechStart Inc,Portal,false,6.2
SUP-2001812,Integration Problem - Acme Corp,Integration Problem,Medium,Closed,2024-01-25 00:59:28,2024-01-25 10:32:49,2024-01-25 11:26:49,ryan.kim,Integration Team,Acme Corp,Portal,false,6.1
SUP-2001813,Billing Issue - RetailCo,Billing Issue,Medium,Closed,2024-01-18 06:57:46,2024-01-20 01:27:20,2024-01-20 02:09:20,ryan.kim,Finance Support,RetailCo,Phone,false,
SUP-2001814,Technical Support - Acme Corp,Technical Support,Medium,Closed,2024-01-01 10:54:42,2024-01-05 18:39:56,2024-01-05 19:07:56,maya.patel,Technical Team,Acme Corp,Phone,true,
SUP-2001815,Technical Support - StartupXYZ,Technical Support,Medium,Closed,2024-01-11 17:34:51,2024-01-12 07:31:43,2024-01-12 07:44:43,thomas.berg,Technical Team,StartupXYZ,Chat,false,6.0
SUP-2001816,Technical Support - RetailCo,Technical Support,High,Closed,2024-01-05 18:52:17,2024-01-06 07:00:22,2024-01-06 07:16:22,maya.patel,Technical Team,RetailCo,Phone,false,7.3
SUP-2001817,Technical Support - Acme Corp,Technical Support,Low,Closed,2024-01-15 11:10:28,2024-01-18 18:02:50,2024-01-18 18:23:50,maya.patel,Technical Team,Acme Corp,Email,false,6.2
SUP-2001818,Integration Problem - Acme Corp,Integration Problem,Medium,Closed,2024-01-22 13:33:37,2024-01-28 23:08:15,2024-01-28 23:26:15,sofia.moreau,Integration Team,Acme Corp,Phone,true,4.0
SUP-2001819,Performance Issue - Individual,Performance Issue,Medium,Closed,2024-01-25 06:12:30,2024-01-25 20:32:35,2024-01-25 21:19:35,ryan.kim,Engineering,Individual,Portal,false,
SUP-2001820,Billing Issue - UniServices,Billing Issue,Low,Closed,2024-01-06 23:23:55,2024-01-10 05:33:59,2024-01-10 06:13:59,jennifer.wu,Finance Support,UniServices,Phone,false,5.5
SUP-2001821,Technical Support - Individual,Technical Support,High,Closed,2024-01-24 15:09:26,2024-01-24 22:01:38,2024-01-24 22:10:38,maya.patel,Technical Team,Individual,Portal,false,
SUP-2001822,Technical Support - RetailCo,Technical Support,Low,Escalated,2024-01-16 12:48:54,2024-01-20 10:15:19,,laura.smith,Technical Team,RetailCo,Chat,false,
SUP-2001823,Integration Problem - CityCouncil,Integration Problem,Medium,Closed,2024-01-05 12:33:05,2024-01-10 03:41:16,2024-01-10 04:33:16,ryan.kim,Integration Team,CityCouncil,Chat,true,6.0
SUP-2001824,Performance Issue - Global Finance,Performance Issue,High,Closed,2024-01-08 09:54:14,2024-01-08 18:27:25,2024-01-08 18:36:25,ryan.kim,Engineering,Global Finance,Phone,false,5.3
SUP-2001825,Integration Problem - StartupXYZ,Integration Problem,High,Closed,2024-01-01 13:37:28,2024-01-02 15:10:24,2024-01-02 15:24:24,carlos.silva,Integration Team,StartupXYZ,Portal,true,
SUP-2001826,Integration Problem - StartupXYZ,Integration Problem,Medium,Escalated,2024-01-04 14:07:35,2024-01-08 15:10:29,,thomas.berg,Integration Team,StartupXYZ,Chat,false,
SUP-2001827,Technical Support - Acme Corp,Technical Support,Critical,Closed,2024-01-05 15:00:03,2024-01-05 18:53:44,2024-01-05 19:39:44,laura.smith,Technical Team,Acme Corp,Chat,false,6.3
SUP-2001828,Technical Support - CityCouncil,Technical Support,Low,Closed,2024-01-15 16:22:52,2024-01-21 07:32:35,2024-01-21 07:46:35,laura.smith,Technical Team,CityCouncil,Portal,false,7.1
SUP-2001829,Integration Problem - CityCouncil,Integration Problem,Medium,Closed,2024-01-25 12:08:13,2024-01-27 08:05:57,2024-01-27 08:31:57,ryan.kim,Integration Team,CityCouncil,Email,false,5.9
SUP-2001830,Feature Request - TechStart Inc,Feature Request,Medium,Closed,2024-01-09 13:29:25,2024-01-10 09:53:48,2024-01-10 10:33:48,alex.chen,Product Team,TechStart Inc,Email,false,6.0
SUP-2001831,Feature Request - Global Finance,Feature Request,Medium,Closed,2024-01-06 09:56:01,2024-01-09 08:36:29,2024-01-09 08:51:29,jennifer.wu,Product Team,Global Finance,Chat,false,6.3
SUP-2001832,Technical Support - StartupXYZ,Technical Support,Low,Closed,2024-01-22 11:04:06,2024-01-23 13:31:33,2024-01-23 14:23:33,alex.chen,Technical Team,StartupXYZ,Portal,false,7.3
SUP-2001833,Data Export/Import - UniServices,Data Export/Import,Medium,Closed,2024-01-10 08:58:33,2024-01-10 12:56:28,2024-01-10 13:32:28,laura.smith,Technical Team,UniServices,Portal,false,7.8
SUP-2001834,Billing Issue - Global Finance,Billing Issue,Low,Closed,2024-01-03 06:24:24,2024-01-12 05:39:28,2024-01-12 06:12:28,sofia.moreau,Finance Support,Global Finance,Chat,false,
SUP-2001835,Technical Support - StartupXYZ,Technical Support,Medium,Closed,2024-01-24 15:41:34,2024-01-27 12:12:42,2024-01-27 13:04:42,thomas.berg,Technical Team,StartupXYZ,Portal,false,5.7
SUP-2001836,Billing Issue - Acme Corp,Billing Issue,Low,Closed,2024-01-02 13:33:33,2024-01-10 08:39:53,2024-01-10 09:33:53,alex.chen,Finance Support,Acme Corp,Email,false,
SUP-2001837,Account Management - Acme Corp,Account Management,High,Closed,2024-01-02 09:11:17,2024-01-03 06:22:44,2024-01-03 07:20:44,carlos.silva,Account Team,Acme Corp,Phone,false,
SUP-2001838,Technical Support - UniServices,Technical Support,Low,Closed,2024-01-23 10:44:32,2024-02-06 05:37:24,2024-02-06 06:19:24,sofia.moreau,Technical Team,UniServices,Chat,true,7.0
SUP-2001839,Data Export/Import - TechStart Inc,Data Export/Import,Low,Reopened,2024-01-17 09:55:32,2024-02-01 06:01:35,,laura.smith,Technical Team,TechStart Inc,Portal,false,
SUP-2001840,Account Management - Acme Corp,Account Management,Medium,Closed,2024-01-13 19:27:07,2024-01-15 12:11:05,2024-01-15 13:11:05,maya.patel,Account Team,Acme Corp,Portal,false,6.1
SUP-2001841,Integration Problem - UniServices,Integration Problem,Medium,Reopened,2024-01-23 15:38:44,2024-01-26 17:10:11,,thomas.berg,Integration Team,UniServices,Phone,false,
SUP-2001842,Feature Request - Acme Corp,Feature Request,Low,Reopened,2024-01-18 14:44:48,2024-02-25 19:51:27,,jennifer.wu,Product Team,Acme Corp,Email,false,
SUP-2001843,Feature Request - Global Finance,Feature Request,High,Closed,2024-01-26 09:53:40,2024-01-26 20:06:14,2024-01-26 20:27:14,ryan.kim,Product Team,Global Finance,Portal,false,4.0
SUP-2001844,Technical Support - TechStart Inc,Technical Support,Medium,Closed,2024-01-17 10:08:16,2024-01-18 10:43:26,2024-01-18 11:09:26,alex.chen,Technical Team,TechStart Inc,Phone,false,
SUP-2001845,Feature Request - RetailCo,Feature Request,Medium,Closed,2024-01-09 10:44:10,2024-01-09 20:52:31,2024-01-09 21:31:31,laura.smith,Product Team,RetailCo,Portal,false,6.5
SUP-2001846,Technical Support - StartupXYZ,Technical Support,Medium,Closed,2024-01-24 13:54:28,2024-01-25 12:08:44,2024-01-25 12:28:44,maya.patel,Technical Team,StartupXYZ,Email,false,
SUP-2001847,Technical Support - MedGroup,Technical Support,Medium,Closed,2024-01-11 11:31:00,2024-01-12 15:04:17,2024-01-12 15:58:17,alex.chen,Technical Team,MedGroup,Phone,false,8.2
SUP-2001848,Technical Support - Acme Corp,Technical Support,Medium,Closed,2024-01-25 09:03:59,2024-01-26 03:34:33,2024-01-26 04:31:33,alex.chen,Technical Team,Acme Corp,Email,false,5.6
SUP-2001849,Integration Problem - Acme Corp,Integration Problem,High,Closed,2024-01-12 13:21:36,2024-01-13 09:40:38,2024-01-13 09:46:38,maya.patel,Integration Team,Acme Corp,Phone,false,6.2
SUP-2001850,Billing Issue - Acme Corp,Billing Issue,Critical,Closed,2024-01-22 09:16:37,2024-01-22 10:43:24,2024-01-22 11:37:24,alex.chen,Finance Support,Acme Corp,Email,false,
SUP-2001851,Integration Problem - Individual,Integration Problem,High,Escalated,2024-01-23 16:50:48,2024-01-25 01:22:53,,laura.smith,Integration Team,Individual,Email,false,
SUP-2001852,Account Management - UniServices,Account Management,Low,Closed,2024-01-16 18:14:14,2024-01-25 23:22:55,2024-01-26 00:18:55,thomas.berg,Account Team,UniServices,Phone,false,5.6
SUP-2001853,Billing Issue - TechStart Inc,Billing Issue,Low,Closed,2024-01-20 09:40:25,2024-01-25 01:25:40,2024-01-25 02:20:40,alex.chen,Finance Support,TechStart Inc,Portal,false,8.0
SUP-2001854,Billing Issue - UniServices,Billing Issue,Medium,Closed,2024-01-25 12:14:51,2024-01-25 19:37:12,2024-01-25 20:34:12,sofia.moreau,Finance Support,UniServices,Email,false,6.1
SUP-2001855,Account Management - RetailCo,Account Management,Medium,Closed,2024-01-22 13:16:25,2024-01-23 03:10:18,2024-01-23 03:58:18,alex.chen,Account Team,RetailCo,Phone,false,7.6
SUP-2001856,Data Export/Import - CityCouncil,Data Export/Import,Medium,Closed,2024-01-16 06:19:59,2024-01-17 04:17:11,2024-01-17 05:17:11,alex.chen,Technical Team,CityCouncil,Portal,false,7.6
SUP-2001857,Integration Problem - TechStart Inc,Integration Problem,Low,Escalated,2024-01-26 14:18:25,2024-01-30 17:22:24,,maya.patel,Integration Team,TechStart Inc,Portal,false,
SUP-2001858,Account Management - TechStart Inc,Account Management,Medium,Closed,2024-01-04 05:59:08,2024-01-05 18:25:54,2024-01-05 18:57:54,sofia.moreau,Account Team,TechStart Inc,Chat,false,7.9
SUP-2001859,Billing Issue - RetailCo,Billing Issue,Low,Closed,2024-01-16 10:23:47,2024-01-17 04:50:57,2024-01-17 05:39:57,jennifer.wu,Finance Support,RetailCo,Email,false,6.7
SUP-2001860,Billing Issue - TechStart Inc,Billing Issue,Critical,Closed,2024-01-18 17:06:52,2024-01-18 18:16:34,2024-01-18 19:16:34,sofia.moreau,Finance Support,TechStart Inc,Phone,false,7.3
SUP-2001861,Data Export/Import - Individual,Data Export/Import,Medium,Closed,2024-01-10 14:32:09,2024-01-10 23:12:04,2024-01-11 00:10:04,alex.chen,Technical Team,Individual,Portal,false,
SUP-2001862,Integration Problem - UniServices,Integration Problem,Low,Closed,2024-01-16 12:32:17,2024-01-21 21:59:59,2024-01-21 22:51:59,jennifer.wu,Integration Team,UniServices,Email,false,6.6
SUP-2001863,Performance Issue - Acme Corp,Performance Issue,Low,Reopened,2024-01-09 08:07:03,2024-01-12 10:08:38,,carlos.silva,Engineering,Acme Corp,Chat,false,
SUP-2001864,Data Export/Import - CityCouncil,Data Export/Import,Medium,Closed,2024-01-12 11:31:07,2024-01-14 04:42:31,2024-01-14 05:38:31,carlos.silva,Technical Team,CityCouncil,Email,false,5.6
SUP-2001865,Technical Support - Individual,Technical Support,Medium,Closed,2024-01-02 09:52:11,2024-01-02 18:14:43,2024-01-02 18:32:43,jennifer.wu,Technical Team,Individual,Chat,false,7.9
SUP-2001866,Account Management - Acme Corp,Account Management,Low,Closed,2024-01-26 13:25:29,2024-01-27 23:57:48,2024-01-28 00:14:48,maya.patel,Account Team,Acme Corp,Portal,false,6.7
SUP-2001867,Feature Request - TechStart Inc,Feature Request,Critical,Closed,2024-01-05 08:26:29,2024-01-05 13:56:07,2024-01-05 14:16:07,thomas.berg,Product Team,TechStart Inc,Chat,true,3.7
SUP-2001868,Data Export/Import - MedGroup,Data Export/Import,High,Closed,2024-01-17 11:54:41,2024-01-17 21:51:33,2024-01-17 22:19:33,maya.patel,Technical Team,MedGroup,Email,false,6.6
SUP-2001869,Performance Issue - RetailCo,Performance Issue,High,Closed,2024-01-23 17:16:08,2024-01-23 22:07:58,2024-01-23 22:22:58,jennifer.wu,Engineering,RetailCo,Portal,false,6.7
SUP-2001870,Feature Request - CityCouncil,Feature Request,Medium,Closed,2024-01-22 14:11:25,2024-01-27 18:22:59,2024-01-27 19:18:59,sofia.moreau,Product Team,CityCouncil,Chat,true,
SUP-2001871,Integration Problem - StartupXYZ,Integration Problem,Low,Closed,2024-01-22 09:12:33,2024-01-23 23:56:18,2024-01-24 00:38:18,alex.chen,Integration Team,StartupXYZ,Chat,false,8.0
SUP-2001872,Technical Support - TechStart Inc,Technical Support,Low,Closed,2024-01-13 09:53:13,2024-01-16 11:21:17,2024-01-16 11:43:17,laura.smith,Technical Team,TechStart Inc,Portal,false,7.1
SUP-2001873,Billing Issue - StartupXYZ,Billing Issue,Medium,Closed,2024-01-12 11:25:33,2024-01-12 16:43:49,2024-01-12 17:36:49,alex.chen,Finance Support,StartupXYZ,Phone,false,8.4
SUP-2001874,Technical Support - Global Finance,Technical Support,Medium,Closed,2024-01-09 15:42:31,2024-01-11 03:42:20,2024-01-11 04:36:20,carlos.silva,Technical Team,Global Finance,Portal,false,6.5
SUP-2001875,Billing Issue - TechStart Inc,Billing Issue,Medium,Closed,2024-01-19 14:30:23,2024-01-19 20:38:25,2024-01-19 21:18:25,laura.smith,Finance Support,TechStart Inc,Chat,false,6.4
SUP-2001876,Billing Issue - UniServices,Billing Issue,Critical,Closed,2024-01-23 10:57:18,2024-01-23 11:46:35,2024-01-23 12:37:35,alex.chen,Finance Support,UniServices,Chat,false,7.4
SUP-2001877,Billing Issue - RetailCo,Billing Issue,High,Closed,2024-01-19 08:11:37,2024-01-19 16:01:57,2024-01-19 16:32:57,jennifer.wu,Finance Support,RetailCo,Phone,false,
SUP-2001878,Technical Support - Acme Corp,Technical Support,Critical,Closed,2024-01-18 11:23:27,2024-01-18 15:52:54,2024-01-18 16:51:54,jennifer.wu,Technical Team,Acme Corp,Portal,true,7.7
SUP-2001879,Billing Issue - UniServices,Billing Issue,High,Reopened,2024-01-25 03:31:56,2024-01-25 18:17:33,,carlos.silva,Finance Support,UniServices,Phone,false,
SUP-2001880,Billing Issue - Acme Corp,Billing Issue,High,Closed,2024-01-24 08:02:47,2024-01-24 21:55:50,2024-01-24 22:34:50,alex.chen,Finance Support,Acme Corp,Email,false,7.6
SUP-2001881,Integration Problem - UniServices,Integration Problem,Low,Closed,2024-01-15 12:00:28,2024-01-29 20:11:28,2024-01-29 20:37:28,laura.smith,Integration Team,UniServices,Portal,true,
SUP-2001882,Billing Issue - CityCouncil,Billing Issue,Low,Closed,2024-01-15 15:35:19,2024-01-16 08:16:19,2024-01-16 08:31:19,sofia.moreau,Finance Support,CityCouncil,Chat,false,7.3
SUP-2001883,Feature Request - RetailCo,Feature Request,High,Escalated,2024-01-17 14:48:35,2024-01-19 18:25:43,,carlos.silva,Product Team,RetailCo,Portal,false,
SUP-2001884,Technical Support - Acme Corp,Technical Support,Medium,Reopened,2024-01-01 11:14:18,2024-01-02 12:52:53,,carlos.silva,Technical Team,Acme Corp,Chat,false,
SUP-2001885,Billing Issue - MedGroup,Billing Issue,Low,Closed,2024-01-11 19:06:55,2024-01-17 10:50:30,2024-01-17 11:10:30,alex.chen,Finance Support,MedGroup,Phone,false,8.0
SUP-2001886,Account Management - Global Finance,Account Management,Medium,Closed,2024-01-01 10:41:00,2024-01-03 00:54:47,2024-01-03 01:06:47,jennifer.wu,Account Team,Global Finance,Phone,false,6.7
SUP-2001887,Integration Problem - RetailCo,Integration Problem,Medium,Closed,2024-01-08 09:33:55,2024-01-10 22:41:30,2024-01-10 22:47:30,alex.chen,Integration Team,RetailCo,Phone,false,6.6
SUP-2001888,Data Export/Import - Global Finance,Data Export/Import,Medium,Closed,2024-01-12 08:41:39,2024-01-13 00:51:43,2024-01-13 01:02:43,maya.patel,Technical Team,Global Finance,Portal,false,6.7
SUP-2001889,Performance Issue - TechStart Inc,Performance Issue,Medium,Closed,2024-01-19 14:16:20,2024-01-20 16:02:18,2024-01-20 16:13:18,maya.patel,Engineering,TechStart Inc,Email,false,7.3
SUP-2001890,Integration Problem - RetailCo,Integration Problem,Medium,Closed,2024-01-18 23:03:07,2024-01-20 07:53:13,2024-01-20 08:28:13,sofia.moreau,Integration Team,RetailCo,Email,false,7.5
SUP-2001891,Feature Request - MedGroup,Feature Request,Medium,Closed,2024-01-15 17:38:02,2024-02-05 04:44:11,2024-02-05 05:42:11,thomas.berg,Product Team,MedGroup,Phone,true,3.6
SUP-2001892,Data Export/Import - Individual,Data Export/Import,High,Closed,2024-01-11 10:05:39,2024-01-11 13:34:24,2024-01-11 14:02:24,sofia.moreau,Technical Team,Individual,Phone,false,7.6
SUP-2001893,Account Management - Global Finance,Account Management,Critical,Reopened,2024-01-21 19:49:38,2024-01-21 21:25:57,,maya.patel,Account Team,Global Finance,Email,false,
SUP-2001894,Billing Issue - CityCouncil,Billing Issue,Medium,Closed,2024-01-05 10:49:13,2024-01-06 19:57:36,2024-01-06 20:16:36,alex.chen,Finance Support,CityCouncil,Phone,false,6.2
SUP-2001895,Integration Problem - StartupXYZ,Integration Problem,Medium,Closed,2024-01-13 14:05:24,2024-01-15 23:48:02,2024-01-16 00:35:02,carlos.silva,Integration Team,StartupXYZ,Email,false,6.5
SUP-2001896,Feature Request - Individual,Feature Request,Medium,Closed,2024-01-10 22:44:07,2024-01-12 19:39:54,2024-01-12 20:17:54,laura.smith,Product Team,Individual,Chat,false,6.6
SUP-2001897,Integration Problem - Acme Corp,Integration Problem,Medium,Closed,2024-01-09 12:12:09,2024-01-10 08:58:45,2024-01-10 09:24:45,laura.smith,Integration Team,Acme Corp,Phone,false,
SUP-2001898,Technical Support - TechStart Inc,Technical Support,Low,Reopened,2024-01-09 11:38:26,2024-01-11 05:01:03,,thomas.berg,Technical Team,TechStart Inc,Portal,false,
SUP-2001899,Integration Problem - RetailCo,Integration Problem,Medium,Closed,2024-01-05 09:08:53,2024-01-06 22:10:40,2024-01-06 23:03:40,jennifer.wu,Integration Team,RetailCo,Portal,false,6.5
SUP-2001900,Billing Issue - Global Finance,Billing Issue,Medium,Closed,2024-01-20 08:03:22,2024-01-21 07:19:21,2024-01-21 07:29:21,thomas.berg,Finance Support,Global Finance,Portal,false,5.9
SUP-2001901,Technical Support - RetailCo,Technical Support,Medium,Escalated,2024-01-10 10:06:23,2024-01-11 13:07:45,,carlos.silva,Technical Team,RetailCo,Email,false,
SUP-2001902,Feature Request - StartupXYZ,Feature Request,Low,Closed,2024-01-15 10:53:47,2024-01-18 00:18:09,2024-01-18 01:05:09,maya.patel,Product Team,StartupXYZ,Portal,false,6.6
SUP-2001903,Feature Request - Acme Corp,Feature Request,Medium,Closed,2024-01-03 14:30:51,2024-01-05 16:47:59,2024-01-05 17:23:59,laura.smith,Product Team,Acme Corp,Phone,false,5.6
SUP-2001904,Account Management - CityCouncil,Account Management,Low,Closed,2024-01-26 04:55:44,2024-02-07 14:35:29,2024-02-07 15:25:29,thomas.berg,Account Team,CityCouncil,Chat,true,
SUP-2001905,Billing Issue - RetailCo,Billing Issue,High,Closed,2024-01-01 19:45:06,2024-01-02 03:02:30,2024-01-02 03:11:30,carlos.silva,Finance Support,RetailCo,Portal,false,7.2
SUP-2001906,Integration Problem - UniServices,Integration Problem,Medium,Closed,2024-01-24 08:05:11,2024-01-27 10:51:18,2024-01-27 11:20:18,alex.chen,Integration Team,UniServices,Portal,false,7.3
SUP-2001907,Technical Support - TechStart Inc,Technical Support,Medium,Closed,2024-01-08 09:29:50,2024-01-08 15:52:11,2024-01-08 16:24:11,maya.patel,Technical Team,TechStart Inc,Portal,false,7.4
SUP-2001908,Feature Request - Acme Corp,Feature Request,High,Closed,2024-01-22 11:32:26,2024-01-23 14:15:17,2024-01-23 15:14:17,laura.smith,Product Team,Acme Corp,Phone,true,6.5
SUP-2001909,Performance Issue - Acme Corp,Performance Issue,Low,Closed,2024-01-09 14:34:19,2024-01-12 17:38:11,2024-01-12 17:50:11,alex.chen,Engineering,Acme Corp,Email,false,6.6
SUP-2001910,Technical Support - Acme Corp,Technical Support,Critical,Escalated,2024-01-16 09:25:16,2024-01-16 11:08:57,,ryan.kim,Technical Team,Acme Corp,Email,false,
SUP-2001911,Billing Issue - MedGroup,Billing Issue,Low,Closed,2024-01-24 12:18:18,2024-02-13 09:06:22,2024-02-13 09:45:22,thomas.berg,Finance Support,MedGroup,Chat,true,5.3
SUP-2001912,Data Export/Import - TechStart Inc,Data Export/Import,Medium,Closed,2024-01-16 12:54:19,2024-01-18 18:16:26,2024-01-18 19:13:26,ryan.kim,Technical Team,TechStart Inc,Chat,false,
SUP-2001913,Billing Issue - MedGroup,Billing Issue,Low,Closed,2024-01-19 09:45:56,2024-01-21 16:24:41,2024-01-21 17:13:41,jennifer.wu,Finance Support,MedGroup,Chat,false,6.5
SUP-2001914,Feature Request - Global Finance,Feature Request,High,Closed,2024-01-02 13:21:58,2024-01-05 08:53:34,2024-01-05 09:24:34,thomas.berg,Product Team,Global Finance,Chat,true,
SUP-2001915,Billing Issue - UniServices,Billing Issue,Medium,Closed,2024-01-15 13:52:32,2024-01-16 03:40:11,2024-01-16 04:13:11,carlos.silva,Finance Support,UniServices,Portal,false,7.9
SUP-2001916,Technical Support - MedGroup,Technical Support,Medium,Closed,2024-01-19 12:59:03,2024-01-20 04:08:15,2024-01-20 04:19:15,thomas.berg,Technical Team,MedGroup,Chat,false,5.4
SUP-2001917,Feature Request - TechStart Inc,Feature Request,High,Closed,2024-01-24 13:50:39,2024-01-26 12:42:53,2024-01-26 13:42:53,carlos.silva,Product Team,TechStart Inc,Email,true,
SUP-2001918,Data Export/Import - StartupXYZ,Data Export/Import,Medium,Closed,2024-01-01 11:01:22,2024-01-02 03:04:56,2024-01-02 04:03:56,alex.chen,Technical Team,StartupXYZ,Chat,false,8.0
SUP-2001919,Account Management - Individual,Account Management,Low,Escalated,2024-01-10 17:36:07,2024-01-13 16:53:02,,maya.patel,Account Team,Individual,Portal,false,
SUP-2001920,Performance Issue - StartupXYZ,Performance Issue,High,Closed,2024-01-08 13:34:12,2024-01-09 23:05:31,2024-01-10 00:03:31,thomas.berg,Engineering,StartupXYZ,Portal,true,6.6
SUP-2001921,Billing Issue - Global Finance,Billing Issue,High,Closed,2024-01-04 08:44:07,2024-01-04 18:03:59,2024-01-04 18:48:59,laura.smith,Finance Support,Global Finance,Email,false,7.5
SUP-2001922,Performance Issue - StartupXYZ,Performance Issue,Medium,Closed,2024-01-12 09:42:06,2024-01-13 06:27:30,2024-01-13 07:19:30,laura.smith,Engineering,StartupXYZ,Phone,false,6.6
SUP-2001923,Performance Issue - Acme Corp,Performance Issue,Medium,Escalated,2024-01-12 13:35:58,2024-01-14 21:02:37,,sofia.moreau,Engineering,Acme Corp,Chat,false,
SUP-2001924,Billing Issue - StartupXYZ,Billing Issue,High,Reopened,2024-01-16 13:04:41,2024-01-16 16:02:54,,ryan.kim,Finance Support,StartupXYZ,Email,false,
SUP-2001925,Integration Problem - TechStart Inc,Integration Problem,Low,Closed,2024-01-01 14:05:15,2024-01-12 09:56:56,2024-01-12 10:53:56,alex.chen,Integration Team,TechStart Inc,Portal,true,
SUP-2001926,Billing Issue - Global Finance,Billing Issue,High,Closed,2024-01-25 07:31:05,2024-01-26 00:56:57,2024-01-26 01:41:57,maya.patel,Finance Support,Global Finance,Email,false,7.7
SUP-2001927,Technical Support - StartupXYZ,Technical Support,Medium,Closed,2024-01-25 13:49:38,2024-01-26 07:56:13,2024-01-26 08:07:13,maya.patel,Technical Team,StartupXYZ,Chat,false,9.0
SUP-2001928,Feature Request - StartupXYZ,Feature Request,High,Closed,2024-01-01 06:22:28,2024-01-01 11:39:45,2024-01-01 12:38:45,thomas.berg,Product Team,StartupXYZ,Chat,false,4.4
SUP-2001929,Billing Issue - RetailCo,Billing Issue,Medium,Closed,2024-01-01 11:06:25,2024-01-03 17:54:36,2024-01-03 18:41:36,ryan.kim,Finance Support,RetailCo,Chat,false,7.5
SUP-2001930,Billing Issue - TechStart Inc,Billing Issue,High,Closed,2024-01-24 08:32:42,2024-01-24 12:22:54,2024-01-24 13:17:54,alex.chen,Finance Support,TechStart Inc,Portal,false,7.3
SUP-2001931,Integration Problem - Global Finance,Integration Problem,Low,Closed,2024-01-26 15:43:06,2024-03-10 03:58:33,2024-03-10 04:31:33,ryan.kim,Integration Team,Global Finance,Chat,true,6.1
SUP-2001932,Integration Problem - RetailCo,Integration Problem,High,Closed,2024-01-03 13:32:14,2024-01-03 18:09:58,2024-01-03 18:49:58,maya.patel,Integration Team,RetailCo,Phone,false,6.0
SUP-2001933,Billing Issue - Global Finance,Billing Issue,Medium,Closed,2024-01-24 13:54:57,2024-01-24 18:56:27,2024-01-24 19:19:27,laura.smith,Finance Support,Global Finance,Chat,false,
SUP-2001934,Performance Issue - Acme Corp,Performance Issue,High,Closed,2024-01-26 12:45:20,2024-01-27 16:24:55,2024-01-27 16:50:55,maya.patel,Engineering,Acme Corp,Chat,true,
SUP-2001935,Billing Issue - Acme Corp,Billing Issue,Low,Closed,2024-01-17 11:59:51,2024-01-19 05:39:56,2024-01-19 05:51:56,maya.patel,Finance Support,Acme Corp,Chat,false,6.6
SUP-2001936,Feature Request - UniServices,Feature Request,Low,Closed,2024-01-18 19:09:04,2024-01-19 19:18:08,2024-01-19 19:23:08,laura.smith,Product Team,UniServices,Portal,false,5.9
SUP-2001937,Account Management - MedGroup,Account Management,Medium,Closed,2024-01-04 10:47:02,2024-01-05 04:38:16,2024-01-05 04:57:16,laura.smith,Account Team,MedGroup,Chat,false,5.1
SUP-2001938,Feature Request - MedGroup,Feature Request,High,Reopened,2024-01-23 07:21:04,2024-01-24 02:44:29,,alex.chen,Product Team,MedGroup,Phone,false,
SUP-2001939,Integration Problem - Global Finance,Integration Problem,Critical,Closed,2024-01-02 08:41:29,2024-01-02 15:57:13,2024-01-02 16:16:13,ryan.kim,Integration Team,Global Finance,Email,true,5.9
SUP-2001940,Account Management - Acme Corp,Account Management,Medium,Closed,2024-01-08 10:15:57,2024-01-09 17:18:42,2024-01-09 18:02:42,maya.patel,Account Team,Acme Corp,Chat,false,
SUP-2001941,Data Export/Import - RetailCo,Data Export/Import,Medium,Closed,2024-01-10 16:04:11,2024-01-11 09:39:45,2024-01-11 10:06:45,thomas.berg,Technical Team,RetailCo,Chat,false,6.8
SUP-2001942,Billing Issue - Acme Corp,Billing Issue,Low,Closed,2024-01-11 09:20:33,2024-01-13 03:42:23,2024-01-13 04:00:23,alex.chen,Finance Support,Acme Corp,Phone,false,6.9
SUP-2001943,Technical Support - Individual,Technical Support,Low,Closed,2024-01-23 16:49:10,2024-01-25 02:01:54,2024-01-25 02:54:54,ryan.kim,Technical Team,Individual,Portal,false,6.8
SUP-2001944,Account Management - MedGroup,Account Management,Medium,Closed,2024-01-02 10:44:37,2024-01-04 00:58:39,2024-01-04 01:35:39,laura.smith,Account Team,MedGroup,Chat,false,6.1
SUP-2001945,Technical Support - StartupXYZ,Technical Support,High,Closed,2024-01-18 10:57:53,2024-01-18 19:06:14,2024-01-18 19:28:14,carlos.silva,Technical Team,StartupXYZ,Phone,false,6.7
SUP-2001946,Technical Support - Global Finance,Technical Support,High,Closed,2024-01-12 12:06:50,2024-01-13 19:08:31,2024-01-13 19:24:31,laura.smith,Technical Team,Global Finance,Chat,true,
SUP-2001947,Billing Issue - TechStart Inc,Billing Issue,High,Closed,2024-01-17 08:05:31,2024-01-17 12:31:18,2024-01-17 12:50:18,sofia.moreau,Finance Support,TechStart Inc,Chat,false,6.9
SUP-2001948,Feature Request - RetailCo,Feature Request,Medium,Closed,2024-01-23 14:23:17,2024-01-24 09:43:03,2024-01-24 10:27:03,laura.smith,Product Team,RetailCo,Portal,false,6.4
SUP-2001949,Performance Issue - UniServices,Performance Issue,Low,Closed,2024-01-08 13:51:10,2024-01-14 14:03:28,2024-01-14 14:43:28,sofia.moreau,Engineering,UniServices,Email,false,6.1
SUP-2001950,Data Export/Import - RetailCo,Data Export/Import,Medium,Closed,2024-01-02 15:09:22,2024-01-06 15:43:17,2024-01-06 16:26:17,jennifer.wu,Technical Team,RetailCo,Portal,true,6.7
SUP-2001951,Technical Support - MedGroup,Technical Support,Low,Closed,2024-01-23 14:37:05,2024-02-03 00:16:52,2024-02-03 00:31:52,sofia.moreau,Technical Team,MedGroup,Chat,true,
SUP-2001952,Feature Request - CityCouncil,Feature Request,Medium,Closed,2024-01-09 08:40:36,2024-01-10 16:19:19,2024-01-10 16:48:19,laura.smith,Product Team,CityCouncil,Portal,false,5.4
SUP-2001953,Feature Request - CityCouncil,Feature Request,Medium,Closed,2024-01-08 12:16:09,2024-01-11 15:17:29,2024-01-11 15:30:29,laura.smith,Product Team,CityCouncil,Portal,false,
SUP-2001954,Integration Problem - Global Finance,Integration Problem,Medium,Closed,2024-01-22 11:36:17,2024-01-23 02:54:56,2024-01-23 03:02:56,jennifer.wu,Integration Team,Global Finance,Phone,false,5.4
SUP-2001955,Billing Issue - TechStart Inc,Billing Issue,High,Closed,2024-01-18 10:09:16,2024-01-18 13:13:36,2024-01-18 14:09:36,alex.chen,Finance Support,TechStart Inc,Portal,false,6.3
SUP-2001956,Feature Request - CityCouncil,Feature Request,High,Closed,2024-01-26 10:55:39,2024-01-26 22:10:38,2024-01-26 22:16:38,ryan.kim,Product Team,CityCouncil,Portal,false,5.3
SUP-2001957,Feature Request - Acme Corp,Feature Request,Medium,Closed,2024-01-02 10:48:54,2024-01-06 04:10:47,2024-01-06 04:36:47,maya.patel,Product Team,Acme Corp,Phone,false,6.1
SUP-2001958,Technical Support - TechStart Inc,Technical Support,Medium,Closed,2024-01-08 08:06:50,2024-01-08 18:14:18,2024-01-08 18:39:18,alex.chen,Technical Team,TechStart Inc,Portal,false,7.5
SUP-2001959,Feature Request - TechStart Inc,Feature Request,Medium,Closed,2024-01-08 11:59:20,2024-01-10 16:40:57,2024-01-10 17:30:57,thomas.berg,Product Team,TechStart Inc,Portal,false,4.5
SUP-2001960,Technical Support - Acme Corp,Technical Support,Low,Closed,2024-01-15 14:47:43,2024-01-23 14:14:32,2024-01-23 14:56:32,alex.chen,Technical Team,Acme Corp,Email,false,5.7
SUP-2001961,Billing Issue - TechStart Inc,Billing Issue,High,Closed,2024-01-01 15:06:45,2024-01-01 19:39:18,2024-01-01 19:49:18,ryan.kim,Finance Support,TechStart Inc,Chat,false,
SUP-2001962,Billing Issue - CityCouncil,Billing Issue,Medium,Closed,2024-01-23 09:12:47,2024-01-25 13:10:27,2024-01-25 14:04:27,maya.patel,Finance Support,CityCouncil,Phone,false,7.4
SUP-2001963,Billing Issue - MedGroup,Billing Issue,Low,Reopened,2024-01-03 08:57:44,2024-01-08 18:12:33,,maya.patel,Finance Support,MedGroup,Portal,false,
SUP-2001964,Integration Problem - TechStart Inc,Integration Problem,Medium,Closed,2024-01-03 11:08:28,2024-01-04 04:12:01,2024-01-04 05:08:01,maya.patel,Integration Team,TechStart Inc,Portal,false,6.6
SUP-2001965,Feature Request - Individual,Feature Request,Low,Closed,2024-01-05 12:24:04,2024-01-07 18:59:38,2024-01-07 19:04:38,laura.smith,Product Team,Individual,Email,false,6.9
SUP-2001966,Billing Issue - CityCouncil,Billing Issue,High,Closed,2024-01-08 12:07:09,2024-01-09 02:14:19,2024-01-09 02:32:19,sofia.moreau,Finance Support,CityCouncil,Email,false,7.5
SUP-2001967,Integration Problem - RetailCo,Integration Problem,Medium,Closed,2024-01-04 12:16:58,2024-01-05 13:00:18,2024-01-05 13:31:18,alex.chen,Integration Team,RetailCo,Email,false,
SUP-2001968,Account Management - Global Finance,Account Management,Low,Closed,2024-01-15 15:24:48,2024-01-18 02:38:52,2024-01-18 02:56:52,maya.patel,Account Team,Global Finance,Email,false,
SUP-2001969,Performance Issue - TechStart Inc,Performance Issue,Low,Closed,2024-01-18 13:22:40,2024-01-23 01:40:38,2024-01-23 02:17:38,sofia.moreau,Engineering,TechStart Inc,Portal,false,6.4
SUP-2001970,Feature Request - CityCouncil,Feature Request,Critical,Reopened,2024-01-26 08:20:03,2024-01-26 10:18:47,,alex.chen,Product Team,CityCouncil,Email,false,
SUP-2001971,Integration Problem - Acme Corp,Integration Problem,Low,Closed,2024-01-19 09:35:09,2024-01-25 04:45:21,2024-01-25 04:52:21,sofia.moreau,Integration Team,Acme Corp,Phone,false,4.8
SUP-2001972,Billing Issue - Individual,Billing Issue,High,Closed,2024-01-22 10:19:49,2024-01-22 13:18:42,2024-01-22 13:40:42,carlos.silva,Finance Support,Individual,Email,false,6.6
SUP-2001973,Feature Request - TechStart Inc,Feature Request,Medium,Closed,2024-01-01 11:27:08,2024-01-03 04:48:50,2024-01-03 05:38:50,maya.patel,Product Team,TechStart Inc,Phone,false,6.0
SUP-2001974,Billing Issue - Global Finance,Billing Issue,Low,Closed,2024-01-16 10:54:49,2024-01-18 00:33:22,2024-01-18 01:28:22,thomas.berg,Finance Support,Global Finance,Chat,false,6.3
SUP-2001975,Billing Issue - UniServices,Billing Issue,Low,Reopened,2024-01-08 12:09:21,2024-01-11 05:10:49,,carlos.silva,Finance Support,UniServices,Chat,false,
SUP-2001976,Technical Support - RetailCo,Technical Support,High,Escalated,2024-01-03 11:10:52,2024-01-03 17:06:32,,maya.patel,Technical Team,RetailCo,Chat,false,
SUP-2001977,Feature Request - Acme Corp,Feature Request,Medium,Closed,2024-01-01 08:14:35,2024-01-03 14:02:11,2024-01-03 14:37:11,sofia.moreau,Product Team,Acme Corp,Phone,false,
SUP-2001978,Billing Issue - RetailCo,Billing Issue,Medium,Closed,2024-01-24 15:31:31,2024-01-27 19:46:58,2024-01-27 20:25:58,ryan.kim,Finance Support,RetailCo,Portal,false,7.4
SUP-2001979,Billing Issue - TechStart Inc,Billing Issue,High,Closed,2024-01-04 10:08:05,2024-01-04 14:07:56,2024-01-04 14:16:56,ryan.kim,Finance Support,TechStart Inc,Email,false,7.1
SUP-2001980,Billing Issue - Acme Corp,Billing Issue,Medium,Closed,2024-01-21 08:42:25,2024-01-22 20:18:33,2024-01-22 20:48:33,maya.patel,Finance Support,Acme Corp,Email,false,7.6
SUP-2001981,Data Export/Import - MedGroup,Data Export/Import,Medium,Closed,2024-01-19 10:00:06,2024-01-21 00:05:55,2024-01-21 00:55:55,laura.smith,Technical Team,MedGroup,Email,false,6.3
SUP-2001982,Billing Issue - Global Finance,Billing Issue,Medium,Closed,2024-01-08 08:03:23,2024-01-08 16:20:48,2024-01-08 17:06:48,laura.smith,Finance Support,Global Finance,Phone,false,
SUP-2001983,Account Management - Individual,Account Management,Medium,Escalated,2024-01-02 09:58:09,2024-01-04 04:07:52,,thomas.berg,Account Team,Individual,Chat,false,
SUP-2001984,Billing Issue - RetailCo,Billing Issue,Medium,Closed,2024-01-04 13:11:08,2024-01-04 19:58:25,2024-01-04 20:26:25,alex.chen,Finance Support,RetailCo,Email,false,7.1
SUP-2001985,Billing Issue - StartupXYZ,Billing Issue,Medium,Closed,2024-01-16 08:31:55,2024-01-16 23:48:02,2024-01-17 00:00:02,alex.chen,Finance Support,StartupXYZ,Chat,false,7.7
SUP-2001986,Account Management - StartupXYZ,Account Management,Medium,Closed,2024-01-15 10:54:35,2024-01-17 03:51:08,2024-01-17 04:34:08,jennifer.wu,Account Team,StartupXYZ,Chat,false,
SUP-2001987,Account Management - MedGroup,Account Management,High,Closed,2024-01-05 12:30:54,2024-01-06 01:19:08,2024-01-06 01:38:08,alex.chen,Account Team,MedGroup,Email,false,8.0
SUP-2001988,Technical Support - CityCouncil,Technical Support,Low,Closed,2024-01-25 08:54:57,2024-01-28 06:46:27,2024-01-28 07:38:27,laura.smith,Technical Team,CityCouncil,Chat,false,7.3
SUP-2001989,Billing Issue - TechStart Inc,Billing Issue,High,Closed,2024-01-23 09:48:41,2024-01-23 19:39:20,2024-01-23 20:35:20,laura.smith,Finance Support,TechStart Inc,Email,false,7.5
SUP-2001990,Feature Request - Acme Corp,Feature Request,Low,Closed,2024-01-08 09:11:36,2024-01-16 03:49:12,2024-01-16 03:59:12,carlos.silva,Product Team,Acme Corp,Portal,false,3.4
SUP-2001991,Integration Problem - MedGroup,Integration Problem,Low,Closed,2024-01-22 10:55:37,2024-02-06 00:45:46,2024-02-06 01:07:46,alex.chen,Integration Team,MedGroup,Chat,true,5.6
SUP-2001992,Technical Support - Global Finance,Technical Support,Medium,Closed,2024-01-01 09:24:56,2024-01-04 15:44:46,2024-01-04 16:15:46,thomas.berg,Technical Team,Global Finance,Chat,false,4.5
SUP-2001993,Billing Issue - MedGroup,Billing Issue,High,Reopened,2024-01-01 23:52:03,2024-01-02 02:49:07,,thomas.berg,Finance Support,MedGroup,Chat,false,
SUP-2001994,Feature Request - Acme Corp,Feature Request,Medium,Closed,2024-01-26 09:22:45,2024-01-31 12:32:54,2024-01-31 13:19:54,maya.patel,Product Team,Acme Corp,Chat,true,
SUP-2001995,Integration Problem - RetailCo,Integration Problem,Medium,Escalated,2024-01-10 11:56:30,2024-01-12 04:32:12,,maya.patel,Integration Team,RetailCo,Email,false,
SUP-2001996,Integration Problem - UniServices,Integration Problem,Low,Closed,2024-01-08 12:00:26,2024-01-11 10:28:42,2024-01-11 11:03:42,laura.smith,Integration Team,UniServices,Portal,false,6.9
SUP-2001997,Feature Request - Global Finance,Feature Request,Medium,Closed,2024-01-15 12:04:09,2024-01-17 08:25:07,2024-01-17 08:57:07,sofia.moreau,Product Team,Global Finance,Email,false,4.6
SUP-2001998,Feature Request - Acme Corp,Feature Request,High,Closed,2024-01-24 10:29:53,2024-01-25 10:43:38,2024-01-25 10:54:38,thomas.berg,Product Team,Acme Corp,Phone,true,2.3
SUP-2001999,Billing Issue - RetailCo,Billing Issue,Low,Closed,2024-01-01 15:58:04,2024-01-02 14:24:45,2024-01-02 15:03:45,alex.chen,Finance Support,RetailCo,Portal,false,8.3
SUP-2002000,Technical Support - Individual,Technical Support,Medium,Closed,2024-01-01 14:42:40,2024-01-02 10:46:13,2024-01-02 11:02:13,ryan.kim,Technical Team,Individual,Portal,false,
SUP-2002001,Integration Problem - Individual,Integration Problem,Medium,Closed,2024-01-16 09:37:47,2024-01-17 01:58:29,2024-01-17 02:47:29,alex.chen,Integration Team,Individual,Phone,false,
SUP-2002002,Technical Support - StartupXYZ,Technical Support,High,Closed,2024-01-01 13:44:16,2024-01-01 18:58:32,2024-01-01 19:24:32,maya.patel,Technical Team,StartupXYZ,Portal,false,7.7
SUP-2002003,Feature Request - Global Finance,Feature Request,Medium,Closed,2024-01-23 11:30:47,2024-01-24 13:18:00,2024-01-24 13:58:00,alex.chen,Product Team,Global Finance,Portal,false,
SUP-2002004,Integration Problem - Acme Corp,Integration Problem,Low,Escalated,2024-01-11 10:42:52,2024-01-20 03:04:00,,carlos.silva,Integration Team,Acme Corp,Chat,false,
SUP-2002005,Performance Issue - CityCouncil,Performance Issue,Low,Closed,2024-01-02 02:47:06,2024-01-03 02:06:18,2024-01-03 02:51:18,sofia.moreau,Engineering,CityCouncil,Chat,false,
SUP-2002006,Billing Issue - TechStart Inc,Billing Issue,Critical,Closed,2024-01-26 11:52:00,2024-01-26 15:05:23,2024-01-26 15:48:23,carlos.silva,Finance Support,TechStart Inc,Chat,false,
SUP-2002007,Technical Support - UniServices,Technical Support,Medium,Closed,2024-01-23 19:48:54,2024-01-25 21:09:52,2024-01-25 21:59:52,thomas.berg,Technical Team,UniServices,Email,false,5.5
SUP-2002008,Integration Problem - StartupXYZ,Integration Problem,Critical,Escalated,2024-01-08 04:27:44,2024-01-08 08:26:20,,ryan.kim,Integration Team,StartupXYZ,Chat,false,
SUP-2002009,Feature Request - StartupXYZ,Feature Request,Medium,Reopened,2024-01-24 08:50:14,2024-01-24 23:56:48,,laura.smith,Product Team,StartupXYZ,Email,false,
SUP-2002010,Account Management - TechStart Inc,Account Management,High,Closed,2024-01-18 10:45:51,2024-01-18 23:57:03,2024-01-19 00:55:03,maya.patel,Account Team,TechStart Inc,Chat,false,7.9
SUP-2002011,Technical Support - Acme Corp,Technical Support,Medium,Closed,2024-01-10 11:42:25,2024-01-11 03:18:47,2024-01-11 03:33:47,alex.chen,Technical Team,Acme Corp,Chat,false,
SUP-2002012,Technical Support - Acme Corp,Technical Support,Medium,Closed,2024-01-15 08:49:34,2024-01-16 22:59:27,2024-01-16 23:21:27,laura.smith,Technical Team,Acme Corp,Phone,false,6.8
SUP-2002013,Billing Issue - RetailCo,Billing Issue,Low,Escalated,2024-01-12 08:27:19,2024-01-14 11:23:55,,thomas.berg,Finance Support,RetailCo,Portal,false,
SUP-2002014,Billing Issue - RetailCo,Billing Issue,High,Closed,2024-01-20 09:05:16,2024-01-20 22:46:48,2024-01-20 23:40:48,carlos.silva,Finance Support,RetailCo,Phone,false,6.5
SUP-2002015,Technical Support - RetailCo,Technical Support,Medium,Closed,2024-01-12 14:44:45,2024-01-14 06:05:49,2024-01-14 07:05:49,laura.smith,Technical Team,RetailCo,Email,false,7.1
SUP-2002016,Billing Issue - Global Finance,Billing Issue,Low,Escalated,2024-01-15 13:27:19,2024-01-18 18:28:31,,sofia.moreau,Finance Support,Global Finance,Portal,false,
SUP-2002017,Technical Support - Global Finance,Technical Support,High,Closed,2024-01-04 23:11:06,2024-01-05 16:02:57,2024-01-05 16:47:57,alex.chen,Technical Team,Global Finance,Phone,false,8.3
SUP-2002018,Technical Support - CityCouncil,Technical Support,Medium,Closed,2024-01-20 12:22:43,2024-01-21 10:02:13,2024-01-21 10:08:13,jennifer.wu,Technical Team,CityCouncil,Portal,false,6.2
SUP-2002019,Data Export/Import - StartupXYZ,Data Export/Import,Medium,Closed,2024-01-08 09:22:36,2024-01-08 21:24:37,2024-01-08 22:12:37,alex.chen,Technical Team,StartupXYZ,Portal,false,
SUP-2002020,Integration Problem - RetailCo,Integration Problem,High,Closed,2024-01-04 08:52:18,2024-01-04 18:09:12,2024-01-04 18:47:12,sofia.moreau,Integration Team,RetailCo,Chat,false,7.2
SUP-2002021,Account Management - Acme Corp,Account Management,Medium,Escalated,2024-01-04 15:09:20,2024-01-05 19:54:31,,laura.smith,Account Team,Acme Corp,Email,false,
SUP-2002022,Feature Request - RetailCo,Feature Request,High,Closed,2024-01-18 15:40:48,2024-01-20 01:25:00,2024-01-20 01:51:00,ryan.kim,Product Team,RetailCo,Chat,true,
SUP-2002023,Data Export/Import - RetailCo,Data Export/Import,High,Closed,2024-01-17 17:20:59,2024-01-17 21:44:38,2024-01-17 22:23:38,sofia.moreau,Technical Team,RetailCo,Phone,false,7.9
SUP-2002024,Account Management - Acme Corp,Account Management,High,Closed,2024-01-17 11:37:45,2024-01-17 14:19:22,2024-01-17 15:07:22,alex.chen,Account Team,Acme Corp,Chat,false,
SUP-2002025,Feature Request - TechStart Inc,Feature Request,Medium,Closed,2024-01-03 20:20:04,2024-01-05 11:29:57,2024-01-05 12:15:57,sofia.moreau,Product Team,TechStart Inc,Email,false,5.8
SUP-2002026,Data Export/Import - TechStart Inc,Data Export/Import,Low,Closed,2024-01-01 13:09:15,2024-01-11 01:45:31,2024-01-11 02:14:31,jennifer.wu,Technical Team,TechStart Inc,Phone,false,
SUP-2002027,Data Export/Import - StartupXYZ,Data Export/Import,High,Closed,2024-01-12 11:40:40,2024-01-12 15:06:17,2024-01-12 15:57:17,maya.patel,Technical Team,StartupXYZ,Email,false,
SUP-2002028,Technical Support - CityCouncil,Technical Support,Medium,Closed,2024-01-26 06:22:39,2024-01-26 17:27:23,2024-01-26 17:46:23,alex.chen,Technical Team,CityCouncil,Chat,false,7.3
SUP-2002029,Feature Request - CityCouncil,Feature Request,Medium,Closed,2024-01-02 04:28:16,2024-01-04 01:36:53,2024-01-04 02:17:53,alex.chen,Product Team,CityCouncil,Portal,false,7.7
SUP-2002030,Billing Issue - Global Finance,Billing Issue,Low,Closed,2024-01-18 11:59:15,2024-01-22 12:56:07,2024-01-22 13:20:07,thomas.berg,Finance Support,Global Finance,Chat,false,5.6
SUP-2002031,Feature Request - Global Finance,Feature Request,Medium,Closed,2024-01-12 16:14:11,2024-01-15 07:05:08,2024-01-15 07:21:08,laura.smith,Product Team,Global Finance,Chat,false,4.7
SUP-2002032,Account Management - TechStart Inc,Account Management,Low,Closed,2024-01-19 15:25:47,2024-01-23 21:46:59,2024-01-23 22:32:59,maya.patel,Account Team,TechStart Inc,Chat,false,8.0
SUP-2002033,Technical Support - Individual,Technical Support,Medium,Closed,2024-01-02 13:49:39,2024-01-04 02:03:07,2024-01-04 02:55:07,maya.patel,Technical Team,Individual,Portal,false,7.7
SUP-2002034,Billing Issue - StartupXYZ,Billing Issue,High,Closed,2024-01-16 16:42:36,2024-01-16 21:03:04,2024-01-16 21:21:04,laura.smith,Finance Support,StartupXYZ,Phone,false,7.7
SUP-2002035,Billing Issue - TechStart Inc,Billing Issue,Medium,Closed,2024-01-15 14:47:00,2024-01-16 12:31:42,2024-01-16 12:49:42,alex.chen,Finance Support,TechStart Inc,Chat,false,8.3
SUP-2002036,Account Management - RetailCo,Account Management,Low,Closed,2024-01-04 15:12:48,2024-01-09 21:24:53,2024-01-09 22:01:53,thomas.berg,Account Team,RetailCo,Phone,false,5.6
SUP-2002037,Technical Support - Acme Corp,Technical Support,Critical,Closed,2024-01-10 11:35:00,2024-01-10 15:47:23,2024-01-10 16:21:23,ryan.kim,Technical Team,Acme Corp,Portal,true,6.2
SUP-2002038,Performance Issue - UniServices,Performance Issue,High,Closed,2024-01-04 11:21:37,2024-01-05 07:10:41,2024-01-05 07:40:41,carlos.silva,Engineering,UniServices,Phone,false,7.4
SUP-2002039,Feature Request - StartupXYZ,Feature Request,High,Closed,2024-01-25 09:09:37,2024-01-26 04:56:33,2024-01-26 05:43:33,sofia.moreau,Product Team,StartupXYZ,Chat,false,7.1
SUP-2002040,Data Export/Import - StartupXYZ,Data Export/Import,High,Closed,2024-01-26 09:28:01,2024-01-26 18:22:29,2024-01-26 18:33:29,laura.smith,Technical Team,StartupXYZ,Phone,false,
SUP-2002041,Data Export/Import - RetailCo,Data Export/Import,High,Closed,2024-01-10 16:28:45,2024-01-10 19:30:04,2024-01-10 20:26:04,carlos.silva,Technical Team,RetailCo,Email,false,
SUP-2002042,Integration Problem - MedGroup,Integration Problem,Medium,Closed,2024-01-08 18:20:00,2024-01-16 19:52:03,2024-01-16 20:13:03,maya.patel,Integration Team,MedGroup,Chat,true,
SUP-2002043,Billing Issue - Acme Corp,Billing Issue,Medium,Closed,2024-01-08 04:36:39,2024-01-09 21:29:52,2024-01-09 21:42:52,carlos.silva,Finance Support,Acme Corp,Email,false,
SUP-2002044,Billing Issue - UniServices,Billing Issue,Medium,Closed,2024-01-09 23:27:08,2024-01-11 00:12:41,2024-01-11 00:47:41,thomas.berg,Finance Support,UniServices,Email,false,5.5
SUP-2002045,Integration Problem - StartupXYZ,Integration Problem,Medium,Escalated,2024-01-24 16:37:18,2024-01-25 05:41:09,,ryan.kim,Integration Team,StartupXYZ,Phone,false,
SUP-2002046,Technical Support - Acme Corp,Technical Support,High,Closed,2024-01-22 19:10:51,2024-01-23 03:59:29,2024-01-23 04:24:29,alex.chen,Technical Team,Acme Corp,Phone,false,6.0
SUP-2002047,Performance Issue - CityCouncil,Performance Issue,Low,Closed,2024-01-12 15:56:36,2024-01-14 09:29:49,2024-01-14 09:34:49,ryan.kim,Engineering,CityCouncil,Chat,false,
SUP-2002048,Billing Issue - TechStart Inc,Billing Issue,Medium,Closed,2024-01-02 08:30:32,2024-01-03 15:01:19,2024-01-03 15:09:19,maya.patel,Finance Support,TechStart Inc,Portal,false,7.3
SUP-2002049,Technical Support - RetailCo,Technical Support,Medium,Closed,2024-01-21 15:18:49,2024-01-23 23:10:05,2024-01-23 23:42:05,jennifer.wu,Technical Team,RetailCo,Chat,false,
SUP-2002050,Billing Issue - Individual,Billing Issue,High,Closed,2024-01-24 16:28:52,2024-01-25 00:20:27,2024-01-25 00:44:27,carlos.silva,Finance Support,Individual,Portal,false,
SUP-2002051,Technical Support - StartupXYZ,Technical Support,Critical,Closed,2024-01-22 13:13:25,2024-01-22 15:22:39,2024-01-22 16:07:39,alex.chen,Technical Team,StartupXYZ,Email,false,7.9
SUP-2002052,Technical Support - Individual,Technical Support,Low,Closed,2024-01-28 14:26:13,2024-01-29 08:14:41,2024-01-29 08:30:41,maya.patel,Technical Team,Individual,Chat,false,8.0
SUP-2002053,Performance Issue - Individual,Performance Issue,Critical,Closed,2024-01-15 16:51:39,2024-01-15 19:20:18,2024-01-15 19:36:18,sofia.moreau,Engineering,Individual,Email,false,8.5
SUP-2002054,Account Management - UniServices,Account Management,Low,Escalated,2024-01-03 14:48:18,2024-01-11 00:49:21,,thomas.berg,Account Team,UniServices,Portal,false,
SUP-2002055,Account Management - CityCouncil,Account Management,Medium,Closed,2024-01-17 12:39:01,2024-01-18 09:37:24,2024-01-18 10:13:24,sofia.moreau,Account Team,CityCouncil,Chat,false,6.3
SUP-2002056,Account Management - RetailCo,Account Management,Low,Closed,2024-01-22 13:40:15,2024-01-28 03:08:00,2024-01-28 03:13:00,alex.chen,Account Team,RetailCo,Email,false,7.4
SUP-2002057,Technical Support - StartupXYZ,Technical Support,High,Closed,2024-01-02 16:10:54,2024-01-02 17:53:31,2024-01-02 17:58:31,alex.chen,Technical Team,StartupXYZ,Phone,false,7.3
SUP-2002058,Feature Request - Individual,Feature Request,Medium,Closed,2024-01-01 12:20:54,2024-01-02 14:53:25,2024-01-02 15:42:25,alex.chen,Product Team,Individual,Email,false,6.0
SUP-2002059,Billing Issue - UniServices,Billing Issue,Low,Escalated,2024-01-03 08:18:46,2024-01-04 01:19:18,,alex.chen,Finance Support,UniServices,Portal,false,
SUP-2002060,Billing Issue - StartupXYZ,Billing Issue,Medium,Escalated,2024-01-12 11:14:17,2024-01-13 04:28:12,,carlos.silva,Finance Support,StartupXYZ,Email,false,
SUP-2002061,Technical Support - Acme Corp,Technical Support,High,Closed,2024-01-08 01:53:21,2024-01-08 13:47:44,2024-01-08 14:24:44,sofia.moreau,Technical Team,Acme Corp,Chat,false,6.9
SUP-2002062,Data Export/Import - MedGroup,Data Export/Import,Medium,Closed,2024-01-09 14:51:46,2024-01-10 11:34:49,2024-01-10 11:44:49,carlos.silva,Technical Team,MedGroup,Chat,false,5.6
SUP-2002063,Technical Support - MedGroup,Technical Support,High,Closed,2024-01-13 08:44:24,2024-01-13 16:02:21,2024-01-13 16:37:21,carlos.silva,Technical Team,MedGroup,Phone,false,5.3
SUP-2002064,Feature Request - CityCouncil,Feature Request,High,Closed,2024-01-05 09:46:45,2024-01-06 15:59:55,2024-01-06 16:59:55,alex.chen,Product Team,CityCouncil,Email,true,6.7
SUP-2002065,Data Export/Import - Acme Corp,Data Export/Import,High,Closed,2024-01-22 14:25:22,2024-01-23 05:34:53,2024-01-23 06:14:53,ryan.kim,Technical Team,Acme Corp,Portal,false,5.3
SUP-2002066,Billing Issue - Acme Corp,Billing Issue,Low,Closed,2024-01-23 10:47:43,2024-02-02 02:24:32,2024-02-02 03:10:32,laura.smith,Finance Support,Acme Corp,Portal,false,7.2
SUP-2002067,Technical Support - Acme Corp,Technical Support,Medium,Closed,2024-01-15 14:27:52,2024-01-18 09:59:36,2024-01-18 10:58:36,maya.patel,Technical Team,Acme Corp,Portal,false,
SUP-2002068,Performance Issue - MedGroup,Performance Issue,High,Closed,2024-01-18 15:51:49,2024-01-19 09:31:34,2024-01-19 10:05:34,alex.chen,Engineering,MedGroup,Portal,false,7.1
SUP-2002069,Integration Problem - Acme Corp,Integration Problem,Medium,Closed,2024-01-05 09:13:54,2024-01-06 21:27:55,2024-01-06 22:09:55,jennifer.wu,Integration Team,Acme Corp,Portal,false,5.3
SUP-2002070,Billing Issue - UniServices,Billing Issue,Low,Closed,2024-01-23 10:04:57,2024-01-27 15:53:47,2024-01-27 16:52:47,laura.smith,Finance Support,UniServices,Phone,false,9.3
SUP-2002071,Technical Support - Acme Corp,Technical Support,Medium,Closed,2024-01-17 08:38:15,2024-01-19 02:02:55,2024-01-19 02:41:55,sofia.moreau,Technical Team,Acme Corp,Chat,false,8.1
SUP-2002072,Feature Request - Global Finance,Feature Request,Low,Closed,2024-01-23 08:30:26,2024-02-11 11:30:48,2024-02-11 11:40:48,thomas.berg,Product Team,Global Finance,Phone,true,3.5
SUP-2002073,Billing Issue - Global Finance,Billing Issue,Low,Closed,2024-01-24 14:56:53,2024-01-25 12:51:53,2024-01-25 13:04:53,alex.chen,Finance Support,Global Finance,Chat,false,7.2
SUP-2002074,Performance Issue - RetailCo,Performance Issue,High,Closed,2024-01-11 13:47:43,2024-01-12 01:22:35,2024-01-12 02:07:35,alex.chen,Engineering,RetailCo,Email,false,6.7
SUP-2002075,Integration Problem - TechStart Inc,Integration Problem,Low,Closed,2024-01-23 08:48:56,2024-01-24 04:02:36,2024-01-24 04:59:36,sofia.moreau,Integration Team,TechStart Inc,Phone,false,6.1
SUP-2002076,Billing Issue - UniServices,Billing Issue,Low,Closed,2024-01-02 15:24:08,2024-01-11 17:10:07,2024-01-11 17:38:07,jennifer.wu,Finance Support,UniServices,Phone,false,7.0
SUP-2002077,Account Management - RetailCo,Account Management,High,Closed,2024-01-15 15:52:02,2024-01-15 19:24:09,2024-01-15 19:33:09,alex.chen,Account Team,RetailCo,Email,false,6.5
SUP-2002078,Feature Request - Acme Corp,Feature Request,Medium,Closed,2024-01-02 15:48:34,2024-01-07 11:18:27,2024-01-07 12:16:27,laura.smith,Product Team,Acme Corp,Chat,true,
SUP-2002079,Billing Issue - Acme Corp,Billing Issue,High,Closed,2024-01-02 10:13:41,2024-01-02 18:42:22,2024-01-02 19:16:22,carlos.silva,Finance Support,Acme Corp,Phone,false,
SUP-2002080,Technical Support - RetailCo,Technical Support,Low,Closed,2024-01-01 10:14:43,2024-01-03 09:32:59,2024-01-03 09:43:59,maya.patel,Technical Team,RetailCo,Email,false,7.1
SUP-2002081,Integration Problem - TechStart Inc,Integration Problem,Medium,Closed,2024-01-19 10:22:36,2024-01-20 06:35:21,2024-01-20 07:17:21,ryan.kim,Integration Team,TechStart Inc,Email,false,5.1
SUP-2002082,Billing Issue - RetailCo,Billing Issue,Medium,Closed,2024-01-05 10:16:06,2024-01-06 11:45:47,2024-01-06 12:15:47,sofia.moreau,Finance Support,RetailCo,Email,false,
SUP-2002083,Performance Issue - RetailCo,Performance Issue,Medium,Reopened,2024-01-19 15:02:02,2024-01-20 05:12:55,,carlos.silva,Engineering,RetailCo,Email,false,
SUP-2002084,Billing Issue - Acme Corp,Billing Issue,Medium,Closed,2024-01-18 16:55:45,2024-01-19 06:16:19,2024-01-19 06:47:19,carlos.silva,Finance Support,Acme Corp,Portal,false,8.2
SUP-2002085,Feature Request - UniServices,Feature Request,Critical,Closed,2024-01-15 12:23:46,2024-01-15 16:30:39,2024-01-15 16:59:39,maya.patel,Product Team,UniServices,Portal,true,6.2
SUP-2002086,Technical Support - TechStart Inc,Technical Support,Medium,Closed,2024-01-09 10:52:53,2024-01-11 14:35:46,2024-01-11 15:06:46,laura.smith,Technical Team,TechStart Inc,Email,false,7.4
SUP-2002087,Feature Request - RetailCo,Feature Request,Low,Closed,2024-01-12 13:35:24,2024-01-18 08:27:01,2024-01-18 09:16:01,laura.smith,Product Team,RetailCo,Phone,false,5.7
SUP-2002088,Account Management - MedGroup,Account Management,Medium,Reopened,2024-01-19 00:39:55,2024-01-29 09:44:53,,thomas.berg,Account Team,MedGroup,Chat,false,
SUP-2002089,Feature Request - Global Finance,Feature Request,High,Reopened,2024-01-11 09:25:58,2024-01-12 20:26:59,,sofia.moreau,Product Team,Global Finance,Email,false,
SUP-2002090,Integration Problem - RetailCo,Integration Problem,Medium,Reopened,2024-01-25 11:48:48,2024-01-27 09:36:16,,sofia.moreau,Integration Team,RetailCo,Phone,false,
SUP-2002091,Performance Issue - CityCouncil,Performance Issue,Medium,Closed,2024-01-26 09:45:14,2024-01-29 09:52:35,2024-01-29 10:50:35,laura.smith,Engineering,CityCouncil,Chat,false,7.4
SUP-2002092,Account Management - UniServices,Account Management,Critical,Reopened,2024-01-06 15:51:15,2024-01-06 20:05:23,,ryan.kim,Account Team,UniServices,Chat,false,
SUP-2002093,Technical Support - StartupXYZ,Technical Support,Medium,Closed,2024-01-15 09:49:14,2024-01-16 05:01:21,2024-01-16 05:15:21,carlos.silva,Technical Team,StartupXYZ,Chat,false,7.3
SUP-2002094,Billing Issue - Acme Corp,Billing Issue,Low,Closed,2024-01-24 11:44:35,2024-01-28 09:39:42,2024-01-28 09:45:42,ryan.kim,Finance Support,Acme Corp,Phone,false,6.2
SUP-2002095,Data Export/Import - Global Finance,Data Export/Import,Medium,Closed,2024-01-09 12:39:32,2024-01-10 08:55:52,2024-01-10 09:08:52,maya.patel,Technical Team,Global Finance,Chat,false,6.9
SUP-2002096,Account Management - RetailCo,Account Management,High,Closed,2024-01-02 16:39:47,2024-01-02 22:04:41,2024-01-02 22:20:41,jennifer.wu,Account Team,RetailCo,Chat,false,7.2
SUP-2002097,Billing Issue - Global Finance,Billing Issue,High,Closed,2024-01-25 15:16:58,2024-01-25 22:12:58,2024-01-25 22:33:58,laura.smith,Finance Support,Global Finance,Chat,false,7.4
SUP-2002098,Performance Issue - RetailCo,Performance Issue,High,Closed,2024-01-08 10:39:26,2024-01-08 16:28:45,2024-01-08 16:47:45,alex.chen,Engineering,RetailCo,Email,false,6.5
SUP-2002099,Technical Support - UniServices,Technical Support,Low,Closed,2024-01-17 16:11:59,2024-01-24 16:37:16,2024-01-24 17:24:16,thomas.berg,Technical Team,UniServices,Phone,false,
SUP-2002100,Billing Issue - Acme Corp,Billing Issue,High,Closed,2024-01-02 09:41:42,2024-01-02 23:41:10,2024-01-03 00:20:10,carlos.silva,Finance Support,Acme Corp,Chat,false,
SUP-2002101,Account Management - MedGroup,Account Management,Medium,Closed,2024-01-12 08:51:55,2024-01-13 15:01:58,2024-01-13 15:13:58,maya.patel,Account Team,MedGroup,Portal,false,8.2
SUP-2002102,Integration Problem - TechStart Inc,Integration Problem,Medium,Closed,2024-01-25 09:23:53,2024-01-26 22:19:04,2024-01-26 22:48:04,thomas.berg,Integration Team,TechStart Inc,Phone,false,5.6
SUP-2002103,Integration Problem - CityCouncil,Integration Problem,Low,Closed,2024-01-10 09:57:44,2024-01-17 06:56:08,2024-01-17 07:55:08,jennifer.wu,Integration Team,CityCouncil,Portal,false,5.6
SUP-2002104,Technical Support - TechStart Inc,Technical Support,Critical,Reopened,2024-01-04 21:29:10,2024-01-05 04:06:06,,thomas.berg,Technical Team,TechStart Inc,Portal,false,
SUP-2002105,Billing Issue - TechStart Inc,Billing Issue,Medium,Reopened,2024-01-10 09:43:03,2024-01-11 05:30:08,,carlos.silva,Finance Support,TechStart Inc,Email,false,
SUP-2002106,Data Export/Import - Global Finance,Data Export/Import,High,Closed,2024-01-09 16:55:39,2024-01-09 20:40:20,2024-01-09 21:21:20,alex.chen,Technical Team,Global Finance,Chat,false,
SUP-2002107,Performance Issue - TechStart Inc,Performance Issue,Low,Closed,2024-01-08 12:39:46,2024-01-10 21:38:07,2024-01-10 21:51:07,carlos.silva,Engineering,TechStart Inc,Phone,false,
SUP-2002108,Billing Issue - Individual,Billing Issue,Low,Closed,2024-01-03 16:36:10,2024-01-04 11:36:06,2024-01-04 11:50:06,laura.smith,Finance Support,Individual,Chat,false,7.9
SUP-2002109,Technical Support - Global Finance,Technical Support,Low,Closed,2024-01-23 11:37:40,2024-01-26 21:11:46,2024-01-26 22:00:46,maya.patel,Technical Team,Global Finance,Portal,false,5.5
SUP-2002110,Feature Request - UniServices,Feature Request,Low,Closed,2024-01-21 09:50:41,2024-01-24 15:29:47,2024-01-24 16:19:47,sofia.moreau,Product Team,UniServices,Portal,false,6.2
SUP-2002111,Technical Support - Acme Corp,Technical Support,High,Closed,2024-01-17 13:35:11,2024-01-17 19:56:49,2024-01-17 20:49:49,alex.chen,Technical Team,Acme Corp,Phone,false,6.5
SUP-2002112,Feature Request - Acme Corp,Feature Request,Medium,Escalated,2024-01-12 15:55:48,2024-01-16 15:18:01,,sofia.moreau,Product Team,Acme Corp,Email,false,
SUP-2002113,Data Export/Import - Acme Corp,Data Export/Import,Medium,Closed,2024-01-25 08:05:05,2024-01-26 00:43:11,2024-01-26 01:20:11,jennifer.wu,Technical Team,Acme Corp,Chat,false,7.3
SUP-2002114,Billing Issue - RetailCo,Billing Issue,High,Closed,2024-01-04 13:24:40,2024-01-04 18:52:03,2024-01-04 19:11:03,jennifer.wu,Finance Support,RetailCo,Chat,false,7.3
SUP-2002115,Billing Issue - UniServices,Billing Issue,High,Closed,2024-01-23 13:15:11,2024-01-23 19:56:47,2024-01-23 20:46:47,carlos.silva,Finance Support,UniServices,Chat,false,7.8
SUP-2002116,Feature Request - CityCouncil,Feature Request,Medium,Reopened,2024-01-05 09:21:44,2024-01-17 13:43:53,,ryan.kim,Product Team,CityCouncil,Portal,false,
SUP-2002117,Performance Issue - Acme Corp,Performance Issue,Medium,Closed,2024-01-18 08:19:09,2024-01-18 19:46:03,2024-01-18 20:10:03,maya.patel,Engineering,Acme Corp,Email,false,5.8
SUP-2002118,Billing Issue - MedGroup,Billing Issue,Low,Closed,2024-01-10 09:04:51,2024-01-13 21:12:22,2024-01-13 21:51:22,jennifer.wu,Finance Support,MedGroup,Chat,false,6.5
SUP-2002119,Technical Support - Individual,Technical Support,Low,Escalated,2024-01-18 10:21:47,2024-01-20 03:12:21,,carlos.silva,Technical Team,Individual,Chat,false,
SUP-2002120,Integration Problem - TechStart Inc,Integration Problem,Medium,Closed,2024-01-02 08:25:00,2024-01-02 23:04:14,2024-01-02 23:42:14,maya.patel,Integration Team,TechStart Inc,Chat,false,6.7
SUP-2002121,Feature Request - Acme Corp,Feature Request,Medium,Closed,2024-01-11 15:43:44,2024-01-14 23:05:18,2024-01-14 23:36:18,ryan.kim,Product Team,Acme Corp,Chat,false,3.7
SUP-2002122,Billing Issue - StartupXYZ,Billing Issue,Low,Escalated,2024-01-22 13:11:58,2024-01-27 19:24:59,,sofia.moreau,Finance Support,StartupXYZ,Portal,false,
SUP-2002123,Billing Issue - TechStart Inc,Billing Issue,Medium,Closed,2024-01-22 12:27:14,2024-01-23 01:20:20,2024-01-23 01:37:20,carlos.silva,Finance Support,TechStart Inc,Portal,false,7.9
SUP-2002124,Integration Problem - Acme Corp,Integration Problem,Low,Reopened,2024-01-25 11:22:10,2024-02-03 02:53:35,,maya.patel,Integration Team,Acme Corp,Email,false,
SUP-2002125,Technical Support - TechStart Inc,Technical Support,Medium,Closed,2024-01-03 16:43:40,2024-01-04 09:53:19,2024-01-04 10:48:19,laura.smith,Technical Team,TechStart Inc,Phone,false,6.9
SUP-2002126,Integration Problem - TechStart Inc,Integration Problem,Low,Closed,2024-01-08 19:08:31,2024-01-12 08:47:18,2024-01-12 09:33:18,laura.smith,Integration Team,TechStart Inc,Email,false,6.8
SUP-2002127,Performance Issue - RetailCo,Performance Issue,High,Closed,2024-01-17 07:51:44,2024-01-17 15:25:10,2024-01-17 16:03:10,alex.chen,Engineering,RetailCo,Portal,false,7.4
SUP-2002128,Account Management - UniServices,Account Management,Medium,Closed,2024-01-01 09:02:13,2024-01-02 15:30:13,2024-01-02 16:26:13,alex.chen,Account Team,UniServices,Email,false,7.8
SUP-2002129,Integration Problem - RetailCo,Integration Problem,Medium,Closed,2024-01-11 15:46:10,2024-01-12 10:06:50,2024-01-12 10:26:50,jennifer.wu,Integration Team,RetailCo,Portal,false,
SUP-2002130,Feature Request - CityCouncil,Feature Request,Medium,Closed,2024-01-23 09:42:37,2024-01-27 08:31:20,2024-01-27 09:28:20,carlos.silva,Product Team,CityCouncil,Chat,false,
SUP-2002131,Billing Issue - StartupXYZ,Billing Issue,Medium,Closed,2024-01-13 12:22:31,2024-01-14 01:41:04,2024-01-14 02:24:04,alex.chen,Finance Support,StartupXYZ,Email,false,9.0
SUP-2002132,Integration Problem - CityCouncil,Integration Problem,High,Closed,2024-01-04 11:37:17,2024-01-04 20:17:35,2024-01-04 20:41:35,alex.chen,Integration Team,CityCouncil,Email,false,
SUP-2002133,Account Management - TechStart Inc,Account Management,Medium,Closed,2024-01-03 13:04:00,2024-01-05 08:50:49,2024-01-05 09:09:49,sofia.moreau,Account Team,TechStart Inc,Chat,false,
SUP-2002134,Billing Issue - RetailCo,Billing Issue,Medium,Closed,2024-01-03 12:19:30,2024-01-03 20:46:45,2024-01-03 20:56:45,laura.smith,Finance Support,RetailCo,Portal,false,
SUP-2002135,Account Management - MedGroup,Account Management,Medium,Closed,2024-01-10 13:56:04,2024-01-11 05:52:10,2024-01-11 06:49:10,maya.patel,Account Team,MedGroup,Portal,false,5.1
SUP-2002136,Technical Support - CityCouncil,Technical Support,Medium,Closed,2024-01-26 10:15:07,2024-01-27 21:48:52,2024-01-27 22:17:52,laura.smith,Technical Team,CityCouncil,Portal,false,5.1
SUP-2002137,Billing Issue - TechStart Inc,Billing Issue,Medium,Closed,2024-01-08 12:02:01,2024-01-10 19:30:48,2024-01-10 20:02:48,jennifer.wu,Finance Support,TechStart Inc,Phone,false,7.9
SUP-2002138,Account Management - RetailCo,Account Management,Medium,Closed,2024-01-24 14:00:46,2024-01-25 22:11:27,2024-01-25 22:52:27,thomas.berg,Account Team,RetailCo,Phone,false,5.6
SUP-2002139,Billing Issue - TechStart Inc,Billing Issue,Critical,Closed,2024-01-25 08:22:01,2024-01-25 09:44:41,2024-01-25 10:20:41,laura.smith,Finance Support,TechStart Inc,Portal,false,5.8
SUP-2002140,Integration Problem - TechStart Inc,Integration Problem,Medium,Closed,2024-01-02 13:00:24,2024-01-04 06:51:59,2024-01-04 07:37:59,alex.chen,Integration Team,TechStart Inc,Email,false,6.2
SUP-2002141,Technical Support - Global Finance,Technical Support,High,Closed,2024-01-22 10:59:42,2024-01-22 18:34:31,2024-01-22 19:09:31,sofia.moreau,Technical Team,Global Finance,Portal,false,6.3
SUP-2002142,Integration Problem - Acme Corp,Integration Problem,Medium,Closed,2024-01-17 10:40:16,2024-01-18 19:51:39,2024-01-18 20:05:39,alex.chen,Integration Team,Acme Corp,Portal,false,4.9
SUP-2002143,Performance Issue - Global Finance,Performance Issue,High,Closed,2024-01-15 09:11:40,2024-01-16 04:23:42,2024-01-16 05:16:42,maya.patel,Engineering,Global Finance,Email,false,6.2
SUP-2002144,Billing Issue - TechStart Inc,Billing Issue,Medium,Closed,2024-01-23 02:28:15,2024-01-26 10:49:40,2024-01-26 10:57:40,maya.patel,Finance Support,TechStart Inc,Email,false,
SUP-2002145,Integration Problem - MedGroup,Integration Problem,Critical,Closed,2024-01-26 16:15:09,2024-01-26 23:11:29,2024-01-27 00:07:29,thomas.berg,Integration Team,MedGroup,Email,true,
SUP-2002146,Account Management - Global Finance,Account Management,Low,Closed,2024-01-04 10:37:59,2024-01-19 22:42:34,2024-01-19 23:35:34,thomas.berg,Account Team,Global Finance,Phone,true,
SUP-2002147,Account Management - Individual,Account Management,Medium,Closed,2024-01-04 13:31:48,2024-01-05 05:02:43,2024-01-05 05:54:43,jennifer.wu,Account Team,Individual,Email,false,7.6
SUP-2002148,Account Management - RetailCo,Account Management,Critical,Closed,2024-01-03 09:05:04,2024-01-03 10:39:24,2024-01-03 10:46:24,jennifer.wu,Account Team,RetailCo,Portal,false,6.3
SUP-2002149,Billing Issue - StartupXYZ,Billing Issue,High,Closed,2024-01-01 16:30:32,2024-01-01 20:41:55,2024-01-01 21:13:55,sofia.moreau,Finance Support,StartupXYZ,Email,false,8.0
SUP-2002150,Account Management - Individual,Account Management,High,Closed,2024-01-27 15:09:26,2024-01-27 21:49:44,2024-01-27 22:28:44,jennifer.wu,Account Team,Individual,Chat,false,6.9
SUP-2002151,Integration Problem - Global Finance,Integration Problem,Low,Escalated,2024-01-09 01:23:51,2024-01-27 18:10:08,,carlos.silva,Integration Team,Global Finance,Chat,false,
SUP-2002152,Data Export/Import - CityCouncil,Data Export/Import,High,Closed,2024-01-02 05:16:49,2024-01-02 10:33:30,2024-01-02 11:19:30,maya.patel,Technical Team,CityCouncil,Email,false,7.8
SUP-2002153,Performance Issue - Acme Corp,Performance Issue,Low,Reopened,2024-01-01 14:25:35,2024-01-21 08:23:11,,thomas.berg,Engineering,Acme Corp,Portal,false,
SUP-2002154,Feature Request - StartupXYZ,Feature Request,Low,Closed,2024-01-12 09:31:38,2024-01-14 10:56:36,2024-01-14 11:17:36,jennifer.wu,Product Team,StartupXYZ,Email,false,
SUP-2002155,Integration Problem - Acme Corp,Integration Problem,High,Closed,2024-01-24 08:34:34,2024-01-25 12:33:25,2024-01-25 13:07:25,carlos.silva,Integration Team,Acme Corp,Phone,true,5.2
SUP-2002156,Technical Support - Global Finance,Technical Support,Low,Escalated,2024-01-18 11:31:38,2024-01-28 22:58:16,,carlos.silva,Technical Team,Global Finance,Portal,false,
SUP-2002157,Billing Issue - Global Finance,Billing Issue,Medium,Escalated,2024-01-02 13:40:28,2024-01-03 09:43:33,,maya.patel,Finance Support,Global Finance,Phone,false,
SUP-2002158,Feature Request - TechStart Inc,Feature Request,Low,Closed,2024-01-12 09:04:16,2024-01-14 17:00:01,2024-01-14 17:32:01,alex.chen,Product Team,TechStart Inc,Phone,false,6.9
SUP-2002159,Technical Support - TechStart Inc,Technical Support,Low,Closed,2024-01-09 13:54:17,2024-01-20 01:11:47,2024-01-20 01:28:47,thomas.berg,Technical Team,TechStart Inc,Phone,true,5.0
SUP-2002160,Billing Issue - StartupXYZ,Billing Issue,Medium,Closed,2024-01-16 21:51:02,2024-01-17 13:42:16,2024-01-17 14:19:16,maya.patel,Finance Support,StartupXYZ,Chat,false,
SUP-2002161,Billing Issue - StartupXYZ,Billing Issue,Low,Closed,2024-01-24 23:03:59,2024-01-25 16:46:51,2024-01-25 16:57:51,laura.smith,Finance Support,StartupXYZ,Phone,false,
SUP-2002162,Technical Support - RetailCo,Technical Support,High,Closed,2024-01-15 22:44:44,2024-01-16 02:05:34,2024-01-16 03:03:34,laura.smith,Technical Team,RetailCo,Chat,false,7.1
SUP-2002163,Technical Support - Individual,Technical Support,Critical,Closed,2024-01-23 10:31:36,2024-01-23 11:38:48,2024-01-23 11:46:48,ryan.kim,Technical Team,Individual,Phone,false,7.9
SUP-2002164,Data Export/Import - UniServices,Data Export/Import,Medium,Escalated,2024-01-05 10:24:43,2024-01-06 17:01:22,,thomas.berg,Technical Team,UniServices,Portal,false,
SUP-2002165,Data Export/Import - Acme Corp,Data Export/Import,Critical,Escalated,2024-01-04 17:21:09,2024-01-04 20:02:04,,thomas.berg,Technical Team,Acme Corp,Phone,false,
SUP-2002166,Billing Issue - RetailCo,Billing Issue,Low,Closed,2024-01-12 07:57:01,2024-01-14 01:14:24,2024-01-14 02:13:24,alex.chen,Finance Support,RetailCo,Portal,false,6.9
SUP-2002167,Billing Issue - CityCouncil,Billing Issue,High,Closed,2024-01-03 13:34:42,2024-01-03 17:38:29,2024-01-03 18:19:29,alex.chen,Finance Support,CityCouncil,Chat,false,
SUP-2002168,Billing Issue - Acme Corp,Billing Issue,Medium,Reopened,2024-01-08 14:56:27,2024-01-10 10:46:26,,sofia.moreau,Finance Support,Acme Corp,Chat,false,
SUP-2002169,Billing Issue - Individual,Billing Issue,Low,Closed,2024-01-16 19:11:49,2024-01-19 15:26:24,2024-01-19 15:48:24,laura.smith,Finance Support,Individual,Email,false,
SUP-2002170,Billing Issue - StartupXYZ,Billing Issue,Medium,Closed,2024-01-19 15:14:38,2024-01-20 03:51:02,2024-01-20 04:27:02,carlos.silva,Finance Support,StartupXYZ,Phone,false,7.2
SUP-2002171,Feature Request - Acme Corp,Feature Request,Low,Reopened,2024-01-05 08:01:39,2024-01-06 20:23:18,,sofia.moreau,Product Team,Acme Corp,Email,false,
SUP-2002172,Account Management - Acme Corp,Account Management,Medium,Closed,2024-01-03 06:21:41,2024-01-04 06:22:02,2024-01-04 06:57:02,jennifer.wu,Account Team,Acme Corp,Email,false,7.3
SUP-2002173,Feature Request - CityCouncil,Feature Request,Low,Closed,2024-01-23 11:13:31,2024-02-05 16:37:35,2024-02-05 16:54:35,alex.chen,Product Team,CityCouncil,Chat,true,7.2
SUP-2002174,Billing Issue - Global Finance,Billing Issue,High,Closed,2024-01-02 19:11:28,2024-01-03 00:23:44,2024-01-03 00:28:44,laura.smith,Finance Support,Global Finance,Email,false,6.4
SUP-2002175,Technical Support - TechStart Inc,Technical Support,Medium,Closed,2024-01-11 09:26:13,2024-01-15 23:30:54,2024-01-16 00:05:54,ryan.kim,Technical Team,TechStart Inc,Phone,true,
SUP-2002176,Feature Request - Acme Corp,Feature Request,Medium,Closed,2024-01-24 01:03:48,2024-01-25 01:26:28,2024-01-25 01:38:28,alex.chen,Product Team,Acme Corp,Chat,false,6.1
SUP-2002177,Feature Request - UniServices,Feature Request,Medium,Closed,2024-01-08 10:08:06,2024-01-11 15:01:00,2024-01-11 15:54:00,maya.patel,Product Team,UniServices,Email,false,6.5
SUP-2002178,Data Export/Import - TechStart Inc,Data Export/Import,Low,Closed,2024-01-09 13:20:06,2024-01-10 10:10:42,2024-01-10 10:59:42,laura.smith,Technical Team,TechStart Inc,Portal,false,7.5
SUP-2002179,Account Management - Global Finance,Account Management,High,Closed,2024-01-16 15:07:50,2024-01-16 18:25:13,2024-01-16 19:17:13,maya.patel,Account Team,Global Finance,Portal,false,7.8
SUP-2002180,Billing Issue - TechStart Inc,Billing Issue,High,Escalated,2024-01-01 23:38:44,2024-01-02 04:01:26,,laura.smith,Finance Support,TechStart Inc,Email,false,
SUP-2002181,Data Export/Import - StartupXYZ,Data Export/Import,Low,Closed,2024-01-22 12:16:38,2024-01-24 10:07:21,2024-01-24 10:56:21,jennifer.wu,Technical Team,StartupXYZ,Chat,false,7.4
SUP-2002182,Billing Issue - Global Finance,Billing Issue,High,Closed,2024-01-26 10:00:24,2024-01-26 20:33:42,2024-01-26 21:19:42,jennifer.wu,Finance Support,Global Finance,Email,false,7.0
SUP-2002183,Performance Issue - StartupXYZ,Performance Issue,High,Closed,2024-01-23 15:04:35,2024-01-23 21:52:06,2024-01-23 22:10:06,maya.patel,Engineering,StartupXYZ,Chat,false,7.1
SUP-2002184,Feature Request - StartupXYZ,Feature Request,Medium,Closed,2024-01-08 15:01:38,2024-01-09 06:41:26,2024-01-09 07:39:26,ryan.kim,Product Team,StartupXYZ,Email,false,5.7
SUP-2002185,Technical Support - TechStart Inc,Technical Support,High,Closed,2024-01-27 11:28:48,2024-01-27 14:11:19,2024-01-27 14:33:19,maya.patel,Technical Team,TechStart Inc,Chat,false,6.2
SUP-2002186,Technical Support - CityCouncil,Technical Support,High,Closed,2024-01-08 15:21:23,2024-01-09 07:52:09,2024-01-09 08:02:09,jennifer.wu,Technical Team,CityCouncil,Email,false,7.1
SUP-2002187,Feature Request - RetailCo,Feature Request,Medium,Closed,2024-01-05 09:47:19,2024-01-13 05:17:45,2024-01-13 05:31:45,jennifer.wu,Product Team,RetailCo,Portal,true,5.7
SUP-2002188,Feature Request - TechStart Inc,Feature Request,High,Closed,2024-01-18 15:00:35,2024-01-19 00:10:01,2024-01-19 00:53:01,carlos.silva,Product Team,TechStart Inc,Email,false,5.5
SUP-2002189,Data Export/Import - Acme Corp,Data Export/Import,Medium,Closed,2024-01-09 10:21:32,2024-01-10 07:41:56,2024-01-10 07:53:56,alex.chen,Technical Team,Acme Corp,Portal,false,6.9
SUP-2002190,Billing Issue - Global Finance,Billing Issue,Low,Closed,2024-01-10 20:16:03,2024-01-12 03:14:14,2024-01-12 03:31:14,ryan.kim,Finance Support,Global Finance,Email,false,5.5
SUP-2002191,Performance Issue - Individual,Performance Issue,Medium,Reopened,2024-01-05 16:51:43,2024-01-06 15:48:07,,laura.smith,Engineering,Individual,Portal,false,
SUP-2002192,Billing Issue - Global Finance,Billing Issue,High,Closed,2024-01-12 16:57:27,2024-01-13 09:47:49,2024-01-13 09:57:49,sofia.moreau,Finance Support,Global Finance,Chat,false,5.4
SUP-2002193,Technical Support - CityCouncil,Technical Support,Critical,Closed,2024-01-12 09:22:42,2024-01-12 10:38:13,2024-01-12 10:47:13,maya.patel,Technical Team,CityCouncil,Phone,false,7.1
SUP-2002194,Data Export/Import - Acme Corp,Data Export/Import,High,Closed,2024-01-10 11:42:37,2024-01-12 22:56:02,2024-01-12 23:52:02,thomas.berg,Technical Team,Acme Corp,Portal,true,5.3
SUP-2002195,Integration Problem - RetailCo,Integration Problem,High,Closed,2024-01-09 12:46:17,2024-01-10 10:06:11,2024-01-10 10:33:11,alex.chen,Integration Team,RetailCo,Phone,false,8.5
SUP-2002196,Technical Support - StartupXYZ,Technical Support,Critical,Closed,2024-01-15 14:32:39,2024-01-15 15:23:32,2024-01-15 15:34:32,jennifer.wu,Technical Team,StartupXYZ,Email,false,
SUP-2002197,Billing Issue - Individual,Billing Issue,High,Closed,2024-01-05 10:59:29,2024-01-05 18:39:07,2024-01-05 18:47:07,alex.chen,Finance Support,Individual,Phone,false,7.7
SUP-2002198,Billing Issue - RetailCo,Billing Issue,High,Closed,2024-01-19 08:24:23,2024-01-19 14:55:59,2024-01-19 15:49:59,carlos.silva,Finance Support,RetailCo,Phone,false,7.0
SUP-2002199,Account Management - Global Finance,Account Management,Critical,Escalated,2024-01-16 21:32:35,2024-01-16 23:53:38,,thomas.berg,Account Team,Global Finance,Email,false,
SUP-2002200,Billing Issue - UniServices,Billing Issue,Medium,Closed,2024-01-04 11:59:50,2024-01-04 15:01:51,2024-01-04 15:09:51,maya.patel,Finance Support,UniServices,Chat,false,
SUP-2002201,Integration Problem - Acme Corp,Integration Problem,Medium,Closed,2024-01-11 13:18:37,2024-01-12 21:13:09,2024-01-12 21:58:09,carlos.silva,Integration Team,Acme Corp,Chat,false,5.6
SUP-2002202,Data Export/Import - TechStart Inc,Data Export/Import,Medium,Reopened,2024-01-19 06:59:48,2024-01-20 15:05:26,,ryan.kim,Technical Team,TechStart Inc,Chat,false,
SUP-2002203,Performance Issue - UniServices,Performance Issue,Critical,Closed,2024-01-24 10:19:50,2024-01-24 11:56:07,2024-01-24 12:12:07,alex.chen,Engineering,UniServices,Email,false,
SUP-2002204,Technical Support - RetailCo,Technical Support,Low,Escalated,2024-01-08 11:09:35,2024-01-13 01:35:15,,carlos.silva,Technical Team,RetailCo,Portal,false,
SUP-2002205,Account Management - RetailCo,Account Management,Critical,Reopened,2024-01-16 10:33:21,2024-01-16 13:14:29,,maya.patel,Account Team,RetailCo,Phone,false,
SUP-2002206,Feature Request - TechStart Inc,Feature Request,Medium,Closed,2024-01-15 09:58:18,2024-01-16 20:33:54,2024-01-16 21:20:54,alex.chen,Product Team,TechStart Inc,Chat,false,6.7
SUP-2002207,Billing Issue - Acme Corp,Billing Issue,Low,Closed,2024-01-17 13:58:05,2024-01-20 23:52:22,2024-01-20 23:58:22,laura.smith,Finance Support,Acme Corp,Portal,false,
SUP-2002208,Technical Support - RetailCo,Technical Support,Medium,Closed,2024-01-23 08:53:18,2024-01-25 17:58:50,2024-01-25 18:12:50,alex.chen,Technical Team,RetailCo,Chat,false,
SUP-2002209,Data Export/Import - Acme Corp,Data Export/Import,Medium,Closed,2024-01-01 12:23:38,2024-01-02 02:13:20,2024-01-02 02:44:20,ryan.kim,Technical Team,Acme Corp,Email,false,5.8
SUP-2002210,Integration Problem - Acme Corp,Integration Problem,Low,Closed,2024-01-09 15:41:04,2024-02-09 21:09:43,2024-02-09 21:41:43,carlos.silva,Integration Team,Acme Corp,Chat,true,4.0
SUP-2002211,Integration Problem - Acme Corp,Integration Problem,Low,Closed,2024-01-19 12:04:47,2024-01-21 03:08:10,2024-01-21 03:18:10,alex.chen,Integration Team,Acme Corp,Chat,false,5.8
SUP-2002212,Data Export/Import - Individual,Data Export/Import,Low,Closed,2024-01-03 13:32:10,2024-01-04 11:47:07,2024-01-04 12:33:07,sofia.moreau,Technical Team,Individual,Phone,false,
SUP-2002213,Feature Request - UniServices,Feature Request,High,Closed,2024-01-03 16:19:08,2024-01-04 15:26:35,2024-01-04 15:59:35,laura.smith,Product Team,UniServices,Phone,false,
SUP-2002214,Data Export/Import - StartupXYZ,Data Export/Import,Medium,Closed,2024-01-01 08:15:59,2024-01-02 12:03:24,2024-01-02 12:35:24,alex.chen,Technical Team,StartupXYZ,Phone,false,8.4
SUP-2002215,Billing Issue - UniServices,Billing Issue,Medium,Closed,2024-01-15 04:49:24,2024-01-15 22:21:01,2024-01-15 23:19:01,laura.smith,Finance Support,UniServices,Phone,false,
SUP-2002216,Account Management - UniServices,Account Management,Critical,Closed,2024-01-19 20:19:52,2024-01-19 21:51:56,2024-01-19 22:27:56,ryan.kim,Account Team,UniServices,Portal,false,6.0
SUP-2002217,Integration Problem - RetailCo,Integration Problem,Medium,Closed,2024-01-03 16:24:21,2024-01-05 04:23:42,2024-01-05 05:09:42,jennifer.wu,Integration Team,RetailCo,Email,false,7.4
SUP-2002218,Technical Support - RetailCo,Technical Support,Low,Closed,2024-01-25 08:53:54,2024-01-27 00:54:00,2024-01-27 01:06:00,maya.patel,Technical Team,RetailCo,Chat,false,6.9
SUP-2002219,Integration Problem - CityCouncil,Integration Problem,Medium,Closed,2024-01-08 12:31:54,2024-01-09 19:47:32,2024-01-09 20:44:32,alex.chen,Integration Team,CityCouncil,Chat,false,
SUP-2002220,Integration Problem - RetailCo,Integration Problem,High,Closed,2024-01-11 13:21:32,2024-01-12 09:07:04,2024-01-12 09:23:04,ryan.kim,Integration Team,RetailCo,Phone,false,5.4
SUP-2002221,Integration Problem - Acme Corp,Integration Problem,Low,Closed,2024-01-05 15:09:17,2024-01-11 16:07:20,2024-01-11 16:38:20,jennifer.wu,Integration Team,Acme Corp,Email,false,3.8
SUP-2002222,Billing Issue - Individual,Billing Issue,Critical,Closed,2024-01-16 10:03:24,2024-01-16 11:04:24,2024-01-16 11:31:24,alex.chen,Finance Support,Individual,Email,false,
SUP-2002223,Billing Issue - Acme Corp,Billing Issue,Medium,Closed,2024-01-02 13:07:55,2024-01-03 18:28:41,2024-01-03 18:35:41,carlos.silva,Finance Support,Acme Corp,Email,false,7.3
SUP-2002224,Account Management - Individual,Account Management,Medium,Closed,2024-01-09 09:12:40,2024-01-10 02:39:17,2024-01-10 02:48:17,laura.smith,Account Team,Individual,Portal,false,8.3
SUP-2002225,Billing Issue - TechStart Inc,Billing Issue,Medium,Closed,2024-01-17 09:13:10,2024-01-18 05:02:16,2024-01-18 05:57:16,carlos.silva,Finance Support,TechStart Inc,Email,false,6.7
SUP-2002226,Feature Request - RetailCo,Feature Request,Low,Closed,2024-01-16 16:01:27,2024-01-22 02:26:52,2024-01-22 02:37:52,sofia.moreau,Product Team,RetailCo,Chat,false,
SUP-2002227,Data Export/Import - UniServices,Data Export/Import,Low,Closed,2024-01-10 15:43:55,2024-01-15 22:48:05,2024-01-15 23:38:05,jennifer.wu,Technical Team,UniServices,Chat,false,7.6
SUP-2002228,Account Management - Individual,Account Management,Critical,Closed,2024-01-02 10:10:35,2024-01-02 11:00:07,2024-01-02 11:18:07,laura.smith,Account Team,Individual,Chat,false,6.9
SUP-2002229,Account Management - Global Finance,Account Management,Low,Closed,2024-01-10 13:22:01,2024-01-14 19:45:29,2024-01-14 20:41:29,ryan.kim,Account Team,Global Finance,Chat,false,
SUP-2002230,Integration Problem - UniServices,Integration Problem,Medium,Closed,2024-01-18 08:49:54,2024-01-20 18:42:12,2024-01-20 18:58:12,jennifer.wu,Integration Team,UniServices,Phone,false,5.8
SUP-2002231,Billing Issue - Acme Corp,Billing Issue,Critical,Closed,2024-01-18 10:18:39,2024-01-18 11:58:58,2024-01-18 12:51:58,laura.smith,Finance Support,Acme Corp,Portal,false,7.7
SUP-2002232,Feature Request - CityCouncil,Feature Request,High,Closed,2024-01-01 08:08:25,2024-01-01 18:32:19,2024-01-01 19:30:19,maya.patel,Product Team,CityCouncil,Chat,false,7.2
SUP-2002233,Account Management - StartupXYZ,Account Management,Medium,Closed,2024-01-10 07:09:45,2024-01-11 02:38:15,2024-01-11 03:32:15,carlos.silva,Account Team,StartupXYZ,Phone,false,5.9
SUP-2002234,Account Management - MedGroup,Account Management,Low,Closed,2024-01-12 16:01:20,2024-01-14 15:28:58,2024-01-14 16:05:58,maya.patel,Account Team,MedGroup,Chat,false,7.2
SUP-2002235,Feature Request - RetailCo,Feature Request,Critical,Closed,2024-01-23 09:35:13,2024-01-23 18:10:56,2024-01-23 18:15:56,ryan.kim,Product Team,RetailCo,Portal,true,
SUP-2002236,Performance Issue - RetailCo,Performance Issue,Medium,Closed,2024-01-26 18:22:16,2024-01-30 17:11:10,2024-01-30 17:58:10,jennifer.wu,Engineering,RetailCo,Email,false,6.5
SUP-2002237,Billing Issue - UniServices,Billing Issue,High,Reopened,2024-01-16 11:47:48,2024-01-16 16:18:09,,ryan.kim,Finance Support,UniServices,Chat,false,
SUP-2002238,Technical Support - TechStart Inc,Technical Support,Low,Closed,2024-01-01 11:40:15,2024-01-08 13:08:56,2024-01-08 13:41:56,carlos.silva,Technical Team,TechStart Inc,Email,false,6.1
SUP-2002239,Integration Problem - Global Finance,Integration Problem,Medium,Closed,2024-01-05 00:59:41,2024-01-05 13:11:37,2024-01-05 13:35:37,alex.chen,Integration Team,Global Finance,Email,false,7.4
SUP-2002240,Billing Issue - MedGroup,Billing Issue,Medium,Closed,2024-01-03 02:15:05,2024-01-04 15:34:45,2024-01-04 16:29:45,carlos.silva,Finance Support,MedGroup,Portal,false,
SUP-2002241,Technical Support - Acme Corp,Technical Support,Low,Closed,2024-01-08 12:39:38,2024-01-14 19:10:27,2024-01-14 19:24:27,laura.smith,Technical Team,Acme Corp,Chat,false,6.4
SUP-2002242,Account Management - MedGroup,Account Management,Medium,Reopened,2024-01-23 09:24:38,2024-01-24 07:47:20,,ryan.kim,Account Team,MedGroup,Phone,false,
SUP-2002243,Performance Issue - TechStart Inc,Performance Issue,Medium,Closed,2024-01-10 13:01:05,2024-01-13 04:46:37,2024-01-13 05:45:37,jennifer.wu,Engineering,TechStart Inc,Chat,false,7.3
SUP-2002244,Billing Issue - Individual,Billing Issue,Critical,Closed,2024-01-16 09:07:38,2024-01-16 10:46:39,2024-01-16 11:46:39,thomas.berg,Finance Support,Individual,Chat,false,7.3
SUP-2002245,Billing Issue - CityCouncil,Billing Issue,Medium,Closed,2024-01-25 12:41:47,2024-01-25 20:17:39,2024-01-25 20:50:39,jennifer.wu,Finance Support,CityCouncil,Email,false,6.3
SUP-2002246,Technical Support - TechStart Inc,Technical Support,Medium,Closed,2024-01-17 12:07:22,2024-01-19 13:16:41,2024-01-19 14:09:41,thomas.berg,Technical Team,TechStart Inc,Phone,false,5.3
SUP-2002247,Billing Issue - RetailCo,Billing Issue,Medium,Closed,2024-01-25 11:39:46,2024-01-25 18:18:16,2024-01-25 18:41:16,alex.chen,Finance Support,RetailCo,Email,false,8.2
SUP-2002248,Feature Request - Acme Corp,Feature Request,High,Closed,2024-01-26 13:58:11,2024-01-28 23:48:42,2024-01-29 00:08:42,jennifer.wu,Product Team,Acme Corp,Phone,true,
SUP-2002249,Data Export/Import - RetailCo,Data Export/Import,Medium,Closed,2024-01-19 09:32:19,2024-01-20 14:30:29,2024-01-20 14:44:29,ryan.kim,Technical Team,RetailCo,Portal,false,
SUP-2002250,Account Management - TechStart Inc,Account Management,High,Closed,2024-01-05 09:17:34,2024-01-05 13:06:21,2024-01-05 13:39:21,laura.smith,Account Team,TechStart Inc,Chat,false,7.7
SUP-2002251,Feature Request - RetailCo,Feature Request,High,Closed,2024-01-02 09:22:04,2024-01-03 00:00:21,2024-01-03 00:13:21,jennifer.wu,Product Team,RetailCo,Portal,false,6.5
SUP-2002252,Data Export/Import - Acme Corp,Data Export/Import,Medium,Reopened,2024-01-16 16:37:01,2024-01-17 07:21:36,,carlos.silva,Technical Team,Acme Corp,Email,false,
SUP-2002253,Technical Support - Individual,Technical Support,High,Closed,2024-01-12 15:45:19,2024-01-12 17:49:05,2024-01-12 18:19:05,maya.patel,Technical Team,Individual,Phone,false,7.6
SUP-2002254,Integration Problem - Global Finance,Integration Problem,Medium,Closed,2024-01-20 08:42:36,2024-01-22 22:51:27,2024-01-22 23:45:27,laura.smith,Integration Team,Global Finance,Chat,false,
SUP-2002255,Integration Problem - CityCouncil,Integration Problem,Medium,Closed,2024-01-11 10:41:56,2024-01-15 17:37:57,2024-01-15 18:37:57,thomas.berg,Integration Team,CityCouncil,Portal,true,4.5
SUP-2002256,Billing Issue - TechStart Inc,Billing Issue,Medium,Closed,2024-01-03 11:58:24,2024-01-04 06:48:45,2024-01-04 06:55:45,carlos.silva,Finance Support,TechStart Inc,Portal,false,8.2
SUP-2002257,Billing Issue - UniServices,Billing Issue,Medium,Closed,2024-01-01 14:19:58,2024-01-02 08:16:42,2024-01-02 09:04:42,alex.chen,Finance Support,UniServices,Phone,false,7.8
SUP-2002258,Account Management - CityCouncil,Account Management,Low,Escalated,2024-01-09 12:36:31,2024-01-10 03:17:59,,maya.patel,Account Team,CityCouncil,Portal,false,
SUP-2002259,Technical Support - Acme Corp,Technical Support,High,Closed,2024-01-16 07:42:08,2024-01-17 03:59:17,2024-01-17 04:56:17,maya.patel,Technical Team,Acme Corp,Portal,false,
SUP-2002260,Billing Issue - Global Finance,Billing Issue,High,Closed,2024-01-05 11:47:41,2024-01-06 16:51:06,2024-01-06 17:10:06,carlos.silva,Finance Support,Global Finance,Email,true,6.4
SUP-2002261,Technical Support - CityCouncil,Technical Support,Medium,Closed,2024-01-04 15:57:43,2024-01-06 01:26:59,2024-01-06 02:20:59,alex.chen,Technical Team,CityCouncil,Portal,false,
SUP-2002262,Billing Issue - MedGroup,Billing Issue,Medium,Closed,2024-01-22 09:08:16,2024-01-23 00:11:53,2024-01-23 01:05:53,maya.patel,Finance Support,MedGroup,Portal,false,6.2
SUP-2002263,Account Management - TechStart Inc,Account Management,Medium,Escalated,2024-01-26 13:52:03,2024-01-27 04:46:52,,carlos.silva,Account Team,TechStart Inc,Portal,false,
SUP-2002264,Billing Issue - CityCouncil,Billing Issue,Medium,Closed,2024-01-15 06:21:13,2024-01-15 20:54:04,2024-01-15 21:49:04,jennifer.wu,Finance Support,CityCouncil,Portal,false,7.3
SUP-2002265,Account Management - TechStart Inc,Account Management,Low,Closed,2024-01-19 11:18:20,2024-01-24 15:17:05,2024-01-24 15:22:05,laura.smith,Account Team,TechStart Inc,Chat,false,
SUP-2002266,Billing Issue - TechStart Inc,Billing Issue,Low,Closed,2024-01-03 10:26:06,2024-01-05 21:23:12,2024-01-05 21:51:12,laura.smith,Finance Support,TechStart Inc,Portal,false,
SUP-2002267,Performance Issue - Global Finance,Performance Issue,Low,Closed,2024-01-22 14:21:08,2024-01-25 05:52:10,2024-01-25 06:45:10,laura.smith,Engineering,Global Finance,Portal,false,6.7
SUP-2002268,Technical Support - TechStart Inc,Technical Support,Low,Closed,2024-01-19 09:53:49,2024-01-24 01:17:59,2024-01-24 01:38:59,alex.chen,Technical Team,TechStart Inc,Chat,false,7.1
SUP-2002269,Data Export/Import - Global Finance,Data Export/Import,Medium,Closed,2024-01-09 14:00:33,2024-01-09 22:59:12,2024-01-09 23:46:12,maya.patel,Technical Team,Global Finance,Portal,false,5.9
SUP-2002270,Technical Support - RetailCo,Technical Support,Low,Closed,2024-01-15 09:54:28,2024-01-21 00:10:13,2024-01-21 00:17:13,maya.patel,Technical Team,RetailCo,Email,false,8.4
SUP-2002271,Performance Issue - Acme Corp,Performance Issue,Medium,Closed,2024-01-28 08:08:07,2024-01-30 05:53:38,2024-01-30 05:58:38,laura.smith,Engineering,Acme Corp,Portal,false,5.5
SUP-2002272,Technical Support - Individual,Technical Support,High,Reopened,2024-01-25 15:39:19,2024-01-26 05:35:38,,carlos.silva,Technical Team,Individual,Chat,false,
SUP-2002273,Technical Support - TechStart Inc,Technical Support,Low,Closed,2024-01-09 10:44:19,2024-01-16 03:25:10,2024-01-16 04:14:10,carlos.silva,Technical Team,TechStart Inc,Phone,false,6.6
SUP-2002274,Integration Problem - Global Finance,Integration Problem,Medium,Closed,2024-01-18 22:59:03,2024-01-22 12:26:57,2024-01-22 13:14:57,laura.smith,Integration Team,Global Finance,Chat,false,5.9
SUP-2002275,Feature Request - Global Finance,Feature Request,Low,Closed,2024-01-02 09:28:06,2024-01-20 04:15:07,2024-01-20 04:36:07,alex.chen,Product Team,Global Finance,Portal,true,6.6
SUP-2002276,Performance Issue - Acme Corp,Performance Issue,Low,Closed,2024-01-16 15:50:32,2024-01-18 09:17:30,2024-01-18 10:15:30,jennifer.wu,Engineering,Acme Corp,Phone,false,7.0
SUP-2002277,Technical Support - RetailCo,Technical Support,Medium,Reopened,2024-01-15 10:12:34,2024-01-16 22:58:09,,thomas.berg,Technical Team,RetailCo,Email,false,
SUP-2002278,Account Management - Individual,Account Management,Critical,Closed,2024-01-05 09:05:19,2024-01-05 09:57:54,2024-01-05 10:16:54,maya.patel,Account Team,Individual,Phone,false,7.3
SUP-2002279,Data Export/Import - CityCouncil,Data Export/Import,Medium,Closed,2024-01-26 08:01:39,2024-01-28 08:48:30,2024-01-28 08:59:30,jennifer.wu,Technical Team,CityCouncil,Portal,false,6.7
SUP-2002280,Data Export/Import - Acme Corp,Data Export/Import,Medium,Escalated,2024-01-01 09:39:20,2024-01-09 10:51:41,,sofia.moreau,Technical Team,Acme Corp,Chat,false,
SUP-2002281,Technical Support - StartupXYZ,Technical Support,High,Closed,2024-01-15 10:23:21,2024-01-15 12:10:31,2024-01-15 12:43:31,alex.chen,Technical Team,StartupXYZ,Portal,false,7.7
SUP-2002282,Technical Support - Global Finance,Technical Support,High,Closed,2024-01-24 11:10:02,2024-01-24 18:09:56,2024-01-24 18:46:56,ryan.kim,Technical Team,Global Finance,Phone,false,
SUP-2002283,Billing Issue - RetailCo,Billing Issue,Low,Closed,2024-01-02 08:48:07,2024-01-08 02:30:34,2024-01-08 02:37:34,carlos.silva,Finance Support,RetailCo,Email,false,
SUP-2002284,Account Management - Global Finance,Account Management,Low,Reopened,2024-01-18 12:48:27,2024-01-24 22:07:00,,thomas.berg,Account Team,Global Finance,Chat,false,
SUP-2002285,Billing Issue - UniServices,Billing Issue,Medium,Closed,2024-01-02 14:30:24,2024-01-03 04:11:26,2024-01-03 04:47:26,sofia.moreau,Finance Support,UniServices,Portal,false,7.3
SUP-2002286,Billing Issue - RetailCo,Billing Issue,Low,Closed,2024-01-25 11:10:24,2024-01-26 13:52:25,2024-01-26 14:44:25,jennifer.wu,Finance Support,RetailCo,Phone,false,6.2
SUP-2002287,Technical Support - TechStart Inc,Technical Support,Medium,Closed,2024-01-12 08:54:59,2024-01-13 01:32:36,2024-01-13 02:29:36,laura.smith,Technical Team,TechStart Inc,Chat,false,6.8
SUP-2002288,Feature Request - RetailCo,Feature Request,Medium,Closed,2024-01-24 12:19:53,2024-01-25 05:33:17,2024-01-25 05:43:17,alex.chen,Product Team,RetailCo,Phone,false,7.3
SUP-2002289,Account Management - UniServices,Account Management,Low,Reopened,2024-01-04 14:27:57,2024-01-10 09:56:36,,thomas.berg,Account Team,UniServices,Chat,false,
SUP-2002290,Billing Issue - TechStart Inc,Billing Issue,Medium,Reopened,2024-01-11 12:43:15,2024-01-12 07:53:05,,sofia.moreau,Finance Support,TechStart Inc,Chat,false,
SUP-2002291,Performance Issue - CityCouncil,Performance Issue,High,Reopened,2024-01-19 12:29:42,2024-01-20 00:10:00,,thomas.berg,Engineering,CityCouncil,Email,false,
SUP-2002292,Performance Issue - MedGroup,Performance Issue,High,Closed,2024-01-18 16:17:11,2024-01-20 01:02:29,2024-01-20 01:22:29,carlos.silva,Engineering,MedGroup,Chat,true,4.1
SUP-2002293,Billing Issue - RetailCo,Billing Issue,Medium,Closed,2024-01-12 19:02:56,2024-01-14 02:31:27,2024-01-14 02:55:27,thomas.berg,Finance Support,RetailCo,Chat,false,7.7
SUP-2002294,Account Management - Individual,Account Management,Medium,Closed,2024-01-25 13:37:29,2024-01-25 18:39:44,2024-01-25 19:19:44,sofia.moreau,Account Team,Individual,Phone,false,7.4
SUP-2002295,Account Management - UniServices,Account Management,High,Closed,2024-01-23 09:46:19,2024-01-23 18:40:33,2024-01-23 19:12:33,alex.chen,Account Team,UniServices,Chat,false,6.6
SUP-2002296,Data Export/Import - TechStart Inc,Data Export/Import,Medium,Closed,2024-01-08 10:36:51,2024-01-12 03:08:13,2024-01-12 03:51:13,jennifer.wu,Technical Team,TechStart Inc,Email,false,7.5
SUP-2002297,Feature Request - CityCouncil,Feature Request,Medium,Closed,2024-01-05 11:44:40,2024-01-07 09:31:32,2024-01-07 10:28:32,alex.chen,Product Team,CityCouncil,Phone,false,7.0
SUP-2002298,Billing Issue - RetailCo,Billing Issue,Medium,Closed,2024-01-19 14:06:41,2024-01-20 04:59:54,2024-01-20 05:45:54,thomas.berg,Finance Support,RetailCo,Portal,false,5.7
SUP-2002299,Performance Issue - Global Finance,Performance Issue,Low,Reopened,2024-01-26 04:51:52,2024-02-02 21:35:35,,thomas.berg,Engineering,Global Finance,Phone,false,
SUP-2002300,Billing Issue - Acme Corp,Billing Issue,Medium,Closed,2024-01-24 12:53:20,2024-01-24 23:09:20,2024-01-25 00:04:20,maya.patel,Finance Support,Acme Corp,Phone,false,6.7
SUP-2002301,Feature Request - Individual,Feature Request,Low,Closed,2024-01-22 09:47:02,2024-01-24 00:03:13,2024-01-24 00:35:13,carlos.silva,Product Team,Individual,Email,false,6.4
SUP-2002302,Technical Support - Global Finance,Technical Support,Medium,Closed,2024-01-24 13:20:50,2024-01-25 21:40:00,2024-01-25 22:02:00,carlos.silva,Technical Team,Global Finance,Chat,false,6.3
SUP-2002303,Technical Support - TechStart Inc,Technical Support,Medium,Closed,2024-01-12 12:56:43,2024-01-13 10:49:39,2024-01-13 11:46:39,carlos.silva,Technical Team,TechStart Inc,Phone,false,7.9
SUP-2002304,Performance Issue - Global Finance,Performance Issue,Medium,Closed,2024-01-26 13:52:44,2024-01-31 21:18:51,2024-01-31 22:13:51,thomas.berg,Engineering,Global Finance,Phone,true,
SUP-2002305,Feature Request - StartupXYZ,Feature Request,Low,Closed,2024-01-11 10:34:01,2024-01-12 07:21:10,2024-01-12 07:40:10,carlos.silva,Product Team,StartupXYZ,Phone,false,5.5
SUP-2002306,Account Management - RetailCo,Account Management,Medium,Escalated,2024-01-25 11:42:16,2024-01-25 23:42:59,,sofia.moreau,Account Team,RetailCo,Phone,false,
SUP-2002307,Integration Problem - Individual,Integration Problem,Medium,Closed,2024-01-27 10:38:01,2024-01-28 11:23:27,2024-01-28 11:38:27,laura.smith,Integration Team,Individual,Phone,false,7.5
SUP-2002308,Feature Request - MedGroup,Feature Request,Low,Escalated,2024-01-17 03:50:02,2024-01-22 11:22:52,,sofia.moreau,Product Team,MedGroup,Chat,false,
SUP-2002309,Technical Support - Global Finance,Technical Support,Medium,Closed,2024-01-08 09:13:11,2024-01-10 07:53:30,2024-01-10 08:18:30,ryan.kim,Technical Team,Global Finance,Phone,false,6.3
SUP-2002310,Billing Issue - TechStart Inc,Billing Issue,Medium,Closed,2024-01-03 03:07:34,2024-01-03 12:15:10,2024-01-03 12:32:10,carlos.silva,Finance Support,TechStart Inc,Portal,false,7.3
SUP-2002311,Billing Issue - TechStart Inc,Billing Issue,Medium,Closed,2024-01-03 12:24:04,2024-01-04 08:35:43,2024-01-04 08:49:43,alex.chen,Finance Support,TechStart Inc,Chat,false,8.5
SUP-2002312,Account Management - StartupXYZ,Account Management,Low,Closed,2024-01-26 12:19:01,2024-01-30 04:36:15,2024-01-30 04:45:15,sofia.moreau,Account Team,StartupXYZ,Phone,false,7.2
SUP-2002313,Account Management - Global Finance,Account Management,Critical,Closed,2024-01-03 12:34:44,2024-01-03 17:22:19,2024-01-03 18:05:19,carlos.silva,Account Team,Global Finance,Email,true,5.2
SUP-2002314,Billing Issue - Global Finance,Billing Issue,High,Closed,2024-01-15 08:55:09,2024-01-15 13:59:33,2024-01-15 14:34:33,ryan.kim,Finance Support,Global Finance,Email,false,7.1
SUP-2002315,Technical Support - CityCouncil,Technical Support,Medium,Closed,2024-01-05 13:38:39,2024-01-06 14:57:07,2024-01-06 15:41:07,ryan.kim,Technical Team,CityCouncil,Email,false,
SUP-2002316,Integration Problem - TechStart Inc,Integration Problem,Low,Closed,2024-01-11 09:21:18,2024-01-17 07:48:42,2024-01-17 08:31:42,ryan.kim,Integration Team,TechStart Inc,Chat,false,
SUP-2002317,Billing Issue - Acme Corp,Billing Issue,Medium,Closed,2024-01-20 17:01:01,2024-01-23 13:49:36,2024-01-23 14:19:36,alex.chen,Finance Support,Acme Corp,Portal,false,8.3
SUP-2002318,Billing Issue - TechStart Inc,Billing Issue,Critical,Closed,2024-01-15 15:35:10,2024-01-15 17:25:57,2024-01-15 17:45:57,ryan.kim,Finance Support,TechStart Inc,Portal,false,7.5
SUP-2002319,Account Management - StartupXYZ,Account Management,High,Closed,2024-01-22 11:17:30,2024-01-22 15:10:02,2024-01-22 15:20:02,alex.chen,Account Team,StartupXYZ,Phone,false,8.5
SUP-2002320,Billing Issue - RetailCo,Billing Issue,High,Reopened,2024-01-10 21:39:58,2024-01-11 08:45:42,,ryan.kim,Finance Support,RetailCo,Phone,false,
SUP-2002321,Technical Support - MedGroup,Technical Support,Medium,Closed,2024-01-19 10:49:25,2024-01-21 07:54:39,2024-01-21 08:14:39,alex.chen,Technical Team,MedGroup,Phone,false,
SUP-2002322,Billing Issue - TechStart Inc,Billing Issue,High,Closed,2024-01-20 09:17:41,2024-01-20 13:51:41,2024-01-20 13:57:41,jennifer.wu,Finance Support,TechStart Inc,Phone,false,7.8
SUP-2002323,Account Management - Acme Corp,Account Management,Low,Closed,2024-01-18 16:02:43,2024-01-31 04:46:21,2024-01-31 05:23:21,ryan.kim,Account Team,Acme Corp,Phone,true,5.9
SUP-2002324,Account Management - Acme Corp,Account Management,Low,Escalated,2024-01-10 10:20:48,2024-01-11 22:39:35,,maya.patel,Account Team,Acme Corp,Chat,false,
SUP-2002325,Technical Support - StartupXYZ,Technical Support,Low,Closed,2024-01-15 07:59:54,2024-01-18 11:44:51,2024-01-18 12:01:51,jennifer.wu,Technical Team,StartupXYZ,Portal,false,6.7
SUP-2002326,Account Management - Acme Corp,Account Management,Medium,Closed,2024-01-02 10:52:38,2024-01-03 08:55:50,2024-01-03 09:36:50,alex.chen,Account Team,Acme Corp,Phone,false,
SUP-2002327,Technical Support - Acme Corp,Technical Support,Medium,Closed,2024-01-21 09:59:11,2024-01-22 21:31:22,2024-01-22 22:18:22,alex.chen,Technical Team,Acme Corp,Chat,false,6.3
SUP-2002328,Account Management - Acme Corp,Account Management,Medium,Closed,2024-01-26 12:31:19,2024-01-27 10:05:20,2024-01-27 10:25:20,jennifer.wu,Account Team,Acme Corp,Portal,false,6.1
SUP-2002329,Technical Support - Global Finance,Technical Support,Medium,Closed,2024-01-25 11:28:53,2024-01-26 14:02:39,2024-01-26 14:58:39,maya.patel,Technical Team,Global Finance,Chat,false,7.1
SUP-2002330,Technical Support - CityCouncil,Technical Support,Medium,Reopened,2024-01-18 10:52:18,2024-01-18 23:17:19,,thomas.berg,Technical Team,CityCouncil,Portal,false,
SUP-2002331,Data Export/Import - RetailCo,Data Export/Import,Low,Closed,2024-01-03 16:19:38,2024-01-07 08:51:16,2024-01-07 08:56:16,sofia.moreau,Technical Team,RetailCo,Phone,false,8.9
SUP-2002332,Performance Issue - TechStart Inc,Performance Issue,Medium,Closed,2024-01-08 16:01:11,2024-01-09 05:42:35,2024-01-09 06:16:35,alex.chen,Engineering,TechStart Inc,Phone,false,7.4
SUP-2002333,Account Management - CityCouncil,Account Management,High,Closed,2024-01-04 12:03:16,2024-01-04 14:01:26,2024-01-04 14:06:26,alex.chen,Account Team,CityCouncil,Phone,false,
SUP-2002334,Technical Support - StartupXYZ,Technical Support,Medium,Closed,2024-01-04 10:33:13,2024-01-07 21:02:17,2024-01-07 21:41:17,jennifer.wu,Technical Team,StartupXYZ,Portal,false,7.3
SUP-2002335,Account Management - CityCouncil,Account Management,Medium,Closed,2024-01-11 15:27:40,2024-01-12 03:06:23,2024-01-12 03:54:23,jennifer.wu,Account Team,CityCouncil,Portal,false,
SUP-2002336,Account Management - StartupXYZ,Account Management,Medium,Closed,2024-01-22 11:46:22,2024-01-23 00:34:47,2024-01-23 01:33:47,alex.chen,Account Team,StartupXYZ,Email,false,7.6
SUP-2002337,Account Management - StartupXYZ,Account Management,High,Closed,2024-01-26 10:58:12,2024-01-26 15:29:06,2024-01-26 15:51:06,laura.smith,Account Team,StartupXYZ,Portal,false,7.1
SUP-2002338,Performance Issue - RetailCo,Performance Issue,High,Closed,2024-01-24 14:34:26,2024-01-24 23:54:37,2024-01-25 00:38:37,laura.smith,Engineering,RetailCo,Chat,false,
SUP-2002339,Performance Issue - MedGroup,Performance Issue,Medium,Closed,2024-01-08 14:54:37,2024-01-09 07:25:47,2024-01-09 07:53:47,alex.chen,Engineering,MedGroup,Portal,false,6.3
SUP-2002340,Billing Issue - MedGroup,Billing Issue,Low,Closed,2024-01-01 08:23:05,2024-01-04 12:03:44,2024-01-04 12:59:44,alex.chen,Finance Support,MedGroup,Email,false,6.7
SUP-2002341,Billing Issue - TechStart Inc,Billing Issue,Low,Closed,2024-01-17 11:39:53,2024-01-18 07:21:37,2024-01-18 08:12:37,maya.patel,Finance Support,TechStart Inc,Chat,false,
SUP-2002342,Performance Issue - TechStart Inc,Performance Issue,High,Closed,2024-01-26 06:25:24,2024-01-26 11:26:08,2024-01-26 12:04:08,maya.patel,Engineering,TechStart Inc,Phone,false,6.5
SUP-2002343,Feature Request - RetailCo,Feature Request,Medium,Closed,2024-01-05 15:28:23,2024-01-06 15:03:56,2024-01-06 15:27:56,sofia.moreau,Product Team,RetailCo,Portal,false,5.9
SUP-2002344,Integration Problem - Global Finance,Integration Problem,Medium,Closed,2024-01-24 16:40:40,2024-01-25 23:50:26,2024-01-25 23:55:26,carlos.silva,Integration Team,Global Finance,Phone,false,4.7
SUP-2002345,Performance Issue - TechStart Inc,Performance Issue,Low,Closed,2024-01-12 11:03:47,2024-01-18 01:19:00,2024-01-18 02:09:00,carlos.silva,Engineering,TechStart Inc,Chat,false,6.5
SUP-2002346,Integration Problem - Individual,Integration Problem,Medium,Closed,2024-01-08 10:13:35,2024-01-09 10:10:25,2024-01-09 10:58:25,sofia.moreau,Integration Team,Individual,Phone,false,
SUP-2002347,Feature Request - Individual,Feature Request,Low,Closed,2024-01-01 14:16:28,2024-01-02 21:26:25,2024-01-02 21:50:25,ryan.kim,Product Team,Individual,Phone,false,6.4
SUP-2002348,Account Management - RetailCo,Account Management,Low,Escalated,2024-01-10 12:05:27,2024-01-13 16:17:51,,laura.smith,Account Team,RetailCo,Phone,false,
SUP-2002349,Performance Issue - StartupXYZ,Performance Issue,Medium,Closed,2024-01-19 18:03:20,2024-01-20 19:12:16,2024-01-20 20:00:16,ryan.kim,Engineering,StartupXYZ,Email,false,6.6
SUP-2002350,Integration Problem - MedGroup,Integration Problem,Low,Closed,2024-01-17 09:46:06,2024-01-19 20:35:34,2024-01-19 21:21:34,alex.chen,Integration Team,MedGroup,Email,false,
SUP-2002351,Billing Issue - RetailCo,Billing Issue,Medium,Closed,2024-01-12 09:21:22,2024-01-12 20:57:10,2024-01-12 21:50:10,laura.smith,Finance Support,RetailCo,Phone,false,6.9
SUP-2002352,Billing Issue - Acme Corp,Billing Issue,Medium,Reopened,2024-01-05 11:01:41,2024-01-13 03:22:50,,thomas.berg,Finance Support,Acme Corp,Chat,false,
SUP-2002353,Billing Issue - TechStart Inc,Billing Issue,Medium,Reopened,2024-01-25 10:50:36,2024-01-26 02:25:29,,maya.patel,Finance Support,TechStart Inc,Email,false,
SUP-2002354,Account Management - CityCouncil,Account Management,Medium,Closed,2024-01-22 12:39:08,2024-01-23 02:41:38,2024-01-23 03:06:38,alex.chen,Account Team,CityCouncil,Portal,false,7.9
SUP-2002355,Technical Support - TechStart Inc,Technical Support,Low,Closed,2024-01-23 11:41:18,2024-01-30 22:04:25,2024-01-30 22:55:25,jennifer.wu,Technical Team,TechStart Inc,Email,false,7.3
SUP-2002356,Technical Support - RetailCo,Technical Support,Low,Closed,2024-01-15 16:38:09,2024-01-18 06:01:02,2024-01-18 06:15:02,laura.smith,Technical Team,RetailCo,Chat,false,7.6
SUP-2002357,Performance Issue - Acme Corp,Performance Issue,Low,Closed,2024-01-09 14:57:14,2024-01-16 14:19:10,2024-01-16 14:31:10,jennifer.wu,Engineering,Acme Corp,Portal,false,5.7
SUP-2002358,Account Management - RetailCo,Account Management,Medium,Closed,2024-01-26 16:23:08,2024-01-26 23:23:54,2024-01-26 23:28:54,alex.chen,Account Team,RetailCo,Portal,false,7.4
SUP-2002359,Technical Support - UniServices,Technical Support,High,Closed,2024-01-20 15:14:33,2024-01-20 23:31:34,2024-01-20 23:41:34,jennifer.wu,Technical Team,UniServices,Phone,false,6.4
SUP-2002360,Billing Issue - TechStart Inc,Billing Issue,High,Closed,2024-01-23 14:58:03,2024-01-24 02:48:20,2024-01-24 03:12:20,carlos.silva,Finance Support,TechStart Inc,Portal,false,7.4
SUP-2002361,Technical Support - MedGroup,Technical Support,Medium,Closed,2024-01-17 16:53:53,2024-01-20 15:14:37,2024-01-20 15:34:37,maya.patel,Technical Team,MedGroup,Phone,false,6.4
SUP-2002362,Account Management - UniServices,Account Management,Medium,Closed,2024-01-27 20:24:30,2024-01-28 18:21:25,2024-01-28 19:09:25,alex.chen,Account Team,UniServices,Portal,false,6.2
SUP-2002363,Billing Issue - RetailCo,Billing Issue,Low,Closed,2024-01-04 14:04:54,2024-01-05 06:57:34,2024-01-05 07:35:34,laura.smith,Finance Support,RetailCo,Portal,false,6.0
SUP-2002364,Billing Issue - Global Finance,Billing Issue,Low,Reopened,2024-01-24 10:51:15,2024-01-27 16:11:41,,ryan.kim,Finance Support,Global Finance,Chat,false,
SUP-2002365,Feature Request - RetailCo,Feature Request,Low,Closed,2024-01-15 14:17:35,2024-01-22 10:12:29,2024-01-22 10:29:29,ryan.kim,Product Team,RetailCo,Email,false,4.8
SUP-2002366,Feature Request - Acme Corp,Feature Request,Medium,Closed,2024-01-25 09:07:16,2024-01-29 18:30:56,2024-01-29 18:47:56,thomas.berg,Product Team,Acme Corp,Phone,true,2.3
SUP-2002367,Performance Issue - CityCouncil,Performance Issue,Medium,Closed,2024-01-15 11:34:17,2024-01-17 19:32:26,2024-01-17 20:02:26,alex.chen,Engineering,CityCouncil,Chat,false,6.9
SUP-2002368,Performance Issue - TechStart Inc,Performance Issue,Medium,Closed,2024-01-15 12:30:44,2024-01-16 23:23:47,2024-01-17 00:04:47,alex.chen,Engineering,TechStart Inc,Portal,false,6.5
SUP-2002369,Billing Issue - Global Finance,Billing Issue,Medium,Escalated,2024-01-01 13:36:48,2024-01-02 23:19:10,,maya.patel,Finance Support,Global Finance,Phone,false,
SUP-2002370,Feature Request - StartupXYZ,Feature Request,Medium,Closed,2024-01-09 08:09:51,2024-01-09 23:35:50,2024-01-09 23:43:50,maya.patel,Product Team,StartupXYZ,Portal,false,
SUP-2002371,Data Export/Import - RetailCo,Data Export/Import,High,Reopened,2024-01-12 01:47:39,2024-01-12 14:04:47,,maya.patel,Technical Team,RetailCo,Email,false,
SUP-2002372,Feature Request - Global Finance,Feature Request,Medium,Closed,2024-01-04 11:44:35,2024-01-07 01:56:03,2024-01-07 02:12:03,carlos.silva,Product Team,Global Finance,Chat,false,4.7
SUP-2002373,Feature Request - Global Finance,Feature Request,Medium,Closed,2024-01-09 09:31:41,2024-01-11 00:25:20,2024-01-11 01:06:20,sofia.moreau,Product Team,Global Finance,Email,false,5.5
SUP-2002374,Feature Request - TechStart Inc,Feature Request,Low,Closed,2024-01-22 17:57:25,2024-01-28 10:21:16,2024-01-28 10:39:16,jennifer.wu,Product Team,TechStart Inc,Phone,false,5.5
SUP-2002375,Integration Problem - UniServices,Integration Problem,Medium,Closed,2024-01-03 15:50:27,2024-01-04 00:59:25,2024-01-04 01:04:25,maya.patel,Integration Team,UniServices,Phone,false,5.6
SUP-2002376,Account Management - RetailCo,Account Management,Medium,Reopened,2024-01-19 11:34:21,2024-01-23 10:30:27,,thomas.berg,Account Team,RetailCo,Portal,false,
SUP-2002377,Technical Support - StartupXYZ,Technical Support,Low,Closed,2024-01-25 09:11:30,2024-01-27 23:46:40,2024-01-28 00:15:40,sofia.moreau,Technical Team,StartupXYZ,Portal,false,7.4
SUP-2002378,Billing Issue - TechStart Inc,Billing Issue,Medium,Closed,2024-01-08 08:31:49,2024-01-09 13:28:13,2024-01-09 14:11:13,ryan.kim,Finance Support,TechStart Inc,Phone,false,
SUP-2002379,Performance Issue - Global Finance,Performance Issue,Medium,Escalated,2024-01-13 15:29:19,2024-01-14 16:04:41,,ryan.kim,Engineering,Global Finance,Phone,false,
SUP-2002380,Billing Issue - Acme Corp,Billing Issue,Low,Closed,2024-01-25 08:35:47,2024-01-28 22:30:19,2024-01-28 23:01:19,alex.chen,Finance Support,Acme Corp,Chat,false,6.5
SUP-2002381,Billing Issue - RetailCo,Billing Issue,Low,Closed,2024-01-15 10:17:36,2024-01-17 02:26:22,2024-01-17 03:00:22,laura.smith,Finance Support,RetailCo,Portal,false,
SUP-2002382,Data Export/Import - TechStart Inc,Data Export/Import,Low,Closed,2024-01-08 08:31:32,2024-01-11 10:11:46,2024-01-11 10:25:46,laura.smith,Technical Team,TechStart Inc,Chat,false,8.6
SUP-2002383,Billing Issue - Acme Corp,Billing Issue,Medium,Closed,2024-01-15 11:14:32,2024-01-16 21:12:24,2024-01-16 21:17:24,thomas.berg,Finance Support,Acme Corp,Email,false,5.0
SUP-2002384,Technical Support - RetailCo,Technical Support,High,Closed,2024-01-10 09:55:43,2024-01-11 08:13:26,2024-01-11 09:08:26,jennifer.wu,Technical Team,RetailCo,Portal,false,7.4
SUP-2002385,Integration Problem - UniServices,Integration Problem,Medium,Closed,2024-01-11 08:49:17,2024-01-18 20:21:49,2024-01-18 21:04:49,jennifer.wu,Integration Team,UniServices,Chat,true,7.4
SUP-2002386,Account Management - RetailCo,Account Management,Critical,Closed,2024-01-27 10:13:15,2024-01-27 16:09:39,2024-01-27 16:38:39,thomas.berg,Account Team,RetailCo,Portal,true,7.5
SUP-2002387,Feature Request - MedGroup,Feature Request,High,Closed,2024-01-12 08:23:26,2024-01-13 00:24:48,2024-01-13 00:37:48,thomas.berg,Product Team,MedGroup,Portal,false,2.9
SUP-2002388,Technical Support - StartupXYZ,Technical Support,Medium,Closed,2024-01-09 04:41:48,2024-01-09 21:41:34,2024-01-09 22:26:34,laura.smith,Technical Team,StartupXYZ,Phone,false,6.5
SUP-2002389,Feature Request - UniServices,Feature Request,High,Closed,2024-01-08 08:12:05,2024-01-08 19:38:38,2024-01-08 20:22:38,laura.smith,Product Team,UniServices,Chat,false,
SUP-2002390,Technical Support - RetailCo,Technical Support,Low,Closed,2024-01-18 15:46:38,2024-01-23 02:26:36,2024-01-23 03:05:36,ryan.kim,Technical Team,RetailCo,Chat,false,6.4
SUP-2002391,Account Management - Individual,Account Management,Medium,Closed,2024-01-09 09:40:59,2024-01-09 20:33:03,2024-01-09 21:30:03,carlos.silva,Account Team,Individual,Chat,false,
SUP-2002392,Feature Request - Individual,Feature Request,Low,Closed,2024-01-09 12:36:03,2024-01-12 16:10:09,2024-01-12 16:48:09,laura.smith,Product Team,Individual,Portal,false,8.2
SUP-2002393,Account Management - Global Finance,Account Management,Low,Escalated,2024-01-25 14:48:21,2024-02-06 08:40:17,,jennifer.wu,Account Team,Global Finance,Phone,false,
SUP-2002394,Performance Issue - MedGroup,Performance Issue,Low,Closed,2024-01-21 11:24:24,2024-01-27 04:48:10,2024-01-27 05:42:10,maya.patel,Engineering,MedGroup,Email,false,5.9
SUP-2002395,Integration Problem - UniServices,Integration Problem,High,Closed,2024-01-04 20:10:29,2024-01-06 06:47:13,2024-01-06 07:39:13,carlos.silva,Integration Team,UniServices,Chat,true,6.3
SUP-2002396,Data Export/Import - Individual,Data Export/Import,Critical,Closed,2024-01-02 10:56:14,2024-01-02 11:23:09,2024-01-02 11:35:09,laura.smith,Technical Team,Individual,Chat,false,
SUP-2002397,Account Management - TechStart Inc,Account Management,High,Closed,2024-01-17 10:22:13,2024-01-17 22:35:43,2024-01-17 22:58:43,thomas.berg,Account Team,TechStart Inc,Portal,false,6.5
SUP-2002398,Feature Request - RetailCo,Feature Request,Medium,Closed,2024-01-17 15:37:51,2024-01-19 13:13:14,2024-01-19 13:45:14,laura.smith,Product Team,RetailCo,Email,false,6.4
SUP-2002399,Billing Issue - TechStart Inc,Billing Issue,Low,Escalated,2024-01-20 13:31:12,2024-01-21 18:15:58,,thomas.berg,Finance Support,TechStart Inc,Chat,false,
SUP-2002400,Technical Support - Individual,Technical Support,Medium,Closed,2024-01-19 11:54:07,2024-01-20 03:15:33,2024-01-20 04:04:33,laura.smith,Technical Team,Individual,Portal,false,
SUP-2002401,Billing Issue - StartupXYZ,Billing Issue,High,Closed,2024-01-01 14:04:04,2024-01-01 23:01:36,2024-01-01 23:38:36,alex.chen,Finance Support,StartupXYZ,Phone,false,
SUP-2002402,Technical Support - RetailCo,Technical Support,Medium,Closed,2024-01-08 10:00:43,2024-01-08 17:20:44,2024-01-08 18:20:44,alex.chen,Technical Team,RetailCo,Phone,false,7.2
SUP-2002403,Billing Issue - Acme Corp,Billing Issue,Medium,Closed,2024-01-16 16:05:43,2024-01-19 21:49:28,2024-01-19 22:13:28,carlos.silva,Finance Support,Acme Corp,Chat,false,
SUP-2002404,Billing Issue - Acme Corp,Billing Issue,High,Escalated,2024-01-25 08:17:13,2024-01-25 20:43:35,,thomas.berg,Finance Support,Acme Corp,Portal,false,
SUP-2002405,Billing Issue - TechStart Inc,Billing Issue,High,Closed,2024-01-17 08:42:53,2024-01-17 13:24:53,2024-01-17 13:54:53,alex.chen,Finance Support,TechStart Inc,Portal,false,7.2
SUP-2002406,Performance Issue - Acme Corp,Performance Issue,Medium,Closed,2024-01-12 16:31:44,2024-01-13 22:48:46,2024-01-13 23:24:46,ryan.kim,Engineering,Acme Corp,Portal,false,5.3
SUP-2002407,Billing Issue - CityCouncil,Billing Issue,Critical,Closed,2024-01-16 11:45:56,2024-01-16 12:50:25,2024-01-16 12:57:25,ryan.kim,Finance Support,CityCouncil,Portal,false,
SUP-2002408,Technical Support - Individual,Technical Support,High,Closed,2024-01-26 14:49:08,2024-01-27 20:41:54,2024-01-27 21:13:54,thomas.berg,Technical Team,Individual,Chat,true,5.0
SUP-2002409,Technical Support - Acme Corp,Technical Support,Low,Closed,2024-01-19 08:22:31,2024-01-21 21:23:34,2024-01-21 22:04:34,alex.chen,Technical Team,Acme Corp,Phone,false,6.7
SUP-2002410,Data Export/Import - Acme Corp,Data Export/Import,Medium,Closed,2024-01-17 00:51:11,2024-01-18 01:44:03,2024-01-18 02:44:03,sofia.moreau,Technical Team,Acme Corp,Chat,false,6.7
SUP-2002411,Feature Request - Acme Corp,Feature Request,Low,Reopened,2024-01-10 11:42:27,2024-01-21 14:12:32,,maya.patel,Product Team,Acme Corp,Phone,false,
SUP-2002412,Technical Support - Acme Corp,Technical Support,Low,Escalated,2024-01-28 17:05:12,2024-01-31 13:50:50,,thomas.berg,Technical Team,Acme Corp,Portal,false,
SUP-2002413,Feature Request - RetailCo,Feature Request,Medium,Closed,2024-01-12 11:19:43,2024-01-14 09:50:04,2024-01-14 10:43:04,thomas.berg,Product Team,RetailCo,Email,false,4.0
SUP-2002414,Performance Issue - MedGroup,Performance Issue,Medium,Closed,2024-01-15 10:20:23,2024-01-15 16:59:40,2024-01-15 17:07:40,maya.patel,Engineering,MedGroup,Portal,false,6.1
SUP-2002415,Integration Problem - Acme Corp,Integration Problem,High,Closed,2024-01-22 02:46:12,2024-01-22 21:24:55,2024-01-22 22:04:55,maya.patel,Integration Team,Acme Corp,Chat,false,7.6
SUP-2002416,Account Management - CityCouncil,Account Management,Low,Closed,2024-01-23 13:02:08,2024-01-25 10:23:52,2024-01-25 11:04:52,laura.smith,Account Team,CityCouncil,Portal,false,6.8
SUP-2002417,Technical Support - RetailCo,Technical Support,Medium,Closed,2024-01-26 09:28:10,2024-01-28 05:32:45,2024-01-28 06:27:45,alex.chen,Technical Team,RetailCo,Chat,false,7.2
SUP-2002418,Technical Support - Global Finance,Technical Support,Medium,Closed,2024-01-16 10:03:15,2024-01-20 11:11:22,2024-01-20 11:36:22,ryan.kim,Technical Team,Global Finance,Chat,true,
SUP-2002419,Technical Support - Global Finance,Technical Support,Medium,Closed,2024-01-24 11:51:43,2024-01-25 17:33:35,2024-01-25 18:10:35,laura.smith,Technical Team,Global Finance,Portal,false,
SUP-2002420,Technical Support - Acme Corp,Technical Support,Critical,Closed,2024-01-18 09:03:52,2024-01-18 13:57:44,2024-01-18 14:44:44,laura.smith,Technical Team,Acme Corp,Chat,true,7.0
SUP-2002421,Billing Issue - UniServices,Billing Issue,Medium,Closed,2024-01-24 09:20:54,2024-01-24 17:27:00,2024-01-24 18:17:00,laura.smith,Finance Support,UniServices,Chat,false,8.1
SUP-2002422,Billing Issue - Acme Corp,Billing Issue,High,Closed,2024-01-04 09:00:22,2024-01-04 13:30:22,2024-01-04 13:41:22,thomas.berg,Finance Support,Acme Corp,Chat,false,7.4
SUP-2002423,Integration Problem - StartupXYZ,Integration Problem,Low,Closed,2024-01-26 11:12:29,2024-02-03 16:40:17,2024-02-03 16:45:17,ryan.kim,Integration Team,StartupXYZ,Phone,false,
SUP-2002424,Integration Problem - Acme Corp,Integration Problem,Critical,Closed,2024-01-03 11:57:22,2024-01-03 15:48:26,2024-01-03 16:13:26,sofia.moreau,Integration Team,Acme Corp,Portal,false,6.3
SUP-2002425,Feature Request - Global Finance,Feature Request,High,Closed,2024-01-12 12:40:05,2024-01-14 08:57:03,2024-01-14 09:51:03,ryan.kim,Product Team,Global Finance,Portal,true,
SUP-2002426,Technical Support - Global Finance,Technical Support,Medium,Escalated,2024-01-23 13:59:39,2024-01-24 08:32:47,,ryan.kim,Technical Team,Global Finance,Email,false,
SUP-2002427,Technical Support - Global Finance,Technical Support,Low,Closed,2024-01-06 08:28:59,2024-01-09 17:14:04,2024-01-09 17:30:04,laura.smith,Technical Team,Global Finance,Email,false,6.0
SUP-2002428,Feature Request - TechStart Inc,Feature Request,Medium,Closed,2024-01-08 14:41:46,2024-01-09 23:34:40,2024-01-10 00:17:40,laura.smith,Product Team,TechStart Inc,Email,false,
SUP-2002429,Performance Issue - MedGroup,Performance Issue,Low,Closed,2024-01-24 08:33:56,2024-01-27 10:32:21,2024-01-27 10:45:21,sofia.moreau,Engineering,MedGroup,Phone,false,6.1
SUP-2002430,Data Export/Import - CityCouncil,Data Export/Import,Medium,Reopened,2024-01-23 10:13:17,2024-01-25 08:11:32,,sofia.moreau,Technical Team,CityCouncil,Phone,false,
SUP-2002431,Feature Request - CityCouncil,Feature Request,Medium,Closed,2024-01-03 12:19:51,2024-01-07 20:45:25,2024-01-07 21:31:25,carlos.silva,Product Team,CityCouncil,Portal,true,6.1
SUP-2002432,Account Management - Acme Corp,Account Management,High,Reopened,2024-01-22 09:30:05,2024-01-23 05:21:47,,maya.patel,Account Team,Acme Corp,Phone,false,
SUP-2002433,Integration Problem - UniServices,Integration Problem,Medium,Closed,2024-01-22 13:23:09,2024-01-23 14:06:06,2024-01-23 14:20:06,laura.smith,Integration Team,UniServices,Email,false,6.2
SUP-2002434,Feature Request - MedGroup,Feature Request,Low,Reopened,2024-01-02 14:57:14,2024-01-16 21:51:45,,ryan.kim,Product Team,MedGroup,Chat,false,
SUP-2002435,Performance Issue - TechStart Inc,Performance Issue,Medium,Closed,2024-01-15 01:05:16,2024-01-21 01:52:03,2024-01-21 02:52:03,ryan.kim,Engineering,TechStart Inc,Phone,true,
SUP-2002436,Integration Problem - RetailCo,Integration Problem,Critical,Closed,2024-01-01 15:28:13,2024-01-01 17:42:55,2024-01-01 18:13:55,laura.smith,Integration Team,RetailCo,Chat,false,6.9
SUP-2002437,Technical Support - Global Finance,Technical Support,Medium,Closed,2024-01-17 15:38:09,2024-01-20 19:34:20,2024-01-20 19:48:20,laura.smith,Technical Team,Global Finance,Portal,false,
SUP-2002438,Billing Issue - StartupXYZ,Billing Issue,High,Closed,2024-01-10 08:53:29,2024-01-10 11:16:53,2024-01-10 11:21:53,laura.smith,Finance Support,StartupXYZ,Chat,false,6.5
SUP-2002439,Feature Request - TechStart Inc,Feature Request,Low,Closed,2024-01-26 19:28:10,2024-02-13 00:50:48,2024-02-13 01:46:48,sofia.moreau,Product Team,TechStart Inc,Chat,true,5.5
SUP-2002440,Performance Issue - Acme Corp,Performance Issue,Low,Closed,2024-01-22 09:38:09,2024-01-30 12:45:19,2024-01-30 13:28:19,laura.smith,Engineering,Acme Corp,Email,false,6.2
SUP-2002441,Billing Issue - RetailCo,Billing Issue,Low,Closed,2024-01-17 14:04:11,2024-01-23 05:14:59,2024-01-23 05:55:59,thomas.berg,Finance Support,RetailCo,Email,false,
SUP-2002442,Billing Issue - Acme Corp,Billing Issue,Low,Reopened,2024-01-11 18:54:34,2024-01-24 21:17:20,,jennifer.wu,Finance Support,Acme Corp,Email,false,
SUP-2002443,Feature Request - RetailCo,Feature Request,Low,Closed,2024-01-09 22:37:06,2024-01-14 06:06:53,2024-01-14 06:11:53,jennifer.wu,Product Team,RetailCo,Portal,false,5.9
SUP-2002444,Feature Request - Global Finance,Feature Request,High,Reopened,2024-01-12 10:33:58,2024-01-13 14:05:29,,thomas.berg,Product Team,Global Finance,Phone,false,
SUP-2002445,Billing Issue - StartupXYZ,Billing Issue,Critical,Closed,2024-01-26 13:07:06,2024-01-26 13:46:10,2024-01-26 14:18:10,sofia.moreau,Finance Support,StartupXYZ,Chat,false,
SUP-2002446,Billing Issue - Global Finance,Billing Issue,Medium,Closed,2024-01-25 11:56:44,2024-01-26 00:17:42,2024-01-26 00:58:42,jennifer.wu,Finance Support,Global Finance,Email,false,7.3
SUP-2002447,Billing Issue - Acme Corp,Billing Issue,Medium,Closed,2024-01-26 15:11:44,2024-01-28 02:15:32,2024-01-28 03:11:32,maya.patel,Finance Support,Acme Corp,Portal,false,8.6
SUP-2002448,Billing Issue - CityCouncil,Billing Issue,Medium,Closed,2024-01-13 11:22:16,2024-01-15 18:08:53,2024-01-15 18:24:53,laura.smith,Finance Support,CityCouncil,Portal,false,8.1
SUP-2002449,Feature Request - Global Finance,Feature Request,Medium,Reopened,2024-01-15 15:56:14,2024-01-19 01:28:03,,laura.smith,Product Team,Global Finance,Email,false,
SUP-2002450,Account Management - TechStart Inc,Account Management,Medium,Closed,2024-01-26 12:25:43,2024-01-30 06:30:47,2024-01-30 06:54:47,jennifer.wu,Account Team,TechStart Inc,Portal,false,7.3
SUP-2002451,Account Management - Acme Corp,Account Management,Low,Closed,2024-01-26 10:20:42,2024-02-19 21:18:08,2024-02-19 22:16:08,carlos.silva,Account Team,Acme Corp,Email,true,6.0
SUP-2002452,Integration Problem - TechStart Inc,Integration Problem,Low,Closed,2024-01-26 11:56:36,2024-01-30 23:06:36,2024-01-30 23:23:36,sofia.moreau,Integration Team,TechStart Inc,Phone,false,6.8
SUP-2002453,Account Management - StartupXYZ,Account Management,Low,Escalated,2024-01-24 10:33:21,2024-01-27 03:59:38,,jennifer.wu,Account Team,StartupXYZ,Phone,false,
SUP-2002454,Integration Problem - Acme Corp,Integration Problem,Low,Closed,2024-01-24 11:35:53,2024-02-22 14:01:17,2024-02-22 14:50:17,thomas.berg,Integration Team,Acme Corp,Phone,true,3.6
SUP-2002455,Account Management - TechStart Inc,Account Management,Medium,Closed,2024-01-22 13:29:41,2024-01-24 02:15:04,2024-01-24 02:24:04,sofia.moreau,Account Team,TechStart Inc,Phone,false,6.7
SUP-2002456,Technical Support - Individual,Technical Support,Critical,Closed,2024-01-08 16:56:53,2024-01-08 18:43:25,2024-01-08 19:09:25,jennifer.wu,Technical Team,Individual,Phone,false,8.1
SUP-2002457,Performance Issue - Individual,Performance Issue,Medium,Closed,2024-01-22 10:10:21,2024-01-24 00:51:04,2024-01-24 01:01:04,carlos.silva,Engineering,Individual,Portal,false,
SUP-2002458,Technical Support - RetailCo,Technical Support,Low,Closed,2024-01-27 08:03:49,2024-01-30 16:25:32,2024-01-30 16:51:32,alex.chen,Technical Team,RetailCo,Email,false,6.8
SUP-2002459,Data Export/Import - StartupXYZ,Data Export/Import,Medium,Reopened,2024-01-19 13:50:12,2024-01-20 23:25:42,,sofia.moreau,Technical Team,StartupXYZ,Phone,false,
SUP-2002460,Billing Issue - StartupXYZ,Billing Issue,Low,Closed,2024-01-13 13:06:48,2024-01-14 15:05:44,2024-01-14 15:37:44,ryan.kim,Finance Support,StartupXYZ,Phone,false,7.1
SUP-2002461,Billing Issue - StartupXYZ,Billing Issue,Medium,Closed,2024-01-17 16:16:01,2024-01-18 02:58:10,2024-01-18 03:25:10,sofia.moreau,Finance Support,StartupXYZ,Phone,false,7.0
SUP-2002462,Technical Support - RetailCo,Technical Support,Low,Closed,2024-01-20 14:25:51,2024-01-21 19:24:50,2024-01-21 20:21:50,maya.patel,Technical Team,RetailCo,Chat,false,
SUP-2002463,Technical Support - RetailCo,Technical Support,High,Closed,2024-01-20 08:10:49,2024-01-20 17:54:20,2024-01-20 18:14:20,ryan.kim,Technical Team,RetailCo,Email,false,6.0
SUP-2002464,Billing Issue - Acme Corp,Billing Issue,Low,Closed,2024-01-02 08:38:54,2024-02-03 20:23:43,2024-02-03 20:36:43,laura.smith,Finance Support,Acme Corp,Portal,true,5.9
SUP-2002465,Feature Request - Global Finance,Feature Request,Medium,Closed,2024-01-26 12:34:10,2024-01-30 02:18:05,2024-01-30 03:14:05,laura.smith,Product Team,Global Finance,Portal,false,
SUP-2002466,Performance Issue - TechStart Inc,Performance Issue,Critical,Closed,2024-01-02 11:49:20,2024-01-02 14:47:58,2024-01-02 15:09:58,jennifer.wu,Engineering,TechStart Inc,Portal,false,6.9
SUP-2002467,Billing Issue - Acme Corp,Billing Issue,Low,Closed,2024-01-01 15:33:09,2024-01-03 03:25:33,2024-01-03 04:11:33,alex.chen,Finance Support,Acme Corp,Portal,false,7.6
SUP-2002468,Feature Request - RetailCo,Feature Request,High,Closed,2024-01-24 13:27:00,2024-01-25 02:20:44,2024-01-25 02:30:44,sofia.moreau,Product Team,RetailCo,Phone,false,6.6
SUP-2002469,Account Management - StartupXYZ,Account Management,Low,Closed,2024-01-11 08:28:06,2024-01-15 08:58:32,2024-01-15 09:23:32,alex.chen,Account Team,StartupXYZ,Chat,false,7.9
SUP-2002470,Account Management - MedGroup,Account Management,Low,Closed,2024-01-08 15:36:22,2024-01-12 14:00:00,2024-01-12 14:44:00,alex.chen,Account Team,MedGroup,Phone,false,6.5
SUP-2002471,Billing Issue - RetailCo,Billing Issue,Medium,Closed,2024-01-04 09:27:27,2024-01-05 02:16:58,2024-01-05 02:41:58,maya.patel,Finance Support,RetailCo,Chat,false,7.4
SUP-2002472,Integration Problem - TechStart Inc,Integration Problem,Medium,Closed,2024-01-12 12:05:32,2024-01-15 18:43:37,2024-01-15 19:18:37,sofia.moreau,Integration Team,TechStart Inc,Portal,false,7.2
SUP-2002473,Account Management - RetailCo,Account Management,Medium,Closed,2024-01-11 16:11:22,2024-01-11 22:39:25,2024-01-11 22:48:25,maya.patel,Account Team,RetailCo,Email,false,8.2
SUP-2002474,Billing Issue - Individual,Billing Issue,Low,Closed,2024-01-19 09:29:25,2024-01-19 23:56:09,2024-01-20 00:31:09,laura.smith,Finance Support,Individual,Phone,false,7.7
SUP-2002475,Technical Support - RetailCo,Technical Support,High,Closed,2024-01-23 10:44:57,2024-01-23 18:39:28,2024-01-23 19:17:28,maya.patel,Technical Team,RetailCo,Chat,false,5.8
SUP-2002476,Integration Problem - Individual,Integration Problem,Critical,Closed,2024-01-12 13:18:52,2024-01-12 16:18:32,2024-01-12 16:25:32,sofia.moreau,Integration Team,Individual,Email,false,7.7
SUP-2002477,Data Export/Import - Individual,Data Export/Import,Low,Closed,2024-01-24 17:17:51,2024-01-29 04:38:20,2024-01-29 05:29:20,thomas.berg,Technical Team,Individual,Email,false,7.5
SUP-2002478,Feature Request - CityCouncil,Feature Request,Medium,Closed,2024-01-12 08:25:31,2024-01-13 04:30:20,2024-01-13 04:58:20,ryan.kim,Product Team,CityCouncil,Portal,false,5.0
SUP-2002479,Technical Support - CityCouncil,Technical Support,Medium,Closed,2024-01-08 22:24:09,2024-01-14 00:14:58,2024-01-14 00:26:58,thomas.berg,Technical Team,CityCouncil,Phone,true,5.6
SUP-2002480,Integration Problem - Global Finance,Integration Problem,Medium,Escalated,2024-01-11 20:05:54,2024-01-13 04:16:51,,ryan.kim,Integration Team,Global Finance,Phone,false,
SUP-2002481,Technical Support - StartupXYZ,Technical Support,Low,Closed,2024-01-08 11:18:09,2024-01-10 06:20:41,2024-01-10 06:46:41,laura.smith,Technical Team,StartupXYZ,Chat,false,8.6
SUP-2002482,Feature Request - Global Finance,Feature Request,Medium,Escalated,2024-01-10 13:57:40,2024-01-16 10:43:56,,alex.chen,Product Team,Global Finance,Email,false,
SUP-2002483,Technical Support - TechStart Inc,Technical Support,Medium,Reopened,2024-01-09 06:07:25,2024-01-11 09:27:39,,ryan.kim,Technical Team,TechStart Inc,Chat,false,
SUP-2002484,Technical Support - Global Finance,Technical Support,Medium,Closed,2024-01-10 10:31:58,2024-01-13 10:57:35,2024-01-13 11:30:35,jennifer.wu,Technical Team,Global Finance,Portal,false,
SUP-2002485,Billing Issue - Global Finance,Billing Issue,High,Closed,2024-01-03 14:27:06,2024-01-03 21:47:23,2024-01-03 22:31:23,sofia.moreau,Finance Support,Global Finance,Chat,false,
SUP-2002486,Feature Request - TechStart Inc,Feature Request,High,Closed,2024-01-02 14:36:51,2024-01-03 04:22:20,2024-01-03 05:20:20,alex.chen,Product Team,TechStart Inc,Phone,false,6.1
SUP-2002487,Technical Support - MedGroup,Technical Support,Medium,Closed,2024-01-11 08:52:00,2024-01-11 14:26:56,2024-01-11 14:35:56,carlos.silva,Technical Team,MedGroup,Email,false,5.7
SUP-2002488,Billing Issue - StartupXYZ,Billing Issue,High,Escalated,2024-01-23 15:14:28,2024-01-23 18:04:12,,laura.smith,Finance Support,StartupXYZ,Chat,false,
SUP-2002489,Billing Issue - MedGroup,Billing Issue,Medium,Closed,2024-01-11 14:54:38,2024-01-12 20:01:17,2024-01-12 20:58:17,maya.patel,Finance Support,MedGroup,Phone,false,7.3
SUP-2002490,Account Management - TechStart Inc,Account Management,Medium,Closed,2024-01-08 10:23:18,2024-01-08 21:47:37,2024-01-08 22:00:37,sofia.moreau,Account Team,TechStart Inc,Phone,false,
SUP-2002491,Technical Support - Acme Corp,Technical Support,Low,Closed,2024-01-11 10:30:44,2024-01-13 21:28:43,2024-01-13 21:57:43,sofia.moreau,Technical Team,Acme Corp,Chat,false,6.5
SUP-2002492,Technical Support - TechStart Inc,Technical Support,Medium,Closed,2024-01-26 11:47:10,2024-01-26 20:24:57,2024-01-26 20:54:57,maya.patel,Technical Team,TechStart Inc,Chat,false,7.9
SUP-2002493,Feature Request - MedGroup,Feature Request,Low,Escalated,2024-01-01 01:15:40,2024-02-03 22:07:38,,thomas.berg,Product Team,MedGroup,Portal,false,
SUP-2002494,Performance Issue - Acme Corp,Performance Issue,Medium,Reopened,2024-01-01 09:51:11,2024-01-07 18:56:14,,thomas.berg,Engineering,Acme Corp,Portal,false,
SUP-2002495,Technical Support - CityCouncil,Technical Support,Medium,Closed,2024-01-09 05:18:38,2024-01-10 12:11:54,2024-01-10 12:23:54,alex.chen,Technical Team,CityCouncil,Chat,false,7.1
SUP-2002496,Technical Support - RetailCo,Technical Support,High,Closed,2024-01-12 09:49:49,2024-01-13 00:03:46,2024-01-13 00:42:46,alex.chen,Technical Team,RetailCo,Chat,false,8.4
SUP-2002497,Technical Support - Global Finance,Technical Support,Critical,Closed,2024-01-22 14:20:11,2024-01-22 15:32:46,2024-01-22 15:51:46,alex.chen,Technical Team,Global Finance,Email,false,6.7
SUP-2002498,Technical Support - Acme Corp,Technical Support,High,Escalated,2024-01-04 09:11:36,2024-01-05 07:07:20,,thomas.berg,Technical Team,Acme Corp,Phone,false,
SUP-2002499,Performance Issue - RetailCo,Performance Issue,Medium,Reopened,2024-01-10 10:31:16,2024-01-11 04:03:37,,jennifer.wu,Engineering,RetailCo,Phone,false,
SUP-2002500,Performance Issue - Acme Corp,Performance Issue,Medium,Closed,2024-01-04 14:56:58,2024-01-05 18:58:25,2024-01-05 19:37:25,jennifer.wu,Engineering,Acme Corp,Portal,false,5.2
SUP-2002501,Account Management - Acme Corp,Account Management,High,Reopened,2024-01-04 16:22:49,2024-01-05 04:21:58,,thomas.berg,Account Team,Acme Corp,Email,false,
SUP-2002502,Billing Issue - StartupXYZ,Billing Issue,High,Closed,2024-01-03 12:32:37,2024-01-03 19:20:16,2024-01-03 19:26:16,laura.smith,Finance Support,StartupXYZ,Chat,false,8.0
SUP-2002503,Technical Support - Global Finance,Technical Support,Medium,Closed,2024-01-01 15:04:03,2024-01-02 17:49:58,2024-01-02 18:26:58,alex.chen,Technical Team,Global Finance,Chat,false,6.4
SUP-2002504,Performance Issue - MedGroup,Performance Issue,Medium,Closed,2024-01-11 13:11:01,2024-01-13 14:50:30,2024-01-13 15:00:30,alex.chen,Engineering,MedGroup,Email,false,6.9
SUP-2002505,Integration Problem - StartupXYZ,Integration Problem,High,Closed,2024-01-22 11:08:12,2024-01-23 12:58:02,2024-01-23 13:44:02,sofia.moreau,Integration Team,StartupXYZ,Chat,true,6.3
SUP-2002506,Billing Issue - Individual,Billing Issue,High,Closed,2024-01-06 11:51:55,2024-01-06 13:27:37,2024-01-06 14:02:37,alex.chen,Finance Support,Individual,Chat,false,
SUP-2002507,Integration Problem - UniServices,Integration Problem,Critical,Closed,2024-01-06 16:56:13,2024-01-07 00:09:38,2024-01-07 00:17:38,sofia.moreau,Integration Team,UniServices,Portal,true,7.2
SUP-2002508,Feature Request - MedGroup,Feature Request,Low,Closed,2024-01-05 13:04:22,2024-01-13 14:49:28,2024-01-13 15:40:28,maya.patel,Product Team,MedGroup,Email,false,5.6
SUP-2002509,Performance Issue - Acme Corp,Performance Issue,Medium,Reopened,2024-01-16 16:11:27,2024-01-20 08:12:06,,carlos.silva,Engineering,Acme Corp,Phone,false,
SUP-2002510,Billing Issue - Acme Corp,Billing Issue,High,Closed,2024-01-11 09:50:49,2024-01-11 19:22:01,2024-01-11 20:12:01,maya.patel,Finance Support,Acme Corp,Email,false,7.5
SUP-2002511,Billing Issue - RetailCo,Billing Issue,High,Closed,2024-01-15 14:48:54,2024-01-16 06:06:37,2024-01-16 06:52:37,jennifer.wu,Finance Support,RetailCo,Email,false,7.4
SUP-2002512,Integration Problem - UniServices,Integration Problem,Medium,Closed,2024-01-22 21:07:48,2024-01-25 14:04:14,2024-01-25 14:32:14,alex.chen,Integration Team,UniServices,Portal,false,7.6
SUP-2002513,Billing Issue - TechStart Inc,Billing Issue,High,Closed,2024-01-26 10:42:24,2024-01-26 16:55:35,2024-01-26 17:06:35,carlos.silva,Finance Support,TechStart Inc,Chat,false,
SUP-2002514,Technical Support - TechStart Inc,Technical Support,Medium,Closed,2024-01-11 16:02:25,2024-01-13 01:45:08,2024-01-13 02:19:08,sofia.moreau,Technical Team,TechStart Inc,Email,false,
SUP-2002515,Billing Issue - Global Finance,Billing Issue,Medium,Closed,2024-01-16 10:23:03,2024-01-17 03:42:38,2024-01-17 04:00:38,maya.patel,Finance Support,Global Finance,Email,false,7.5
SUP-2002516,Data Export/Import - UniServices,Data Export/Import,High,Closed,2024-01-01 08:48:36,2024-01-01 12:39:21,2024-01-01 13:10:21,jennifer.wu,Technical Team,UniServices,Email,false,6.6
SUP-2002517,Integration Problem - TechStart Inc,Integration Problem,Low,Escalated,2024-01-23 09:44:42,2024-01-26 23:18:37,,carlos.silva,Integration Team,TechStart Inc,Phone,false,
SUP-2002518,Billing Issue - TechStart Inc,Billing Issue,Low,Closed,2024-01-09 10:15:03,2024-01-23 04:48:21,2024-01-23 05:03:21,thomas.berg,Finance Support,TechStart Inc,Portal,true,4.9
SUP-2002519,Data Export/Import - StartupXYZ,Data Export/Import,Medium,Closed,2024-01-05 10:43:33,2024-01-06 19:12:43,2024-01-06 19:25:43,sofia.moreau,Technical Team,StartupXYZ,Chat,false,6.9
SUP-2002520,Technical Support - MedGroup,Technical Support,Critical,Escalated,2024-01-05 18:29:46,2024-01-05 22:01:56,,laura.smith,Technical Team,MedGroup,Portal,false,
SUP-2002521,Feature Request - Global Finance,Feature Request,Medium,Closed,2024-01-02 14:46:31,2024-01-05 20:51:21,2024-01-05 21:27:21,carlos.silva,Product Team,Global Finance,Email,false,
SUP-2002522,Performance Issue - Acme Corp,Performance Issue,Low,Closed,2024-01-10 13:02:31,2024-01-12 01:04:59,2024-01-12 02:02:59,alex.chen,Engineering,Acme Corp,Phone,false,7.5
SUP-2002523,Data Export/Import - RetailCo,Data Export/Import,Medium,Closed,2024-01-28 14:57:45,2024-01-28 22:43:11,2024-01-28 22:56:11,maya.patel,Technical Team,RetailCo,Phone,false,7.9
SUP-2002524,Integration Problem - Individual,Integration Problem,Low,Closed,2024-01-11 09:10:06,2024-02-10 20:55:44,2024-02-10 21:16:44,carlos.silva,Integration Team,Individual,Phone,true,6.9
SUP-2002525,Technical Support - StartupXYZ,Technical Support,Medium,Closed,2024-01-03 10:20:21,2024-01-05 00:03:56,2024-01-05 00:52:56,laura.smith,Technical Team,StartupXYZ,Chat,false,8.6
SUP-2002526,Integration Problem - UniServices,Integration Problem,Low,Closed,2024-01-01 11:58:21,2024-01-05 19:42:50,2024-01-05 20:28:50,maya.patel,Integration Team,UniServices,Email,false,5.8
SUP-2002527,Billing Issue - TechStart Inc,Billing Issue,Medium,Closed,2024-01-06 09:29:05,2024-01-07 04:16:35,2024-01-07 04:23:35,jennifer.wu,Finance Support,TechStart Inc,Chat,false,7.2
SUP-2002528,Billing Issue - Acme Corp,Billing Issue,Medium,Closed,2024-01-17 11:04:04,2024-01-18 08:19:47,2024-01-18 09:17:47,jennifer.wu,Finance Support,Acme Corp,Phone,false,6.6
SUP-2002529,Billing Issue - CityCouncil,Billing Issue,Medium,Closed,2024-01-08 15:18:18,2024-01-10 02:04:08,2024-01-10 02:30:08,maya.patel,Finance Support,CityCouncil,Phone,false,7.0
SUP-2002530,Account Management - Global Finance,Account Management,Medium,Escalated,2024-01-25 14:04:32,2024-01-26 02:18:35,,laura.smith,Account Team,Global Finance,Chat,false,
SUP-2002531,Performance Issue - Global Finance,Performance Issue,High,Closed,2024-01-02 00:19:54,2024-01-02 16:44:45,2024-01-02 17:16:45,carlos.silva,Engineering,Global Finance,Phone,false,5.9
SUP-2002532,Integration Problem - Individual,Integration Problem,Medium,Closed,2024-01-26 11:24:32,2024-01-29 06:20:50,2024-01-29 07:00:50,alex.chen,Integration Team,Individual,Portal,false,7.6
SUP-2002533,Performance Issue - TechStart Inc,Performance Issue,Medium,Closed,2024-01-16 22:04:20,2024-01-19 19:01:33,2024-01-19 19:43:33,sofia.moreau,Engineering,TechStart Inc,Email,false,
SUP-2002534,Performance Issue - Global Finance,Performance Issue,Low,Escalated,2024-01-01 12:09:58,2024-01-22 06:54:29,,thomas.berg,Engineering,Global Finance,Phone,false,
SUP-2002535,Data Export/Import - RetailCo,Data Export/Import,Medium,Closed,2024-01-17 19:03:16,2024-01-19 12:53:09,2024-01-19 13:15:09,jennifer.wu,Technical Team,RetailCo,Chat,false,6.4
SUP-2002536,Technical Support - StartupXYZ,Technical Support,Medium,Closed,2024-01-12 03:33:46,2024-01-12 14:02:08,2024-01-12 15:02:08,maya.patel,Technical Team,StartupXYZ,Chat,false,5.9
SUP-2002537,Feature Request - Acme Corp,Feature Request,Medium,Escalated,2024-01-11 12:39:38,2024-01-16 17:06:27,,jennifer.wu,Product Team,Acme Corp,Chat,false,
SUP-2002538,Integration Problem - Acme Corp,Integration Problem,High,Closed,2024-01-16 09:41:29,2024-01-16 22:44:37,2024-01-16 23:43:37,maya.patel,Integration Team,Acme Corp,Email,false,6.0
SUP-2002539,Integration Problem - UniServices,Integration Problem,Medium,Escalated,2024-01-15 14:53:49,2024-01-17 05:03:19,,laura.smith,Integration Team,UniServices,Portal,false,
SUP-2002540,Technical Support - TechStart Inc,Technical Support,Low,Reopened,2024-01-17 11:00:06,2024-01-19 21:57:25,,carlos.silva,Technical Team,TechStart Inc,Portal,false,
SUP-2002541,Billing Issue - Individual,Billing Issue,Medium,Closed,2024-01-01 08:38:14,2024-01-01 13:05:50,2024-01-01 13:44:50,alex.chen,Finance Support,Individual,Chat,false,7.2
SUP-2002542,Feature Request - RetailCo,Feature Request,Low,Closed,2024-01-06 10:41:49,2024-01-13 07:27:26,2024-01-13 07:53:26,ryan.kim,Product Team,RetailCo,Phone,false,5.6
SUP-2002543,Feature Request - Global Finance,Feature Request,High,Reopened,2024-01-08 08:34:02,2024-01-08 21:41:20,,jennifer.wu,Product Team,Global Finance,Chat,false,
SUP-2002544,Billing Issue - MedGroup,Billing Issue,Low,Closed,2024-01-05 08:48:54,2024-01-08 20:52:46,2024-01-08 21:14:46,carlos.silva,Finance Support,MedGroup,Phone,false,6.7
SUP-2002545,Performance Issue - CityCouncil,Performance Issue,Medium,Closed,2024-01-24 09:53:48,2024-01-26 22:44:17,2024-01-26 23:14:17,laura.smith,Engineering,CityCouncil,Email,false,6.4
SUP-2002546,Account Management - Acme Corp,Account Management,Medium,Closed,2024-01-22 09:21:17,2024-01-22 20:41:31,2024-01-22 21:35:31,laura.smith,Account Team,Acme Corp,Portal,false,
SUP-2002547,Performance Issue - Global Finance,Performance Issue,Medium,Closed,2024-01-10 10:45:46,2024-01-11 12:34:24,2024-01-11 13:07:24,carlos.silva,Engineering,Global Finance,Email,false,5.1
SUP-2002548,Account Management - TechStart Inc,Account Management,Medium,Closed,2024-01-23 16:55:58,2024-01-24 04:11:47,2024-01-24 05:04:47,maya.patel,Account Team,TechStart Inc,Portal,false,7.4
SUP-2002549,Billing Issue - MedGroup,Billing Issue,Medium,Closed,2024-01-09 16:27:54,2024-01-10 08:41:38,2024-01-10 08:48:38,jennifer.wu,Finance Support,MedGroup,Portal,false,6.5
SUP-2002550,Performance Issue - Individual,Performance Issue,Medium,Escalated,2024-01-22 11:03:15,2024-01-23 00:21:26,,alex.chen,Engineering,Individual,Email,false,
SUP-2002551,Integration Problem - UniServices,Integration Problem,Low,Closed,2024-01-10 12:18:27,2024-01-15 16:59:09,2024-01-15 17:08:09,jennifer.wu,Integration Team,UniServices,Email,false,6.5
SUP-2002552,Billing Issue - Global Finance,Billing Issue,Medium,Closed,2024-01-25 22:31:57,2024-01-26 19:19:09,2024-01-26 19:37:09,maya.patel,Finance Support,Global Finance,Portal,false,
SUP-2002553,Billing Issue - Global Finance,Billing Issue,Medium,Reopened,2024-01-06 05:05:00,2024-01-06 13:14:21,,sofia.moreau,Finance Support,Global Finance,Portal,false,
SUP-2002554,Performance Issue - CityCouncil,Performance Issue,Medium,Closed,2024-01-03 11:14:43,2024-01-07 04:54:01,2024-01-07 05:44:01,thomas.berg,Engineering,CityCouncil,Email,false,5.0
SUP-2002555,Data Export/Import - TechStart Inc,Data Export/Import,High,Closed,2024-01-01 18:11:10,2024-01-02 04:38:53,2024-01-02 04:54:53,jennifer.wu,Technical Team,TechStart Inc,Email,false,7.6
SUP-2002556,Billing Issue - Acme Corp,Billing Issue,High,Closed,2024-01-10 12:42:17,2024-01-10 20:14:47,2024-01-10 20:21:47,ryan.kim,Finance Support,Acme Corp,Email,false,
SUP-2002557,Billing Issue - Global Finance,Billing Issue,High,Closed,2024-01-02 13:07:08,2024-01-03 02:39:01,2024-01-03 03:07:01,carlos.silva,Finance Support,Global Finance,Portal,false,6.7
SUP-2002558,Technical Support - Individual,Technical Support,Medium,Closed,2024-01-02 09:17:40,2024-01-03 06:21:21,2024-01-03 06:48:21,laura.smith,Technical Team,Individual,Portal,false,7.6
SUP-2002559,Technical Support - Global Finance,Technical Support,High,Closed,2024-01-24 09:33:10,2024-01-24 22:08:02,2024-01-24 22:52:02,thomas.berg,Technical Team,Global Finance,Email,false,5.1
SUP-2002560,Technical Support - RetailCo,Technical Support,Medium,Closed,2024-01-03 08:12:03,2024-01-03 18:57:27,2024-01-03 19:36:27,jennifer.wu,Technical Team,RetailCo,Portal,false,7.6
SUP-2002561,Integration Problem - TechStart Inc,Integration Problem,Medium,Closed,2024-01-03 09:00:46,2024-01-05 08:33:14,2024-01-05 08:52:14,alex.chen,Integration Team,TechStart Inc,Phone,false,6.6
SUP-2002562,Data Export/Import - Acme Corp,Data Export/Import,High,Closed,2024-01-15 16:04:38,2024-01-16 02:51:58,2024-01-16 02:58:58,alex.chen,Technical Team,Acme Corp,Email,false,
SUP-2002563,Performance Issue - UniServices,Performance Issue,Medium,Closed,2024-01-18 10:40:04,2024-01-20 02:57:57,2024-01-20 03:09:57,thomas.berg,Engineering,UniServices,Email,false,5.2
SUP-2002564,Data Export/Import - Global Finance,Data Export/Import,Medium,Closed,2024-01-22 14:06:30,2024-01-23 20:19:51,2024-01-23 20:35:51,maya.patel,Technical Team,Global Finance,Phone,false,5.9
SUP-2002565,Billing Issue - UniServices,Billing Issue,High,Closed,2024-01-23 13:56:22,2024-01-23 17:03:12,2024-01-23 17:25:12,laura.smith,Finance Support,UniServices,Email,false,
SUP-2002566,Technical Support - Acme Corp,Technical Support,Medium,Closed,2024-01-02 12:01:37,2024-01-03 13:28:43,2024-01-03 13:34:43,maya.patel,Technical Team,Acme Corp,Chat,false,
SUP-2002567,Account Management - TechStart Inc,Account Management,High,Closed,2024-01-26 13:07:19,2024-01-26 19:06:46,2024-01-26 19:49:46,maya.patel,Account Team,TechStart Inc,Portal,false,8.8
SUP-2002568,Account Management - MedGroup,Account Management,Medium,Closed,2024-01-25 14:06:28,2024-01-26 09:20:36,2024-01-26 10:07:36,alex.chen,Account Team,MedGroup,Phone,false,
SUP-2002569,Billing Issue - TechStart Inc,Billing Issue,High,Closed,2024-01-02 12:45:47,2024-01-02 19:08:08,2024-01-02 19:23:08,thomas.berg,Finance Support,TechStart Inc,Email,false,
SUP-2002570,Account Management - MedGroup,Account Management,High,Closed,2024-01-01 11:58:30,2024-01-01 20:50:42,2024-01-01 21:09:42,jennifer.wu,Account Team,MedGroup,Phone,false,7.8
SUP-2002571,Account Management - CityCouncil,Account Management,Medium,Closed,2024-01-08 09:04:45,2024-01-08 23:27:12,2024-01-09 00:23:12,jennifer.wu,Account Team,CityCouncil,Chat,false,7.0
SUP-2002572,Billing Issue - Acme Corp,Billing Issue,Medium,Closed,2024-01-24 15:31:59,2024-01-25 11:37:13,2024-01-25 12:07:13,laura.smith,Finance Support,Acme Corp,Phone,false,6.8
SUP-2002573,Technical Support - TechStart Inc,Technical Support,High,Closed,2024-01-18 01:20:23,2024-01-18 09:50:20,2024-01-18 10:24:20,alex.chen,Technical Team,TechStart Inc,Chat,false,7.1
SUP-2002574,Data Export/Import - Acme Corp,Data Export/Import,Medium,Closed,2024-01-01 11:56:54,2024-01-03 05:48:30,2024-01-03 06:29:30,thomas.berg,Technical Team,Acme Corp,Portal,false,5.3
SUP-2002575,Technical Support - RetailCo,Technical Support,Medium,Closed,2024-01-17 18:09:20,2024-01-20 08:57:40,2024-01-20 09:54:40,jennifer.wu,Technical Team,RetailCo,Portal,false,7.1
SUP-2002576,Billing Issue - TechStart Inc,Billing Issue,High,Closed,2024-01-25 09:57:42,2024-01-25 15:41:07,2024-01-25 16:20:07,maya.patel,Finance Support,TechStart Inc,Chat,false,
SUP-2002577,Data Export/Import - UniServices,Data Export/Import,Low,Closed,2024-01-16 08:05:26,2024-01-19 15:11:29,2024-01-19 15:30:29,maya.patel,Technical Team,UniServices,Phone,false,
SUP-2002578,Performance Issue - Individual,Performance Issue,Medium,Closed,2024-01-22 10:48:57,2024-01-22 19:04:01,2024-01-22 19:33:01,ryan.kim,Engineering,Individual,Email,false,6.3
SUP-2002579,Account Management - MedGroup,Account Management,Medium,Closed,2024-01-22 12:03:58,2024-01-24 06:07:35,2024-01-24 06:41:35,laura.smith,Account Team,MedGroup,Phone,false,
SUP-2002580,Account Management - UniServices,Account Management,Critical,Closed,2024-01-01 12:23:20,2024-01-01 13:46:21,2024-01-01 14:23:21,sofia.moreau,Account Team,UniServices,Phone,false,8.3
SUP-2002581,Integration Problem - Individual,Integration Problem,High,Closed,2024-01-06 04:00:54,2024-01-06 07:11:48,2024-01-06 07:44:48,sofia.moreau,Integration Team,Individual,Email,false,
SUP-2002582,Feature Request - TechStart Inc,Feature Request,High,Closed,2024-01-19 09:47:22,2024-01-19 15:45:01,2024-01-19 15:52:01,laura.smith,Product Team,TechStart Inc,Phone,false,6.5
SUP-2002583,Technical Support - Individual,Technical Support,High,Escalated,2024-01-18 11:22:12,2024-01-18 16:43:22,,ryan.kim,Technical Team,Individual,Portal,false,
SUP-2002584,Data Export/Import - MedGroup,Data Export/Import,Medium,Closed,2024-01-11 16:10:31,2024-01-12 15:46:24,2024-01-12 16:39:24,jennifer.wu,Technical Team,MedGroup,Chat,false,6.7
SUP-2002585,Billing Issue - Acme Corp,Billing Issue,Low,Closed,2024-01-24 04:40:34,2024-01-26 18:09:20,2024-01-26 18:47:20,jennifer.wu,Finance Support,Acme Corp,Phone,false,7.5
SUP-2002586,Technical Support - TechStart Inc,Technical Support,High,Closed,2024-01-27 09:33:48,2024-01-27 20:34:56,2024-01-27 21:20:56,alex.chen,Technical Team,TechStart Inc,Email,false,6.9
SUP-2002587,Billing Issue - StartupXYZ,Billing Issue,Medium,Closed,2024-01-18 10:19:46,2024-01-18 14:37:04,2024-01-18 15:28:04,laura.smith,Finance Support,StartupXYZ,Phone,false,8.5
SUP-2002588,Integration Problem - UniServices,Integration Problem,Medium,Closed,2024-01-06 03:39:53,2024-01-08 05:09:13,2024-01-08 05:42:13,jennifer.wu,Integration Team,UniServices,Portal,false,6.5
SUP-2002589,Billing Issue - RetailCo,Billing Issue,Medium,Closed,2024-01-24 13:19:34,2024-01-24 19:10:14,2024-01-24 19:40:14,alex.chen,Finance Support,RetailCo,Email,false,
SUP-2002590,Technical Support - TechStart Inc,Technical Support,High,Closed,2024-01-11 10:17:51,2024-01-11 14:31:45,2024-01-11 15:29:45,alex.chen,Technical Team,TechStart Inc,Phone,false,7.8
SUP-2002591,Billing Issue - MedGroup,Billing Issue,Medium,Closed,2024-01-20 13:02:10,2024-01-25 03:44:21,2024-01-25 03:55:21,jennifer.wu,Finance Support,MedGroup,Portal,true,6.8
SUP-2002592,Integration Problem - TechStart Inc,Integration Problem,Low,Closed,2024-01-08 10:14:52,2024-01-20 11:25:42,2024-01-20 12:25:42,maya.patel,Integration Team,TechStart Inc,Email,true,7.1
SUP-2002593,Account Management - UniServices,Account Management,Medium,Closed,2024-01-27 11:44:55,2024-01-29 14:32:33,2024-01-29 14:47:33,thomas.berg,Account Team,UniServices,Email,false,
SUP-2002594,Integration Problem - Acme Corp,Integration Problem,Low,Escalated,2024-01-05 14:13:37,2024-01-22 14:55:46,,ryan.kim,Integration Team,Acme Corp,Portal,false,
SUP-2002595,Feature Request - TechStart Inc,Feature Request,Medium,Closed,2024-01-03 08:22:39,2024-01-06 02:20:47,2024-01-06 02:58:47,carlos.silva,Product Team,TechStart Inc,Phone,false,4.3
SUP-2002596,Technical Support - Individual,Technical Support,High,Escalated,2024-01-01 16:43:37,2024-01-01 21:03:10,,laura.smith,Technical Team,Individual,Email,false,
SUP-2002597,Technical Support - TechStart Inc,Technical Support,Medium,Closed,2024-01-24 14:42:21,2024-01-25 05:03:42,2024-01-25 05:19:42,maya.patel,Technical Team,TechStart Inc,Phone,false,
SUP-2002598,Feature Request - Individual,Feature Request,High,Closed,2024-01-25 17:03:57,2024-01-25 23:59:37,2024-01-26 00:51:37,sofia.moreau,Product Team,Individual,Email,false,7.5
SUP-2002599,Performance Issue - Individual,Performance Issue,Medium,Closed,2024-01-12 18:39:46,2024-01-13 01:54:40,2024-01-13 02:34:40,laura.smith,Engineering,Individual,Portal,false,6.5
SUP-2002600,Account Management - CityCouncil,Account Management,Medium,Reopened,2024-01-22 11:55:45,2024-01-23 22:38:16,,jennifer.wu,Account Team,CityCouncil,Chat,false,
SUP-2002601,Integration Problem - MedGroup,Integration Problem,Medium,Closed,2024-01-09 09:31:23,2024-01-10 22:22:00,2024-01-10 22:44:00,alex.chen,Integration Team,MedGroup,Phone,false,7.4
SUP-2002602,Billing Issue - StartupXYZ,Billing Issue,Medium,Closed,2024-01-24 17:24:10,2024-01-27 09:06:09,2024-01-27 09:25:09,ryan.kim,Finance Support,StartupXYZ,Portal,false,6.1
SUP-2002603,Billing Issue - TechStart Inc,Billing Issue,Medium,Closed,2024-01-15 10:38:37,2024-01-16 01:07:47,2024-01-16 01:35:47,laura.smith,Finance Support,TechStart Inc,Email,false,8.8
SUP-2002604,Data Export/Import - Acme Corp,Data Export/Import,High,Reopened,2024-01-24 00:18:55,2024-01-24 11:01:13,,laura.smith,Technical Team,Acme Corp,Email,false,
SUP-2002605,Account Management - Individual,Account Management,Medium,Closed,2024-01-10 21:26:09,2024-01-11 21:53:20,2024-01-11 22:27:20,ryan.kim,Account Team,Individual,Portal,false,8.6
SUP-2002606,Integration Problem - Acme Corp,Integration Problem,Low,Escalated,2024-01-12 09:19:48,2024-01-24 23:57:11,,maya.patel,Integration Team,Acme Corp,Phone,false,
SUP-2002607,Performance Issue - Acme Corp,Performance Issue,High,Closed,2024-01-01 18:08:37,2024-01-02 01:30:46,2024-01-02 02:05:46,alex.chen,Engineering,Acme Corp,Email,false,
SUP-2002608,Integration Problem - MedGroup,Integration Problem,Medium,Closed,2024-01-04 08:36:20,2024-01-07 04:06:59,2024-01-07 04:34:59,jennifer.wu,Integration Team,MedGroup,Email,false,
SUP-2002609,Technical Support - Global Finance,Technical Support,High,Escalated,2024-01-08 14:04:51,2024-01-08 22:35:16,,sofia.moreau,Technical Team,Global Finance,Email,false,
SUP-2002610,Technical Support - Acme Corp,Technical Support,Medium,Closed,2024-01-08 12:40:42,2024-01-10 07:21:25,2024-01-10 08:17:25,laura.smith,Technical Team,Acme Corp,Phone,false,5.9
SUP-2002611,Performance Issue - Acme Corp,Performance Issue,Medium,Closed,2024-01-11 16:09:41,2024-01-13 02:28:18,2024-01-13 02:45:18,carlos.silva,Engineering,Acme Corp,Portal,false,5.3
SUP-2002612,Technical Support - RetailCo,Technical Support,High,Closed,2024-01-01 11:40:11,2024-01-01 19:26:24,2024-01-01 19:52:24,laura.smith,Technical Team,RetailCo,Portal,false,7.8
SUP-2002613,Integration Problem - UniServices,Integration Problem,Medium,Reopened,2024-01-02 14:17:59,2024-01-04 14:27:21,,sofia.moreau,Integration Team,UniServices,Phone,false,
SUP-2002614,Billing Issue - TechStart Inc,Billing Issue,Medium,Closed,2024-01-19 06:38:56,2024-01-19 20:20:18,2024-01-19 20:53:18,jennifer.wu,Finance Support,TechStart Inc,Email,false,7.6
SUP-2002615,Technical Support - TechStart Inc,Technical Support,Medium,Closed,2024-01-08 15:41:11,2024-01-10 03:20:09,2024-01-10 04:19:09,sofia.moreau,Technical Team,TechStart Inc,Email,false,7.0
SUP-2002616,Feature Request - UniServices,Feature Request,High,Closed,2024-01-18 09:01:40,2024-01-19 22:48:15,2024-01-19 22:53:15,thomas.berg,Product Team,UniServices,Email,true,2.7
SUP-2002617,Billing Issue - CityCouncil,Billing Issue,High,Closed,2024-01-08 03:55:38,2024-01-08 12:52:28,2024-01-08 13:25:28,carlos.silva,Finance Support,CityCouncil,Portal,false,7.6
SUP-2002618,Technical Support - Global Finance,Technical Support,Medium,Escalated,2024-01-17 08:48:08,2024-01-20 18:21:47,,alex.chen,Technical Team,Global Finance,Chat,false,
SUP-2002619,Technical Support - UniServices,Technical Support,Medium,Closed,2024-01-01 09:29:09,2024-01-02 16:03:05,2024-01-02 16:38:05,alex.chen,Technical Team,UniServices,Chat,false,7.0
SUP-2002620,Billing Issue - TechStart Inc,Billing Issue,Medium,Closed,2024-01-11 11:51:35,2024-01-12 04:24:52,2024-01-12 05:11:52,carlos.silva,Finance Support,TechStart Inc,Phone,false,8.2
SUP-2002621,Account Management - RetailCo,Account Management,Low,Escalated,2024-01-05 09:43:24,2024-01-09 22:21:58,,ryan.kim,Account Team,RetailCo,Chat,false,
SUP-2002622,Technical Support - RetailCo,Technical Support,Low,Closed,2024-01-28 14:21:33,2024-02-25 15:51:55,2024-02-25 16:39:55,thomas.berg,Technical Team,RetailCo,Chat,true,6.1
SUP-2002623,Technical Support - Individual,Technical Support,Low,Closed,2024-01-27 13:33:28,2024-01-29 14:02:09,2024-01-29 14:42:09,sofia.moreau,Technical Team,Individual,Email,false,7.9
SUP-2002624,Account Management - CityCouncil,Account Management,Medium,Escalated,2024-01-10 22:36:58,2024-01-11 20:21:14,,jennifer.wu,Account Team,CityCouncil,Chat,false,
SUP-2002625,Feature Request - Individual,Feature Request,High,Closed,2024-01-19 12:25:10,2024-01-20 19:41:12,2024-01-20 20:28:12,carlos.silva,Product Team,Individual,Portal,true,6.6
SUP-2002626,Integration Problem - MedGroup,Integration Problem,High,Closed,2024-01-27 23:37:18,2024-01-28 10:40:58,2024-01-28 11:37:58,alex.chen,Integration Team,MedGroup,Phone,false,7.1
SUP-2002627,Feature Request - TechStart Inc,Feature Request,Medium,Closed,2024-01-11 23:52:40,2024-01-17 12:56:42,2024-01-17 13:51:42,thomas.berg,Product Team,TechStart Inc,Chat,true,4.5
SUP-2002628,Integration Problem - Individual,Integration Problem,High,Closed,2024-01-06 12:56:16,2024-01-06 16:23:22,2024-01-06 16:55:22,carlos.silva,Integration Team,Individual,Chat,false,
SUP-2002629,Billing Issue - Individual,Billing Issue,High,Closed,2024-01-03 15:55:21,2024-01-03 22:50:48,2024-01-03 23:43:48,sofia.moreau,Finance Support,Individual,Portal,false,6.6
SUP-2002630,Performance Issue - MedGroup,Performance Issue,High,Closed,2024-01-16 08:40:01,2024-01-17 03:19:07,2024-01-17 03:41:07,jennifer.wu,Engineering,MedGroup,Portal,false,6.8
SUP-2002631,Technical Support - RetailCo,Technical Support,Low,Closed,2024-01-16 09:43:28,2024-01-28 12:04:01,2024-01-28 12:55:01,alex.chen,Technical Team,RetailCo,Email,true,7.1
SUP-2002632,Billing Issue - Individual,Billing Issue,Critical,Reopened,2024-01-08 15:04:23,2024-01-08 17:01:56,,thomas.berg,Finance Support,Individual,Portal,false,
SUP-2002633,Feature Request - TechStart Inc,Feature Request,Low,Reopened,2024-01-15 11:27:04,2024-01-19 20:18:36,,jennifer.wu,Product Team,TechStart Inc,Portal,false,
SUP-2002634,Billing Issue - UniServices,Billing Issue,Low,Closed,2024-01-17 11:10:03,2024-01-19 03:36:54,2024-01-19 03:53:54,thomas.berg,Finance Support,UniServices,Phone,false,6.3
SUP-2002635,Billing Issue - Global Finance,Billing Issue,Low,Closed,2024-01-27 11:46:29,2024-01-28 19:23:02,2024-01-28 20:07:02,ryan.kim,Finance Support,Global Finance,Email,false,7.0
SUP-2002636,Billing Issue - TechStart Inc,Billing Issue,Medium,Closed,2024-01-03 08:57:16,2024-01-03 23:13:04,2024-01-03 23:18:04,sofia.moreau,Finance Support,TechStart Inc,Portal,false,6.3
SUP-2002637,Integration Problem - TechStart Inc,Integration Problem,High,Closed,2024-01-16 10:33:56,2024-01-17 08:02:15,2024-01-17 08:30:15,laura.smith,Integration Team,TechStart Inc,Portal,false,
SUP-2002638,Technical Support - Acme Corp,Technical Support,Low,Closed,2024-01-06 12:02:52,2024-01-11 03:30:20,2024-01-11 03:35:20,jennifer.wu,Technical Team,Acme Corp,Phone,false,
SUP-2002639,Billing Issue - UniServices,Billing Issue,High,Reopened,2024-01-04 08:35:26,2024-01-04 10:52:35,,carlos.silva,Finance Support,UniServices,Phone,false,
SUP-2002640,Billing Issue - TechStart Inc,Billing Issue,High,Closed,2024-01-10 11:59:15,2024-01-10 14:18:38,2024-01-10 14:31:38,laura.smith,Finance Support,TechStart Inc,Chat,false,
SUP-2002641,Billing Issue - TechStart Inc,Billing Issue,High,Closed,2024-01-08 11:23:13,2024-01-08 23:32:01,2024-01-08 23:49:01,laura.smith,Finance Support,TechStart Inc,Chat,false,7.5
SUP-2002642,Billing Issue - MedGroup,Billing Issue,Medium,Closed,2024-01-09 11:09:40,2024-01-09 18:35:38,2024-01-09 19:29:38,laura.smith,Finance Support,MedGroup,Phone,false,6.3
SUP-2002643,Data Export/Import - Global Finance,Data Export/Import,Medium,Closed,2024-01-12 00:53:02,2024-01-12 14:27:41,2024-01-12 15:06:41,alex.chen,Technical Team,Global Finance,Chat,false,
SUP-2002644,Technical Support - MedGroup,Technical Support,Low,Closed,2024-01-26 16:54:55,2024-01-28 21:50:14,2024-01-28 22:25:14,sofia.moreau,Technical Team,MedGroup,Email,false,
SUP-2002645,Performance Issue - TechStart Inc,Performance Issue,Medium,Closed,2024-01-15 15:48:47,2024-01-17 00:33:54,2024-01-17 01:05:54,alex.chen,Engineering,TechStart Inc,Phone,false,7.7
SUP-2002646,Technical Support - Individual,Technical Support,High,Closed,2024-01-11 14:14:01,2024-01-12 12:17:15,2024-01-12 12:22:15,thomas.berg,Technical Team,Individual,Chat,false,
SUP-2002647,Feature Request - TechStart Inc,Feature Request,Medium,Escalated,2024-01-25 11:57:06,2024-01-27 16:28:01,,alex.chen,Product Team,TechStart Inc,Phone,false,
SUP-2002648,Billing Issue - RetailCo,Billing Issue,Medium,Closed,2024-01-22 13:40:06,2024-01-24 10:17:48,2024-01-24 11:01:48,jennifer.wu,Finance Support,RetailCo,Phone,false,
SUP-2002649,Billing Issue - TechStart Inc,Billing Issue,Low,Closed,2024-01-15 11:00:13,2024-01-20 09:50:59,2024-01-20 10:06:59,ryan.kim,Finance Support,TechStart Inc,Chat,false,6.3
SUP-2002650,Feature Request - StartupXYZ,Feature Request,Low,Closed,2024-01-24 16:32:23,2024-01-27 06:50:42,2024-01-27 07:36:42,laura.smith,Product Team,StartupXYZ,Phone,false,
SUP-2002651,Billing Issue - Global Finance,Billing Issue,High,Closed,2024-01-25 10:41:23,2024-01-25 16:57:40,2024-01-25 17:48:40,maya.patel,Finance Support,Global Finance,Portal,false,7.2
SUP-2002652,Feature Request - TechStart Inc,Feature Request,Medium,Escalated,2024-01-19 02:44:16,2024-01-22 05:23:45,,thomas.berg,Product Team,TechStart Inc,Chat,false,
SUP-2002653,Technical Support - Global Finance,Technical Support,Critical,Closed,2024-01-08 08:19:07,2024-01-08 11:59:51,2024-01-08 12:32:51,carlos.silva,Technical Team,Global Finance,Chat,false,
SUP-2002654,Account Management - TechStart Inc,Account Management,Low,Closed,2024-01-22 08:35:32,2024-01-25 13:15:45,2024-01-25 13:20:45,ryan.kim,Account Team,TechStart Inc,Email,false,4.8
SUP-2002655,Account Management - TechStart Inc,Account Management,Critical,Reopened,2024-01-16 15:01:17,2024-01-16 19:21:50,,thomas.berg,Account Team,TechStart Inc,Email,false,
SUP-2002656,Billing Issue - CityCouncil,Billing Issue,Medium,Closed,2024-01-22 16:36:45,2024-01-23 15:21:49,2024-01-23 15:28:49,maya.patel,Finance Support,CityCouncil,Phone,false,
SUP-2002657,Account Management - Acme Corp,Account Management,High,Reopened,2024-01-05 01:13:44,2024-01-05 17:12:07,,carlos.silva,Account Team,Acme Corp,Phone,false,
SUP-2002658,Billing Issue - Acme Corp,Billing Issue,Critical,Reopened,2024-01-16 09:42:33,2024-01-16 11:53:25,,carlos.silva,Finance Support,Acme Corp,Chat,false,
SUP-2002659,Account Management - UniServices,Account Management,Low,Escalated,2024-01-22 19:43:11,2024-01-24 07:37:11,,carlos.silva,Account Team,UniServices,Portal,false,
SUP-2002660,Technical Support - Global Finance,Technical Support,Critical,Closed,2024-01-05 10:41:51,2024-01-05 13:52:47,2024-01-05 14:35:47,laura.smith,Technical Team,Global Finance,Portal,false,6.7
SUP-2002661,Billing Issue - TechStart Inc,Billing Issue,Low,Closed,2024-01-15 11:41:47,2024-01-16 12:50:09,2024-01-16 13:10:09,ryan.kim,Finance Support,TechStart Inc,Chat,false,6.9
SUP-2002662,Feature Request - MedGroup,Feature Request,Medium,Closed,2024-01-12 14:15:05,2024-01-14 08:22:37,2024-01-14 08:59:37,laura.smith,Product Team,MedGroup,Phone,false,5.4
SUP-2002663,Billing Issue - Acme Corp,Billing Issue,Medium,Escalated,2024-01-24 12:45:23,2024-01-25 00:30:49,,ryan.kim,Finance Support,Acme Corp,Email,false,
SUP-2002664,Technical Support - Global Finance,Technical Support,Low,Closed,2024-01-07 11:00:59,2024-01-08 03:17:23,2024-01-08 03:26:23,maya.patel,Technical Team,Global Finance,Email,false,
SUP-2002665,Data Export/Import - MedGroup,Data Export/Import,Medium,Closed,2024-01-01 08:22:32,2024-01-02 15:17:03,2024-01-02 15:30:03,alex.chen,Technical Team,MedGroup,Portal,false,6.6
SUP-2002666,Feature Request - Acme Corp,Feature Request,Critical,Reopened,2024-01-17 06:33:57,2024-01-17 07:48:44,,sofia.moreau,Product Team,Acme Corp,Chat,false,
SUP-2002667,Feature Request - StartupXYZ,Feature Request,High,Closed,2024-01-09 12:35:31,2024-01-11 06:19:17,2024-01-11 07:12:17,ryan.kim,Product Team,StartupXYZ,Chat,true,5.6
SUP-2002668,Billing Issue - Acme Corp,Billing Issue,Critical,Escalated,2024-01-12 23:36:50,2024-01-13 00:43:57,,ryan.kim,Finance Support,Acme Corp,Chat,false,
SUP-2002669,Account Management - Global Finance,Account Management,High,Closed,2024-01-08 13:12:00,2024-01-09 08:50:04,2024-01-09 09:14:04,laura.smith,Account Team,Global Finance,Portal,false,
SUP-2002670,Feature Request - CityCouncil,Feature Request,Medium,Closed,2024-01-15 12:55:49,2024-01-16 01:24:49,2024-01-16 01:37:49,jennifer.wu,Product Team,CityCouncil,Portal,false,6.5
SUP-2002671,Feature Request - Acme Corp,Feature Request,Low,Escalated,2024-01-19 12:17:58,2024-01-28 15:07:09,,carlos.silva,Product Team,Acme Corp,Email,false,
SUP-2002672,Feature Request - Global Finance,Feature Request,Medium,Closed,2024-01-17 08:54:29,2024-01-18 23:59:32,2024-01-19 00:44:32,maya.patel,Product Team,Global Finance,Chat,false,6.2
SUP-2002673,Account Management - MedGroup,Account Management,High,Closed,2024-01-20 13:17:36,2024-01-20 17:58:18,2024-01-20 18:05:18,alex.chen,Account Team,MedGroup,Phone,false,6.1
SUP-2002674,Data Export/Import - MedGroup,Data Export/Import,Medium,Closed,2024-01-23 12:44:23,2024-01-24 06:41:11,2024-01-24 07:09:11,carlos.silva,Technical Team,MedGroup,Chat,false,5.5
SUP-2002675,Integration Problem - Global Finance,Integration Problem,Critical,Closed,2024-01-09 13:04:24,2024-01-09 15:15:08,2024-01-09 16:01:08,alex.chen,Integration Team,Global Finance,Chat,false,
SUP-2002676,Performance Issue - StartupXYZ,Performance Issue,High,Closed,2024-01-24 16:32:33,2024-01-24 20:59:28,2024-01-24 21:18:28,thomas.berg,Engineering,StartupXYZ,Phone,false,5.2
SUP-2002677,Billing Issue - RetailCo,Billing Issue,Medium,Closed,2024-01-18 12:44:10,2024-01-19 09:01:58,2024-01-19 09:31:58,laura.smith,Finance Support,RetailCo,Phone,false,6.8
SUP-2002678,Feature Request - TechStart Inc,Feature Request,High,Closed,2024-01-24 11:20:16,2024-01-25 02:52:17,2024-01-25 03:47:17,sofia.moreau,Product Team,TechStart Inc,Chat,false,6.3
SUP-2002679,Feature Request - UniServices,Feature Request,High,Closed,2024-01-04 08:36:28,2024-01-05 09:12:58,2024-01-05 09:51:58,sofia.moreau,Product Team,UniServices,Email,true,
SUP-2002680,Account Management - StartupXYZ,Account Management,Medium,Closed,2024-01-13 10:26:21,2024-01-14 01:40:37,2024-01-14 01:50:37,carlos.silva,Account Team,StartupXYZ,Phone,false,
SUP-2002681,Integration Problem - TechStart Inc,Integration Problem,Medium,Closed,2024-01-09 10:57:28,2024-01-15 06:01:42,2024-01-15 06:35:42,laura.smith,Integration Team,TechStart Inc,Email,true,8.2
SUP-2002682,Performance Issue - TechStart Inc,Performance Issue,High,Escalated,2024-01-16 13:03:41,2024-01-17 09:04:28,,laura.smith,Engineering,TechStart Inc,Chat,false,
SUP-2002683,Feature Request - Acme Corp,Feature Request,Low,Closed,2024-01-26 15:06:45,2024-02-08 20:19:34,2024-02-08 20:48:34,ryan.kim,Product Team,Acme Corp,Portal,true,3.3
SUP-2002684,Data Export/Import - UniServices,Data Export/Import,High,Closed,2024-01-04 12:01:34,2024-01-04 15:40:25,2024-01-04 15:54:25,maya.patel,Technical Team,UniServices,Email,false,8.0
SUP-2002685,Billing Issue - RetailCo,Billing Issue,Medium,Closed,2024-01-19 14:13:52,2024-01-20 17:28:52,2024-01-20 17:51:52,jennifer.wu,Finance Support,RetailCo,Chat,false,7.3
SUP-2002686,Performance Issue - Acme Corp,Performance Issue,Critical,Closed,2024-01-23 08:59:42,2024-01-23 12:27:42,2024-01-23 13:11:42,alex.chen,Engineering,Acme Corp,Portal,false,
SUP-2002687,Account Management - Global Finance,Account Management,High,Closed,2024-01-11 13:02:41,2024-01-11 23:29:12,2024-01-12 00:27:12,laura.smith,Account Team,Global Finance,Email,false,6.4
SUP-2002688,Performance Issue - RetailCo,Performance Issue,Medium,Closed,2024-01-09 06:55:06,2024-01-09 23:45:32,2024-01-10 00:38:32,carlos.silva,Engineering,RetailCo,Portal,false,6.2
SUP-2002689,Billing Issue - UniServices,Billing Issue,Low,Escalated,2024-01-17 16:00:44,2024-01-23 06:42:59,,thomas.berg,Finance Support,UniServices,Chat,false,
SUP-2002690,Billing Issue - StartupXYZ,Billing Issue,Low,Closed,2024-01-15 15:51:04,2024-01-18 02:09:13,2024-01-18 02:38:13,ryan.kim,Finance Support,StartupXYZ,Email,false,
SUP-2002691,Billing Issue - CityCouncil,Billing Issue,Medium,Closed,2024-01-09 14:33:23,2024-01-10 07:10:59,2024-01-10 07:17:59,jennifer.wu,Finance Support,CityCouncil,Portal,false,7.6
SUP-2002692,Billing Issue - TechStart Inc,Billing Issue,Low,Escalated,2024-01-18 16:08:47,2024-01-23 23:20:22,,carlos.silva,Finance Support,TechStart Inc,Chat,false,
SUP-2002693,Billing Issue - Global Finance,Billing Issue,Medium,Reopened,2024-01-09 15:50:23,2024-01-10 11:42:10,,carlos.silva,Finance Support,Global Finance,Portal,false,
SUP-2002694,Billing Issue - Acme Corp,Billing Issue,Low,Escalated,2024-01-08 08:05:37,2024-01-11 19:24:28,,sofia.moreau,Finance Support,Acme Corp,Email,false,
SUP-2002695,Performance Issue - MedGroup,Performance Issue,Critical,Closed,2024-01-05 00:36:50,2024-01-05 04:45:26,2024-01-05 05:16:26,carlos.silva,Engineering,MedGroup,Email,true,5.3
SUP-2002696,Technical Support - RetailCo,Technical Support,High,Closed,2024-01-09 09:11:52,2024-01-09 19:02:59,2024-01-09 19:28:59,laura.smith,Technical Team,RetailCo,Portal,false,7.1
SUP-2002697,Performance Issue - Global Finance,Performance Issue,Critical,Closed,2024-01-05 16:27:48,2024-01-05 18:57:16,2024-01-05 19:48:16,jennifer.wu,Engineering,Global Finance,Email,false,6.7
SUP-2002698,Billing Issue - StartupXYZ,Billing Issue,Medium,Closed,2024-01-17 10:49:15,2024-01-17 15:49:23,2024-01-17 16:26:23,jennifer.wu,Finance Support,StartupXYZ,Phone,false,7.0
SUP-2002699,Account Management - MedGroup,Account Management,Medium,Closed,2024-01-09 15:59:00,2024-01-10 07:22:30,2024-01-10 07:32:30,maya.patel,Account Team,MedGroup,Email,false,6.0
SUP-2002700,Performance Issue - TechStart Inc,Performance Issue,Medium,Reopened,2024-01-24 09:40:05,2024-01-26 07:38:43,,laura.smith,Engineering,TechStart Inc,Portal,false,
SUP-2002701,Technical Support - RetailCo,Technical Support,High,Closed,2024-01-20 11:44:47,2024-01-20 22:32:14,2024-01-20 23:21:14,alex.chen,Technical Team,RetailCo,Chat,false,7.5
SUP-2002702,Billing Issue - TechStart Inc,Billing Issue,Low,Closed,2024-01-12 03:26:36,2024-01-14 04:50:57,2024-01-14 05:24:57,laura.smith,Finance Support,TechStart Inc,Phone,false,7.3
SUP-2002703,Technical Support - Acme Corp,Technical Support,Medium,Closed,2024-01-12 01:24:18,2024-01-13 15:51:58,2024-01-13 16:33:58,laura.smith,Technical Team,Acme Corp,Portal,false,
SUP-2002704,Account Management - MedGroup,Account Management,Medium,Closed,2024-01-25 17:21:26,2024-02-02 16:29:25,2024-02-02 17:15:25,ryan.kim,Account Team,MedGroup,Portal,true,6.0
SUP-2002705,Account Management - CityCouncil,Account Management,Medium,Closed,2024-01-15 15:02:00,2024-01-16 23:31:11,2024-01-17 00:30:11,carlos.silva,Account Team,CityCouncil,Chat,false,
SUP-2002706,Technical Support - RetailCo,Technical Support,Medium,Escalated,2024-01-03 12:36:40,2024-01-08 19:31:27,,carlos.silva,Technical Team,RetailCo,Portal,false,
SUP-2002707,Performance Issue - Acme Corp,Performance Issue,Medium,Reopened,2024-01-19 12:45:08,2024-01-21 09:54:29,,carlos.silva,Engineering,Acme Corp,Phone,false,
SUP-2002708,Feature Request - MedGroup,Feature Request,High,Closed,2024-01-18 09:29:33,2024-01-18 22:07:32,2024-01-18 23:01:32,laura.smith,Product Team,MedGroup,Portal,false,5.8
SUP-2002709,Account Management - RetailCo,Account Management,Critical,Closed,2024-01-18 06:40:52,2024-01-18 10:51:06,2024-01-18 10:57:06,laura.smith,Account Team,RetailCo,Chat,true,7.4
SUP-2002710,Integration Problem - RetailCo,Integration Problem,Medium,Closed,2024-01-25 11:49:26,2024-01-28 10:07:20,2024-01-28 10:50:20,laura.smith,Integration Team,RetailCo,Chat,false,6.6
SUP-2002711,Technical Support - Global Finance,Technical Support,Low,Closed,2024-01-24 13:57:54,2024-01-29 21:12:14,2024-01-29 21:32:14,ryan.kim,Technical Team,Global Finance,Phone,false,5.8
SUP-2002712,Integration Problem - Global Finance,Integration Problem,Medium,Closed,2024-01-26 09:31:46,2024-01-27 15:08:53,2024-01-27 15:17:53,carlos.silva,Integration Team,Global Finance,Chat,false,
SUP-2002713,Data Export/Import - Global Finance,Data Export/Import,Low,Closed,2024-01-18 10:07:18,2024-01-19 09:25:17,2024-01-19 09:32:17,alex.chen,Technical Team,Global Finance,Phone,false,
SUP-2002714,Feature Request - RetailCo,Feature Request,Critical,Reopened,2024-01-03 09:17:13,2024-01-03 12:11:32,,carlos.silva,Product Team,RetailCo,Email,false,
SUP-2002715,Data Export/Import - Global Finance,Data Export/Import,Low,Closed,2024-01-23 14:54:16,2024-01-27 18:08:07,2024-01-27 18:16:07,thomas.berg,Technical Team,Global Finance,Email,false,5.2
SUP-2002716,Feature Request - UniServices,Feature Request,Medium,Closed,2024-01-10 15:59:11,2024-01-12 01:19:39,2024-01-12 01:47:39,thomas.berg,Product Team,UniServices,Chat,false,3.5
SUP-2002717,Feature Request - Acme Corp,Feature Request,Medium,Closed,2024-01-01 15:25:08,2024-01-04 12:23:40,2024-01-04 13:14:40,alex.chen,Product Team,Acme Corp,Portal,false,
SUP-2002718,Billing Issue - Individual,Billing Issue,High,Closed,2024-01-01 13:47:11,2024-01-01 19:36:02,2024-01-01 20:02:02,ryan.kim,Finance Support,Individual,Portal,false,8.0
SUP-2002719,Billing Issue - MedGroup,Billing Issue,Low,Closed,2024-01-10 18:59:52,2024-01-27 18:37:44,2024-01-27 18:48:44,thomas.berg,Finance Support,MedGroup,Portal,true,5.0
SUP-2002720,Billing Issue - MedGroup,Billing Issue,High,Escalated,2024-01-17 23:41:59,2024-01-18 08:55:35,,jennifer.wu,Finance Support,MedGroup,Email,false,
SUP-2002721,Technical Support - CityCouncil,Technical Support,Medium,Closed,2024-01-09 09:43:27,2024-01-10 21:14:50,2024-01-10 22:12:50,jennifer.wu,Technical Team,CityCouncil,Email,false,6.9
SUP-2002722,Performance Issue - UniServices,Performance Issue,High,Closed,2024-01-02 08:16:12,2024-01-02 23:10:24,2024-01-02 23:36:24,carlos.silva,Engineering,UniServices,Email,false,
SUP-2002723,Feature Request - StartupXYZ,Feature Request,Medium,Closed,2024-01-18 08:25:24,2024-01-19 08:23:57,2024-01-19 08:49:57,carlos.silva,Product Team,StartupXYZ,Phone,false,5.2
SUP-2002724,Technical Support - MedGroup,Technical Support,Medium,Reopened,2024-01-12 09:46:58,2024-01-19 18:50:46,,thomas.berg,Technical Team,MedGroup,Chat,false,
SUP-2002725,Billing Issue - Global Finance,Billing Issue,High,Closed,2024-01-12 16:33:59,2024-01-12 21:14:48,2024-01-12 21:22:48,jennifer.wu,Finance Support,Global Finance,Portal,false,6.9
SUP-2002726,Account Management - StartupXYZ,Account Management,Medium,Escalated,2024-01-16 23:01:32,2024-01-17 14:12:21,,thomas.berg,Account Team,StartupXYZ,Phone,false,
SUP-2002727,Performance Issue - MedGroup,Performance Issue,Low,Reopened,2024-01-11 09:30:31,2024-01-23 21:50:43,,carlos.silva,Engineering,MedGroup,Email,false,
SUP-2002728,Feature Request - Global Finance,Feature Request,High,Closed,2024-01-05 12:30:38,2024-01-05 20:00:30,2024-01-05 20:55:30,maya.patel,Product Team,Global Finance,Email,false,7.0
SUP-2002729,Integration Problem - MedGroup,Integration Problem,Medium,Closed,2024-01-19 08:29:54,2024-01-22 15:41:18,2024-01-22 16:20:18,jennifer.wu,Integration Team,MedGroup,Portal,false,
SUP-2002730,Technical Support - Acme Corp,Technical Support,Low,Closed,2024-01-15 11:55:26,2024-01-22 16:49:56,2024-01-22 17:03:56,ryan.kim,Technical Team,Acme Corp,Email,false,5.9
SUP-2002731,Performance Issue - UniServices,Performance Issue,Medium,Closed,2024-01-22 11:34:34,2024-01-23 03:21:31,2024-01-23 03:50:31,sofia.moreau,Engineering,UniServices,Phone,false,6.7
SUP-2002732,Billing Issue - UniServices,Billing Issue,High,Closed,2024-01-06 09:46:21,2024-01-06 14:59:10,2024-01-06 15:07:10,jennifer.wu,Finance Support,UniServices,Email,false,6.4
SUP-2002733,Account Management - StartupXYZ,Account Management,Low,Closed,2024-01-11 14:59:53,2024-01-13 04:40:59,2024-01-13 05:23:59,maya.patel,Account Team,StartupXYZ,Phone,false,7.0
SUP-2002734,Billing Issue - Acme Corp,Billing Issue,Medium,Closed,2024-01-02 16:10:05,2024-01-03 02:15:42,2024-01-03 02:45:42,laura.smith,Finance Support,Acme Corp,Email,false,7.5
SUP-2002735,Feature Request - TechStart Inc,Feature Request,Low,Closed,2024-01-11 11:14:17,2024-01-25 19:38:43,2024-01-25 20:36:43,jennifer.wu,Product Team,TechStart Inc,Email,true,5.1
SUP-2002736,Technical Support - TechStart Inc,Technical Support,Critical,Reopened,2024-01-18 11:22:52,2024-01-18 15:11:17,,thomas.berg,Technical Team,TechStart Inc,Portal,false,
SUP-2002737,Feature Request - TechStart Inc,Feature Request,Critical,Closed,2024-01-25 15:57:12,2024-01-25 18:41:42,2024-01-25 18:59:42,alex.chen,Product Team,TechStart Inc,Chat,false,7.2
SUP-2002738,Technical Support - Individual,Technical Support,Low,Closed,2024-01-24 15:52:55,2024-01-27 00:32:42,2024-01-27 01:15:42,laura.smith,Technical Team,Individual,Chat,false,
SUP-2002739,Performance Issue - Acme Corp,Performance Issue,Medium,Closed,2024-01-18 11:42:55,2024-01-20 07:16:23,2024-01-20 07:34:23,sofia.moreau,Engineering,Acme Corp,Email,false,5.6
SUP-2002740,Technical Support - TechStart Inc,Technical Support,Medium,Closed,2024-01-19 16:03:54,2024-01-21 09:28:58,2024-01-21 09:58:58,jennifer.wu,Technical Team,TechStart Inc,Chat,false,7.1
SUP-2002741,Integration Problem - MedGroup,Integration Problem,Low,Closed,2024-01-12 04:35:37,2024-01-24 10:32:57,2024-01-24 11:14:57,carlos.silva,Integration Team,MedGroup,Phone,true,4.4
SUP-2002742,Billing Issue - UniServices,Billing Issue,Low,Closed,2024-01-18 14:01:51,2024-01-23 22:14:42,2024-01-23 22:20:42,jennifer.wu,Finance Support,UniServices,Portal,false,
SUP-2002743,Technical Support - CityCouncil,Technical Support,Low,Closed,2024-01-04 12:59:23,2024-01-08 00:49:47,2024-01-08 01:24:47,laura.smith,Technical Team,CityCouncil,Email,false,7.6
SUP-2002744,Billing Issue - RetailCo,Billing Issue,High,Closed,2024-01-26 13:01:15,2024-01-26 17:02:05,2024-01-26 18:01:05,maya.patel,Finance Support,RetailCo,Chat,false,
SUP-2002745,Feature Request - Global Finance,Feature Request,Medium,Closed,2024-01-04 13:32:23,2024-01-07 19:34:06,2024-01-07 19:52:06,maya.patel,Product Team,Global Finance,Phone,false,
SUP-2002746,Billing Issue - MedGroup,Billing Issue,Medium,Closed,2024-01-18 04:55:38,2024-01-19 06:22:45,2024-01-19 06:29:45,alex.chen,Finance Support,MedGroup,Phone,false,7.8
SUP-2002747,Feature Request - StartupXYZ,Feature Request,Critical,Closed,2024-01-12 02:33:33,2024-01-12 05:38:35,2024-01-12 05:56:35,jennifer.wu,Product Team,StartupXYZ,Portal,false,5.9
SUP-2002748,Account Management - CityCouncil,Account Management,Medium,Closed,2024-01-18 17:48:28,2024-01-19 04:28:27,2024-01-19 04:45:27,jennifer.wu,Account Team,CityCouncil,Email,false,
SUP-2002749,Account Management - Acme Corp,Account Management,Medium,Reopened,2024-01-09 22:11:49,2024-01-11 03:48:46,,sofia.moreau,Account Team,Acme Corp,Chat,false,
SUP-2002750,Data Export/Import - StartupXYZ,Data Export/Import,Medium,Closed,2024-01-05 23:49:28,2024-01-07 01:50:55,2024-01-07 02:23:55,maya.patel,Technical Team,StartupXYZ,Phone,false,
SUP-2002751,Feature Request - MedGroup,Feature Request,Critical,Closed,2024-01-22 08:43:19,2024-01-22 16:20:58,2024-01-22 16:55:58,carlos.silva,Product Team,MedGroup,Chat,true,3.8
SUP-2002752,Feature Request - CityCouncil,Feature Request,Medium,Escalated,2024-01-02 09:18:56,2024-01-03 13:14:03,,alex.chen,Product Team,CityCouncil,Portal,false,
SUP-2002753,Technical Support - Individual,Technical Support,Low,Closed,2024-01-11 14:35:36,2024-01-13 00:45:18,2024-01-13 01:29:18,alex.chen,Technical Team,Individual,Email,false,8.5
SUP-2002754,Integration Problem - MedGroup,Integration Problem,Low,Closed,2024-01-17 08:11:04,2024-02-15 12:29:30,2024-02-15 12:57:30,ryan.kim,Integration Team,MedGroup,Chat,true,
SUP-2002755,Technical Support - Global Finance,Technical Support,Low,Closed,2024-01-17 15:52:27,2024-01-20 10:36:16,2024-01-20 11:30:16,sofia.moreau,Technical Team,Global Finance,Phone,false,5.6
SUP-2002756,Account Management - StartupXYZ,Account Management,Medium,Closed,2024-01-24 12:17:31,2024-01-24 14:49:20,2024-01-24 15:17:20,jennifer.wu,Account Team,StartupXYZ,Chat,false,7.1
SUP-2002757,Billing Issue - Acme Corp,Billing Issue,Low,Closed,2024-01-25 10:45:47,2024-01-27 02:10:55,2024-01-27 03:04:55,alex.chen,Finance Support,Acme Corp,Chat,false,7.7
SUP-2002758,Technical Support - TechStart Inc,Technical Support,Critical,Reopened,2024-01-11 15:36:08,2024-01-11 17:18:57,,sofia.moreau,Technical Team,TechStart Inc,Email,false,
SUP-2002759,Integration Problem - Acme Corp,Integration Problem,Medium,Closed,2024-01-02 15:41:36,2024-01-05 05:37:55,2024-01-05 06:16:55,laura.smith,Integration Team,Acme Corp,Chat,false,4.2
SUP-2002760,Technical Support - TechStart Inc,Technical Support,Low,Closed,2024-01-19 11:57:44,2024-01-21 10:22:25,2024-01-21 10:35:25,maya.patel,Technical Team,TechStart Inc,Email,false,7.0
SUP-2002761,Technical Support - TechStart Inc,Technical Support,Low,Closed,2024-01-26 12:47:56,2024-02-01 15:01:03,2024-02-01 15:17:03,jennifer.wu,Technical Team,TechStart Inc,Portal,false,7.2
SUP-2002762,Technical Support - Acme Corp,Technical Support,Medium,Closed,2024-01-24 11:57:25,2024-01-28 11:51:11,2024-01-28 12:19:11,alex.chen,Technical Team,Acme Corp,Phone,false,7.2
SUP-2002763,Technical Support - CityCouncil,Technical Support,High,Closed,2024-01-01 22:02:57,2024-01-02 03:18:55,2024-01-02 03:42:55,laura.smith,Technical Team,CityCouncil,Portal,false,6.4
SUP-2002764,Account Management - UniServices,Account Management,Medium,Closed,2024-01-22 13:31:21,2024-01-29 02:19:05,2024-01-29 02:26:05,thomas.berg,Account Team,UniServices,Email,true,
SUP-2002765,Data Export/Import - Global Finance,Data Export/Import,High,Closed,2024-01-09 15:50:11,2024-01-10 18:28:22,2024-01-10 19:09:22,laura.smith,Technical Team,Global Finance,Portal,true,7.1
SUP-2002766,Billing Issue - TechStart Inc,Billing Issue,Low,Closed,2024-01-23 15:05:57,2024-01-24 01:42:05,2024-01-24 01:48:05,ryan.kim,Finance Support,TechStart Inc,Phone,false,7.0
SUP-2002767,Data Export/Import - Global Finance,Data Export/Import,Medium,Closed,2024-01-02 09:29:09,2024-01-05 03:07:35,2024-01-05 04:05:35,ryan.kim,Technical Team,Global Finance,Portal,false,5.6
SUP-2002768,Feature Request - Global Finance,Feature Request,Low,Closed,2024-01-24 11:15:09,2024-02-08 20:34:48,2024-02-08 21:13:48,ryan.kim,Product Team,Global Finance,Chat,true,5.8
SUP-2002769,Billing Issue - CityCouncil,Billing Issue,High,Closed,2024-01-11 12:08:26,2024-01-12 05:15:57,2024-01-12 05:26:57,ryan.kim,Finance Support,CityCouncil,Portal,false,7.1
SUP-2002770,Technical Support - MedGroup,Technical Support,Low,Closed,2024-01-12 11:16:16,2024-01-17 20:00:56,2024-01-17 20:19:56,laura.smith,Technical Team,MedGroup,Portal,false,6.9
SUP-2002771,Billing Issue - Global Finance,Billing Issue,High,Closed,2024-01-16 14:07:58,2024-01-17 06:38:33,2024-01-17 07:17:33,ryan.kim,Finance Support,Global Finance,Phone,false,6.7
SUP-2002772,Performance Issue - MedGroup,Performance Issue,Critical,Closed,2024-01-19 13:01:34,2024-01-19 17:54:10,2024-01-19 18:39:10,laura.smith,Engineering,MedGroup,Phone,true,
SUP-2002773,Billing Issue - Global Finance,Billing Issue,Medium,Closed,2024-01-10 10:40:12,2024-01-11 02:38:42,2024-01-11 03:36:42,maya.patel,Finance Support,Global Finance,Portal,false,6.8
SUP-2002774,Performance Issue - TechStart Inc,Performance Issue,High,Closed,2024-01-19 11:29:04,2024-01-19 21:08:16,2024-01-19 21:36:16,thomas.berg,Engineering,TechStart Inc,Email,false,6.9
SUP-2002775,Feature Request - StartupXYZ,Feature Request,Low,Closed,2024-01-16 08:59:07,2024-01-24 11:50:31,2024-01-24 12:00:31,laura.smith,Product Team,StartupXYZ,Chat,false,7.1
SUP-2002776,Technical Support - TechStart Inc,Technical Support,Low,Reopened,2024-01-11 11:41:30,2024-01-13 03:40:19,,thomas.berg,Technical Team,TechStart Inc,Phone,false,
SUP-2002777,Data Export/Import - CityCouncil,Data Export/Import,Low,Closed,2024-01-18 10:35:26,2024-01-20 11:45:07,2024-01-20 12:25:07,maya.patel,Technical Team,CityCouncil,Portal,false,7.3
SUP-2002778,Technical Support - MedGroup,Technical Support,Low,Closed,2024-01-16 14:58:23,2024-02-03 20:41:42,2024-02-03 21:23:42,jennifer.wu,Technical Team,MedGroup,Email,true,6.3
SUP-2002779,Performance Issue - RetailCo,Performance Issue,Low,Closed,2024-01-18 13:34:10,2024-01-24 11:42:00,2024-01-24 12:18:00,thomas.berg,Engineering,RetailCo,Email,false,4.7
SUP-2002780,Account Management - RetailCo,Account Management,High,Escalated,2024-01-15 12:18:07,2024-01-16 12:32:57,,thomas.berg,Account Team,RetailCo,Portal,false,
SUP-2002781,Technical Support - TechStart Inc,Technical Support,Medium,Closed,2024-01-11 14:20:22,2024-01-13 22:21:43,2024-01-13 22:43:43,ryan.kim,Technical Team,TechStart Inc,Portal,false,7.7
SUP-2002782,Billing Issue - StartupXYZ,Billing Issue,High,Closed,2024-01-15 15:08:20,2024-01-15 22:26:29,2024-01-15 22:39:29,carlos.silva,Finance Support,StartupXYZ,Phone,false,7.3
SUP-2002783,Technical Support - RetailCo,Technical Support,Medium,Closed,2024-01-17 15:44:21,2024-01-21 00:50:17,2024-01-21 01:08:17,jennifer.wu,Technical Team,RetailCo,Phone,false,6.7
SUP-2002784,Technical Support - Acme Corp,Technical Support,Medium,Closed,2024-01-12 14:24:53,2024-01-13 18:40:35,2024-01-13 19:28:35,jennifer.wu,Technical Team,Acme Corp,Phone,false,
SUP-2002785,Data Export/Import - UniServices,Data Export/Import,Low,Reopened,2024-01-08 09:59:24,2024-01-17 08:05:27,,carlos.silva,Technical Team,UniServices,Email,false,
SUP-2002786,Integration Problem - Individual,Integration Problem,Low,Escalated,2024-01-24 20:37:32,2024-01-28 05:51:41,,ryan.kim,Integration Team,Individual,Portal,false,
SUP-2002787,Integration Problem - Global Finance,Integration Problem,High,Escalated,2024-01-04 12:52:41,2024-01-05 10:56:35,,sofia.moreau,Integration Team,Global Finance,Email,false,
SUP-2002788,Billing Issue - CityCouncil,Billing Issue,Medium,Reopened,2024-01-05 17:41:30,2024-01-06 09:21:42,,carlos.silva,Finance Support,CityCouncil,Email,false,
SUP-2002789,Feature Request - Global Finance,Feature Request,Critical,Closed,2024-01-17 10:49:14,2024-01-17 19:07:56,2024-01-17 19:51:56,carlos.silva,Product Team,Global Finance,Chat,true,
SUP-2002790,Billing Issue - TechStart Inc,Billing Issue,Medium,Closed,2024-01-17 11:24:26,2024-01-18 06:29:50,2024-01-18 07:16:50,alex.chen,Finance Support,TechStart Inc,Phone,false,
SUP-2002791,Integration Problem - MedGroup,Integration Problem,Medium,Closed,2024-01-15 08:44:54,2024-01-17 12:38:28,2024-01-17 12:44:28,jennifer.wu,Integration Team,MedGroup,Phone,false,6.1
SUP-2002792,Data Export/Import - MedGroup,Data Export/Import,Medium,Closed,2024-01-19 10:52:09,2024-01-20 04:34:12,2024-01-20 05:23:12,maya.patel,Technical Team,MedGroup,Email,false,
SUP-2002793,Feature Request - Acme Corp,Feature Request,Low,Closed,2024-01-15 04:29:39,2024-01-17 14:05:39,2024-01-17 14:45:39,alex.chen,Product Team,Acme Corp,Email,false,
SUP-2002794,Billing Issue - MedGroup,Billing Issue,Medium,Closed,2024-01-10 16:53:02,2024-01-12 03:08:07,2024-01-12 03:56:07,alex.chen,Finance Support,MedGroup,Phone,false,
SUP-2002795,Account Management - MedGroup,Account Management,High,Closed,2024-01-01 13:35:15,2024-01-01 21:20:56,2024-01-01 21:40:56,alex.chen,Account Team,MedGroup,Chat,false,6.6
SUP-2002796,Billing Issue - CityCouncil,Billing Issue,Low,Closed,2024-01-19 10:21:19,2024-01-21 21:07:22,2024-01-21 21:14:22,ryan.kim,Finance Support,CityCouncil,Phone,false,6.5
SUP-2002797,Account Management - CityCouncil,Account Management,Low,Closed,2024-01-11 09:59:12,2024-01-12 18:06:41,2024-01-12 18:15:41,alex.chen,Account Team,CityCouncil,Portal,false,8.0
SUP-2002798,Account Management - Global Finance,Account Management,Medium,Closed,2024-01-24 14:55:03,2024-01-25 04:08:21,2024-01-25 05:03:21,maya.patel,Account Team,Global Finance,Portal,false,6.7
SUP-2002799,Data Export/Import - Individual,Data Export/Import,Low,Closed,2024-01-10 15:00:36,2024-01-12 09:47:16,2024-01-12 10:30:16,sofia.moreau,Technical Team,Individual,Portal,false,8.1
SUP-2002800,Billing Issue - StartupXYZ,Billing Issue,Low,Closed,2024-01-08 09:17:59,2024-01-09 01:25:29,2024-01-09 01:49:29,maya.patel,Finance Support,StartupXYZ,Chat,false,7.2
SUP-2002801,Technical Support - Acme Corp,Technical Support,Low,Closed,2024-01-22 19:16:31,2024-02-10 15:57:49,2024-02-10 16:41:49,jennifer.wu,Technical Team,Acme Corp,Phone,true,6.7
SUP-2002802,Performance Issue - Acme Corp,Performance Issue,Low,Reopened,2024-01-24 08:29:04,2024-02-13 06:50:46,,ryan.kim,Engineering,Acme Corp,Chat,false,
SUP-2002803,Integration Problem - TechStart Inc,Integration Problem,High,Closed,2024-01-23 16:15:47,2024-01-24 20:19:53,2024-01-24 20:26:53,ryan.kim,Integration Team,TechStart Inc,Email,true,
SUP-2002804,Technical Support - CityCouncil,Technical Support,Medium,Closed,2024-01-16 10:45:58,2024-01-21 04:17:15,2024-01-21 05:17:15,sofia.moreau,Technical Team,CityCouncil,Portal,true,
SUP-2002805,Performance Issue - UniServices,Performance Issue,Medium,Escalated,2024-01-15 09:21:03,2024-01-15 23:37:10,,laura.smith,Engineering,UniServices,Phone,false,
SUP-2002806,Technical Support - Global Finance,Technical Support,Medium,Closed,2024-01-11 12:24:04,2024-01-12 01:49:00,2024-01-12 02:39:00,carlos.silva,Technical Team,Global Finance,Chat,false,
SUP-2002807,Feature Request - TechStart Inc,Feature Request,Low,Closed,2024-01-11 15:52:48,2024-01-21 20:19:50,2024-01-21 20:30:50,thomas.berg,Product Team,TechStart Inc,Phone,true,4.3
SUP-2002808,Integration Problem - RetailCo,Integration Problem,High,Closed,2024-01-02 13:34:25,2024-01-02 23:27:55,2024-01-02 23:54:55,thomas.berg,Integration Team,RetailCo,Email,false,4.2
SUP-2002809,Billing Issue - TechStart Inc,Billing Issue,High,Closed,2024-01-25 16:33:05,2024-01-26 02:33:10,2024-01-26 03:22:10,carlos.silva,Finance Support,TechStart Inc,Email,false,6.5
SUP-2002810,Feature Request - TechStart Inc,Feature Request,High,Closed,2024-01-22 20:25:13,2024-01-23 06:26:59,2024-01-23 06:34:59,laura.smith,Product Team,TechStart Inc,Portal,false,6.2
SUP-2002811,Account Management - RetailCo,Account Management,Medium,Closed,2024-01-12 13:25:34,2024-01-14 03:55:13,2024-01-14 04:09:13,maya.patel,Account Team,RetailCo,Email,false,7.9
SUP-2002812,Billing Issue - RetailCo,Billing Issue,Low,Closed,2024-01-20 11:08:47,2024-01-25 09:19:47,2024-01-25 10:11:47,ryan.kim,Finance Support,RetailCo,Phone,false,
SUP-2002813,Billing Issue - Acme Corp,Billing Issue,Medium,Closed,2024-01-01 08:03:59,2024-01-01 23:28:46,2024-01-01 23:44:46,sofia.moreau,Finance Support,Acme Corp,Phone,false,6.8
SUP-2002814,Performance Issue - StartupXYZ,Performance Issue,Low,Closed,2024-01-15 20:31:58,2024-01-17 10:06:19,2024-01-17 11:03:19,laura.smith,Engineering,StartupXYZ,Chat,false,6.5
SUP-2002815,Account Management - TechStart Inc,Account Management,Critical,Closed,2024-01-23 22:09:22,2024-01-23 23:13:41,2024-01-23 23:25:41,laura.smith,Account Team,TechStart Inc,Email,false,6.9
SUP-2002816,Account Management - CityCouncil,Account Management,Low,Closed,2024-01-25 11:23:16,2024-01-27 11:02:54,2024-01-27 11:13:54,sofia.moreau,Account Team,CityCouncil,Email,false,6.7
SUP-2002817,Data Export/Import - Global Finance,Data Export/Import,Medium,Closed,2024-01-05 09:14:40,2024-01-06 03:25:22,2024-01-06 04:17:22,maya.patel,Technical Team,Global Finance,Phone,false,5.7
SUP-2002818,Performance Issue - MedGroup,Performance Issue,Low,Closed,2024-01-16 16:12:49,2024-01-22 10:05:34,2024-01-22 10:32:34,sofia.moreau,Engineering,MedGroup,Portal,false,4.8
SUP-2002819,Billing Issue - UniServices,Billing Issue,High,Closed,2024-01-18 09:48:52,2024-01-18 14:34:42,2024-01-18 14:58:42,jennifer.wu,Finance Support,UniServices,Chat,false,7.3
SUP-2002820,Billing Issue - CityCouncil,Billing Issue,Medium,Closed,2024-01-10 15:54:07,2024-01-11 06:11:39,2024-01-11 06:54:39,ryan.kim,Finance Support,CityCouncil,Phone,false,7.1
SUP-2002821,Billing Issue - MedGroup,Billing Issue,Low,Closed,2024-01-27 15:16:16,2024-02-17 05:47:26,2024-02-17 06:42:26,sofia.moreau,Finance Support,MedGroup,Portal,true,
SUP-2002822,Technical Support - MedGroup,Technical Support,Low,Closed,2024-01-16 09:13:09,2024-01-22 02:59:50,2024-01-22 03:09:50,thomas.berg,Technical Team,MedGroup,Email,false,
SUP-2002823,Technical Support - TechStart Inc,Technical Support,Low,Closed,2024-01-10 20:25:24,2024-01-13 01:04:50,2024-01-13 01:54:50,ryan.kim,Technical Team,TechStart Inc,Chat,false,6.0
SUP-2002824,Integration Problem - TechStart Inc,Integration Problem,Medium,Closed,2024-01-15 05:16:51,2024-01-16 00:54:06,2024-01-16 01:46:06,jennifer.wu,Integration Team,TechStart Inc,Portal,false,6.7
SUP-2002825,Billing Issue - Acme Corp,Billing Issue,High,Closed,2024-01-16 11:18:02,2024-01-16 17:16:06,2024-01-16 17:39:06,laura.smith,Finance Support,Acme Corp,Email,false,7.9
SUP-2002826,Billing Issue - UniServices,Billing Issue,Low,Escalated,2024-01-16 13:58:42,2024-01-18 04:12:41,,thomas.berg,Finance Support,UniServices,Portal,false,
SUP-2002827,Billing Issue - Global Finance,Billing Issue,Medium,Closed,2024-01-01 15:50:55,2024-01-01 22:36:16,2024-01-01 23:34:16,alex.chen,Finance Support,Global Finance,Phone,false,7.5
SUP-2002828,Technical Support - TechStart Inc,Technical Support,Medium,Closed,2024-01-15 19:40:42,2024-01-16 14:09:41,2024-01-16 14:59:41,sofia.moreau,Technical Team,TechStart Inc,Chat,false,6.2
SUP-2002829,Feature Request - UniServices,Feature Request,High,Closed,2024-01-15 14:28:37,2024-01-15 20:30:49,2024-01-15 20:57:49,maya.patel,Product Team,UniServices,Chat,false,5.8
SUP-2002830,Integration Problem - MedGroup,Integration Problem,Medium,Reopened,2024-01-09 08:35:04,2024-01-14 06:48:26,,laura.smith,Integration Team,MedGroup,Chat,false,
SUP-2002831,Account Management - Global Finance,Account Management,Medium,Closed,2024-01-25 12:08:17,2024-01-26 05:19:39,2024-01-26 05:40:39,jennifer.wu,Account Team,Global Finance,Chat,false,7.1
SUP-2002832,Account Management - Global Finance,Account Management,High,Closed,2024-01-05 11:41:44,2024-01-05 19:53:47,2024-01-05 20:52:47,sofia.moreau,Account Team,Global Finance,Email,false,6.0
SUP-2002833,Billing Issue - Individual,Billing Issue,Medium,Closed,2024-01-03 09:02:54,2024-01-04 06:38:34,2024-01-04 07:14:34,laura.smith,Finance Support,Individual,Portal,false,8.3
SUP-2002834,Technical Support - StartupXYZ,Technical Support,Medium,Closed,2024-01-10 15:18:13,2024-01-11 04:03:52,2024-01-11 04:14:52,carlos.silva,Technical Team,StartupXYZ,Portal,false,
SUP-2002835,Account Management - Acme Corp,Account Management,Low,Closed,2024-01-09 09:05:37,2024-01-23 14:11:00,2024-01-23 14:29:00,sofia.moreau,Account Team,Acme Corp,Email,true,5.6
SUP-2002836,Data Export/Import - Acme Corp,Data Export/Import,Low,Closed,2024-01-16 08:08:29,2024-01-20 16:08:13,2024-01-20 16:26:13,carlos.silva,Technical Team,Acme Corp,Chat,false,5.6
SUP-2002837,Feature Request - Acme Corp,Feature Request,Medium,Closed,2024-01-04 10:03:20,2024-01-09 03:30:16,2024-01-09 03:48:16,laura.smith,Product Team,Acme Corp,Portal,true,5.8
SUP-2002838,Account Management - Acme Corp,Account Management,High,Closed,2024-01-01 00:28:14,2024-01-02 00:31:33,2024-01-02 00:55:33,carlos.silva,Account Team,Acme Corp,Phone,true,5.4
SUP-2002839,Performance Issue - Acme Corp,Performance Issue,Medium,Closed,2024-01-12 12:36:00,2024-01-14 09:46:31,2024-01-14 10:35:31,thomas.berg,Engineering,Acme Corp,Portal,false,3.4
SUP-2002840,Billing Issue - Individual,Billing Issue,High,Closed,2024-01-16 13:25:57,2024-01-16 20:20:30,2024-01-16 20:48:30,alex.chen,Finance Support,Individual,Email,false,
SUP-2002841,Technical Support - Acme Corp,Technical Support,Low,Closed,2024-01-24 09:56:59,2024-01-27 07:33:19,2024-01-27 08:05:19,jennifer.wu,Technical Team,Acme Corp,Chat,false,7.8
SUP-2002842,Feature Request - Global Finance,Feature Request,Medium,Closed,2024-01-25 14:16:56,2024-01-27 13:32:26,2024-01-27 14:09:26,maya.patel,Product Team,Global Finance,Chat,false,5.6
SUP-2002843,Billing Issue - TechStart Inc,Billing Issue,High,Closed,2024-01-09 10:23:02,2024-01-09 20:05:09,2024-01-09 21:04:09,laura.smith,Finance Support,TechStart Inc,Email,false,7.8
SUP-2002844,Data Export/Import - CityCouncil,Data Export/Import,Medium,Closed,2024-01-11 12:27:50,2024-01-12 01:10:30,2024-01-12 01:47:30,laura.smith,Technical Team,CityCouncil,Phone,false,7.2
SUP-2002845,Feature Request - TechStart Inc,Feature Request,High,Closed,2024-01-27 10:09:19,2024-01-28 03:33:14,2024-01-28 04:24:14,carlos.silva,Product Team,TechStart Inc,Portal,false,4.5
SUP-2002846,Account Management - RetailCo,Account Management,Low,Closed,2024-01-01 13:30:29,2024-01-06 11:39:12,2024-01-06 12:07:12,ryan.kim,Account Team,RetailCo,Phone,false,7.1
SUP-2002847,Technical Support - MedGroup,Technical Support,Medium,Closed,2024-01-09 16:46:42,2024-01-11 11:21:09,2024-01-11 11:33:09,sofia.moreau,Technical Team,MedGroup,Chat,false,6.2
SUP-2002848,Technical Support - Acme Corp,Technical Support,High,Reopened,2024-01-19 17:49:45,2024-01-20 05:30:26,,ryan.kim,Technical Team,Acme Corp,Email,false,
SUP-2002849,Account Management - Global Finance,Account Management,High,Closed,2024-01-05 14:32:17,2024-01-05 20:10:44,2024-01-05 20:54:44,carlos.silva,Account Team,Global Finance,Chat,false,5.3
SUP-2002850,Billing Issue - TechStart Inc,Billing Issue,Low,Reopened,2024-01-11 09:15:05,2024-01-13 03:06:53,,laura.smith,Finance Support,TechStart Inc,Phone,false,
SUP-2002851,Technical Support - RetailCo,Technical Support,Critical,Closed,2024-01-08 15:53:51,2024-01-08 17:35:36,2024-01-08 18:23:36,carlos.silva,Technical Team,RetailCo,Chat,false,
SUP-2002852,Data Export/Import - StartupXYZ,Data Export/Import,High,Closed,2024-01-12 09:45:15,2024-01-12 17:18:11,2024-01-12 17:37:11,sofia.moreau,Technical Team,StartupXYZ,Email,false,
SUP-2002853,Integration Problem - Individual,Integration Problem,Medium,Closed,2024-01-19 15:50:39,2024-01-19 23:02:39,2024-01-19 23:23:39,maya.patel,Integration Team,Individual,Portal,false,6.9
SUP-2002854,Billing Issue - TechStart Inc,Billing Issue,Low,Closed,2024-01-23 08:00:49,2024-01-25 22:11:21,2024-01-25 22:38:21,sofia.moreau,Finance Support,TechStart Inc,Email,false,7.1
SUP-2002855,Performance Issue - TechStart Inc,Performance Issue,Medium,Reopened,2024-01-10 14:02:17,2024-01-13 11:44:14,,sofia.moreau,Engineering,TechStart Inc,Email,false,
SUP-2002856,Technical Support - Acme Corp,Technical Support,Low,Closed,2024-01-23 08:34:36,2024-02-03 07:26:21,2024-02-03 07:37:21,carlos.silva,Technical Team,Acme Corp,Email,true,6.0
SUP-2002857,Billing Issue - Individual,Billing Issue,Medium,Closed,2024-01-10 10:00:12,2024-01-11 05:54:14,2024-01-11 06:24:14,maya.patel,Finance Support,Individual,Email,false,
SUP-2002858,Performance Issue - Individual,Performance Issue,Low,Escalated,2024-01-11 11:05:24,2024-01-21 18:28:15,,carlos.silva,Engineering,Individual,Phone,false,
SUP-2002859,Integration Problem - RetailCo,Integration Problem,Low,Closed,2024-01-01 16:14:21,2024-01-06 20:11:13,2024-01-06 20:43:13,alex.chen,Integration Team,RetailCo,Portal,false,8.4
SUP-2002860,Billing Issue - MedGroup,Billing Issue,High,Reopened,2024-01-09 16:45:47,2024-01-10 12:31:04,,laura.smith,Finance Support,MedGroup,Phone,false,
SUP-2002861,Billing Issue - Acme Corp,Billing Issue,Critical,Closed,2024-01-15 13:10:01,2024-01-15 14:40:18,2024-01-15 15:30:18,laura.smith,Finance Support,Acme Corp,Phone,false,7.9
SUP-2002862,Integration Problem - CityCouncil,Integration Problem,Medium,Closed,2024-01-17 13:11:35,2024-01-20 08:23:21,2024-01-20 08:31:21,alex.chen,Integration Team,CityCouncil,Email,false,7.2
SUP-2002863,Feature Request - Acme Corp,Feature Request,High,Closed,2024-01-26 13:54:53,2024-01-27 20:36:05,2024-01-27 21:30:05,carlos.silva,Product Team,Acme Corp,Email,true,
SUP-2002864,Technical Support - CityCouncil,Technical Support,Medium,Escalated,2024-01-15 09:00:35,2024-01-16 08:11:21,,thomas.berg,Technical Team,CityCouncil,Phone,false,
SUP-2002865,Integration Problem - MedGroup,Integration Problem,Medium,Closed,2024-01-23 12:21:37,2024-01-25 13:40:12,2024-01-25 14:19:12,jennifer.wu,Integration Team,MedGroup,Portal,false,5.8
SUP-2002866,Integration Problem - TechStart Inc,Integration Problem,Medium,Closed,2024-01-05 08:02:35,2024-01-07 07:07:34,2024-01-07 07:13:34,maya.patel,Integration Team,TechStart Inc,Chat,false,6.6
SUP-2002867,Feature Request - UniServices,Feature Request,Medium,Closed,2024-01-26 05:49:42,2024-01-27 09:07:07,2024-01-27 09:32:07,maya.patel,Product Team,UniServices,Phone,false,7.5
SUP-2002868,Billing Issue - Global Finance,Billing Issue,Medium,Reopened,2024-01-23 11:34:14,2024-01-23 22:25:03,,sofia.moreau,Finance Support,Global Finance,Phone,false,
SUP-2002869,Technical Support - MedGroup,Technical Support,Critical,Reopened,2024-01-01 10:54:25,2024-01-01 16:07:55,,carlos.silva,Technical Team,MedGroup,Portal,false,
SUP-2002870,Billing Issue - StartupXYZ,Billing Issue,Low,Closed,2024-01-18 12:24:18,2024-01-21 14:04:48,2024-01-21 14:29:48,laura.smith,Finance Support,StartupXYZ,Portal,false,6.6
SUP-2002871,Feature Request - CityCouncil,Feature Request,Low,Closed,2024-01-23 09:13:34,2024-01-31 04:22:43,2024-01-31 05:01:43,thomas.berg,Product Team,CityCouncil,Email,false,3.2
SUP-2002872,Technical Support - StartupXYZ,Technical Support,Medium,Closed,2024-01-16 23:28:47,2024-01-18 02:50:11,2024-01-18 03:33:11,jennifer.wu,Technical Team,StartupXYZ,Phone,false,7.2
SUP-2002873,Technical Support - TechStart Inc,Technical Support,Medium,Escalated,2024-01-01 11:55:53,2024-01-02 19:58:53,,thomas.berg,Technical Team,TechStart Inc,Email,false,
SUP-2002874,Technical Support - Global Finance,Technical Support,Medium,Closed,2024-01-15 10:59:10,2024-01-17 04:12:23,2024-01-17 04:50:23,maya.patel,Technical Team,Global Finance,Portal,false,6.2
SUP-2002875,Technical Support - RetailCo,Technical Support,Medium,Closed,2024-01-01 09:22:17,2024-01-03 22:00:57,2024-01-03 22:06:57,thomas.berg,Technical Team,RetailCo,Phone,false,3.9
SUP-2002876,Account Management - Acme Corp,Account Management,Low,Escalated,2024-01-09 08:53:58,2024-01-10 03:05:04,,sofia.moreau,Account Team,Acme Corp,Phone,false,
SUP-2002877,Billing Issue - Global Finance,Billing Issue,Low,Escalated,2024-01-05 11:20:07,2024-01-06 19:40:27,,thomas.berg,Finance Support,Global Finance,Phone,false,
SUP-2002878,Account Management - TechStart Inc,Account Management,Low,Closed,2024-01-18 11:57:14,2024-01-29 13:48:59,2024-01-29 14:27:59,laura.smith,Account Team,TechStart Inc,Email,true,8.4
SUP-2002879,Billing Issue - RetailCo,Billing Issue,Medium,Escalated,2024-01-02 15:55:54,2024-01-04 02:56:45,,carlos.silva,Finance Support,RetailCo,Email,false,
SUP-2002880,Billing Issue - Global Finance,Billing Issue,High,Closed,2024-01-02 13:10:08,2024-01-03 04:11:54,2024-01-03 04:43:54,jennifer.wu,Finance Support,Global Finance,Chat,false,
SUP-2002881,Billing Issue - MedGroup,Billing Issue,High,Reopened,2024-01-16 10:09:37,2024-01-16 14:28:31,,jennifer.wu,Finance Support,MedGroup,Email,false,
SUP-2002882,Technical Support - StartupXYZ,Technical Support,Low,Closed,2024-01-02 08:49:49,2024-01-05 01:22:50,2024-01-05 01:32:50,maya.patel,Technical Team,StartupXYZ,Portal,false,6.8
SUP-2002883,Billing Issue - TechStart Inc,Billing Issue,Low,Closed,2024-01-16 13:48:25,2024-01-21 22:11:43,2024-01-21 22:29:43,ryan.kim,Finance Support,TechStart Inc,Chat,false,6.6
SUP-2002884,Billing Issue - MedGroup,Billing Issue,High,Escalated,2024-01-17 11:33:07,2024-01-17 20:16:44,,jennifer.wu,Finance Support,MedGroup,Phone,false,
SUP-2002885,Integration Problem - Global Finance,Integration Problem,Medium,Closed,2024-01-06 17:09:08,2024-01-07 18:41:29,2024-01-07 19:06:29,alex.chen,Integration Team,Global Finance,Phone,false,
SUP-2002886,Integration Problem - MedGroup,Integration Problem,High,Closed,2024-01-15 10:01:05,2024-01-17 05:28:22,2024-01-17 05:56:22,maya.patel,Integration Team,MedGroup,Portal,true,6.3
SUP-2002887,Feature Request - Global Finance,Feature Request,Low,Closed,2024-01-19 10:58:04,2024-01-27 02:39:25,2024-01-27 03:33:25,laura.smith,Product Team,Global Finance,Chat,false,
SUP-2002888,Technical Support - Global Finance,Technical Support,High,Reopened,2024-01-11 09:35:49,2024-01-11 15:27:12,,maya.patel,Technical Team,Global Finance,Phone,false,
SUP-2002889,Billing Issue - StartupXYZ,Billing Issue,Medium,Closed,2024-01-17 14:41:15,2024-01-17 23:07:03,2024-01-18 00:02:03,alex.chen,Finance Support,StartupXYZ,Email,false,
SUP-2002890,Account Management - StartupXYZ,Account Management,Medium,Closed,2024-01-12 15:40:19,2024-01-13 17:40:56,2024-01-13 18:04:56,sofia.moreau,Account Team,StartupXYZ,Email,false,6.9
SUP-2002891,Technical Support - StartupXYZ,Technical Support,High,Closed,2024-01-25 10:01:57,2024-01-25 20:12:14,2024-01-25 20:38:14,jennifer.wu,Technical Team,StartupXYZ,Email,false,
SUP-2002892,Data Export/Import - MedGroup,Data Export/Import,High,Closed,2024-01-16 11:05:54,2024-01-17 04:10:34,2024-01-17 04:27:34,alex.chen,Technical Team,MedGroup,Phone,false,6.9
SUP-2002893,Integration Problem - MedGroup,Integration Problem,Medium,Closed,2024-01-16 13:41:56,2024-01-17 13:12:15,2024-01-17 13:37:15,carlos.silva,Integration Team,MedGroup,Phone,false,
SUP-2002894,Technical Support - TechStart Inc,Technical Support,Low,Closed,2024-01-01 08:46:24,2024-01-06 04:45:03,2024-01-06 05:08:03,alex.chen,Technical Team,TechStart Inc,Portal,false,8.1
SUP-2002895,Billing Issue - TechStart Inc,Billing Issue,Low,Closed,2024-01-02 08:02:57,2024-01-03 07:58:49,2024-01-03 08:07:49,alex.chen,Finance Support,TechStart Inc,Portal,false,8.1
SUP-2002896,Data Export/Import - MedGroup,Data Export/Import,Low,Escalated,2024-01-02 10:55:11,2024-01-03 22:59:53,,ryan.kim,Technical Team,MedGroup,Phone,false,
SUP-2002897,Technical Support - TechStart Inc,Technical Support,Medium,Closed,2024-01-17 09:54:47,2024-01-18 01:23:38,2024-01-18 01:55:38,alex.chen,Technical Team,TechStart Inc,Chat,false,8.8
SUP-2002898,Billing Issue - Acme Corp,Billing Issue,Medium,Closed,2024-01-15 09:21:39,2024-01-15 14:23:18,2024-01-15 14:47:18,laura.smith,Finance Support,Acme Corp,Phone,false,7.1
SUP-2002899,Feature Request - RetailCo,Feature Request,High,Closed,2024-01-02 13:56:52,2024-01-03 23:43:45,2024-01-04 00:27:45,alex.chen,Product Team,RetailCo,Chat,true,
SUP-2002900,Performance Issue - Acme Corp,Performance Issue,Medium,Closed,2024-01-01 11:27:10,2024-01-04 03:35:04,2024-01-04 03:40:04,thomas.berg,Engineering,Acme Corp,Chat,false,3.4
SUP-2002901,Feature Request - Acme Corp,Feature Request,Critical,Closed,2024-01-15 13:32:38,2024-01-15 17:09:27,2024-01-15 17:41:27,ryan.kim,Product Team,Acme Corp,Portal,false,4.9
SUP-2002902,Feature Request - Global Finance,Feature Request,Medium,Closed,2024-01-10 13:30:02,2024-01-14 07:12:29,2024-01-14 07:35:29,maya.patel,Product Team,Global Finance,Email,false,6.1
SUP-2002903,Performance Issue - CityCouncil,Performance Issue,High,Closed,2024-01-10 13:10:09,2024-01-11 02:56:44,2024-01-11 03:53:44,carlos.silva,Engineering,CityCouncil,Email,false,6.1
SUP-2002904,Billing Issue - Acme Corp,Billing Issue,High,Closed,2024-01-04 12:19:53,2024-01-04 19:41:31,2024-01-04 19:48:31,laura.smith,Finance Support,Acme Corp,Portal,false,7.2
SUP-2002905,Performance Issue - MedGroup,Performance Issue,High,Reopened,2024-01-24 11:40:39,2024-01-25 08:20:11,,carlos.silva,Engineering,MedGroup,Phone,false,
SUP-2002906,Performance Issue - TechStart Inc,Performance Issue,Medium,Closed,2024-01-19 09:27:28,2024-01-22 14:38:32,2024-01-22 15:01:32,laura.smith,Engineering,TechStart Inc,Email,false,6.5
SUP-2002907,Data Export/Import - Acme Corp,Data Export/Import,High,Closed,2024-01-09 14:45:40,2024-01-09 22:03:01,2024-01-09 22:55:01,laura.smith,Technical Team,Acme Corp,Portal,false,6.6
SUP-2002908,Account Management - RetailCo,Account Management,High,Closed,2024-01-05 03:39:42,2024-01-05 09:59:52,2024-01-05 10:51:52,alex.chen,Account Team,RetailCo,Chat,false,
SUP-2002909,Integration Problem - Acme Corp,Integration Problem,Low,Reopened,2024-01-02 10:26:46,2024-01-06 17:57:24,,carlos.silva,Integration Team,Acme Corp,Phone,false,
SUP-2002910,Billing Issue - UniServices,Billing Issue,Medium,Closed,2024-01-01 04:47:48,2024-01-01 09:15:04,2024-01-01 09:24:04,maya.patel,Finance Support,UniServices,Email,false,6.4
SUP-2002911,Technical Support - Acme Corp,Technical Support,Medium,Closed,2024-01-12 12:52:24,2024-01-17 17:44:58,2024-01-17 18:26:58,alex.chen,Technical Team,Acme Corp,Portal,true,7.8
SUP-2002912,Account Management - Global Finance,Account Management,Medium,Closed,2024-01-26 07:06:46,2024-01-29 01:57:54,2024-01-29 02:54:54,ryan.kim,Account Team,Global Finance,Phone,false,5.9
SUP-2002913,Billing Issue - TechStart Inc,Billing Issue,Medium,Closed,2024-01-09 11:36:54,2024-01-09 14:37:36,2024-01-09 15:28:36,laura.smith,Finance Support,TechStart Inc,Chat,false,7.6
SUP-2002914,Account Management - RetailCo,Account Management,Medium,Escalated,2024-01-26 16:50:58,2024-01-27 07:12:15,,alex.chen,Account Team,RetailCo,Email,false,
SUP-2002915,Billing Issue - Global Finance,Billing Issue,Medium,Closed,2024-01-11 12:31:29,2024-01-14 05:41:14,2024-01-14 06:01:14,carlos.silva,Finance Support,Global Finance,Chat,false,4.9
SUP-2002916,Integration Problem - CityCouncil,Integration Problem,Low,Closed,2024-01-04 09:43:17,2024-01-07 08:11:28,2024-01-07 09:08:28,alex.chen,Integration Team,CityCouncil,Phone,false,8.5
SUP-2002917,Integration Problem - StartupXYZ,Integration Problem,Medium,Closed,2024-01-09 10:45:47,2024-01-13 00:45:33,2024-01-13 01:13:33,alex.chen,Integration Team,StartupXYZ,Email,false,7.5
SUP-2002918,Technical Support - TechStart Inc,Technical Support,Medium,Closed,2024-01-16 10:41:42,2024-01-17 23:49:59,2024-01-18 00:02:59,carlos.silva,Technical Team,TechStart Inc,Email,false,6.6
SUP-2002919,Account Management - Acme Corp,Account Management,Medium,Closed,2024-01-05 11:21:15,2024-01-05 16:32:45,2024-01-05 17:30:45,alex.chen,Account Team,Acme Corp,Email,false,6.8
SUP-2002920,Feature Request - UniServices,Feature Request,Medium,Closed,2024-01-05 11:29:30,2024-01-07 06:15:36,2024-01-07 06:42:36,alex.chen,Product Team,UniServices,Portal,false,7.2
SUP-2002921,Feature Request - UniServices,Feature Request,Medium,Reopened,2024-01-03 11:21:06,2024-01-09 11:09:40,,thomas.berg,Product Team,UniServices,Chat,false,
SUP-2002922,Billing Issue - MedGroup,Billing Issue,Low,Closed,2024-01-02 18:37:06,2024-01-05 19:40:07,2024-01-05 20:29:07,thomas.berg,Finance Support,MedGroup,Email,false,4.8
SUP-2002923,Account Management - StartupXYZ,Account Management,Medium,Closed,2024-01-03 08:21:06,2024-01-03 17:54:34,2024-01-03 18:23:34,jennifer.wu,Account Team,StartupXYZ,Portal,false,8.0
SUP-2002924,Performance Issue - StartupXYZ,Performance Issue,Medium,Reopened,2024-01-01 16:36:33,2024-01-01 23:19:01,,alex.chen,Engineering,StartupXYZ,Chat,false,
SUP-2002925,Technical Support - RetailCo,Technical Support,High,Closed,2024-01-08 13:40:09,2024-01-08 17:29:44,2024-01-08 18:06:44,thomas.berg,Technical Team,RetailCo,Phone,false,
SUP-2002926,Performance Issue - Individual,Performance Issue,Medium,Closed,2024-01-10 09:53:24,2024-01-13 11:08:27,2024-01-13 11:26:27,alex.chen,Engineering,Individual,Chat,false,7.8
SUP-2002927,Technical Support - Acme Corp,Technical Support,Low,Closed,2024-01-17 10:42:14,2024-01-23 00:27:42,2024-01-23 01:13:42,carlos.silva,Technical Team,Acme Corp,Chat,false,5.3
SUP-2002928,Billing Issue - MedGroup,Billing Issue,Low,Closed,2024-01-04 10:48:51,2024-01-06 05:23:47,2024-01-06 06:11:47,jennifer.wu,Finance Support,MedGroup,Chat,false,
SUP-2002929,Integration Problem - RetailCo,Integration Problem,Low,Closed,2024-01-18 14:44:19,2024-01-24 13:37:49,2024-01-24 14:11:49,alex.chen,Integration Team,RetailCo,Chat,false,
SUP-2002930,Technical Support - Individual,Technical Support,Medium,Closed,2024-01-19 07:26:10,2024-01-20 18:57:48,2024-01-20 19:54:48,thomas.berg,Technical Team,Individual,Chat,false,6.6
SUP-2002931,Billing Issue - TechStart Inc,Billing Issue,High,Escalated,2024-01-06 12:43:23,2024-01-07 00:37:15,,carlos.silva,Finance Support,TechStart Inc,Portal,false,
SUP-2002932,Feature Request - MedGroup,Feature Request,Low,Closed,2024-01-09 14:45:31,2024-02-05 16:27:35,2024-02-05 17:04:35,carlos.silva,Product Team,MedGroup,Phone,true,5.2
SUP-2002933,Integration Problem - Acme Corp,Integration Problem,High,Closed,2024-01-19 14:09:59,2024-01-20 06:54:00,2024-01-20 07:42:00,laura.smith,Integration Team,Acme Corp,Portal,false,
SUP-2002934,Integration Problem - Acme Corp,Integration Problem,Medium,Closed,2024-01-17 14:21:00,2024-01-19 02:30:10,2024-01-19 02:51:10,thomas.berg,Integration Team,Acme Corp,Phone,false,2.9
SUP-2002935,Data Export/Import - MedGroup,Data Export/Import,Medium,Closed,2024-01-18 15:10:35,2024-01-20 07:59:18,2024-01-20 08:18:18,carlos.silva,Technical Team,MedGroup,Chat,false,5.3
SUP-2002936,Billing Issue - StartupXYZ,Billing Issue,High,Closed,2024-01-22 13:55:36,2024-01-22 16:05:39,2024-01-22 16:22:39,laura.smith,Finance Support,StartupXYZ,Email,false,8.9
SUP-2002937,Integration Problem - MedGroup,Integration Problem,Low,Closed,2024-01-16 12:55:02,2024-01-21 03:33:03,2024-01-21 03:48:03,maya.patel,Integration Team,MedGroup,Phone,false,6.3
SUP-2002938,Technical Support - MedGroup,Technical Support,Low,Closed,2024-01-10 08:58:47,2024-02-15 11:03:17,2024-02-15 11:40:17,carlos.silva,Technical Team,MedGroup,Portal,true,7.4
SUP-2002939,Feature Request - TechStart Inc,Feature Request,Medium,Reopened,2024-01-09 10:32:28,2024-01-12 12:11:40,,ryan.kim,Product Team,TechStart Inc,Email,false,
SUP-2002940,Feature Request - RetailCo,Feature Request,High,Closed,2024-01-01 09:43:51,2024-01-01 23:29:23,2024-01-01 23:42:23,jennifer.wu,Product Team,RetailCo,Email,false,5.9
SUP-2002941,Integration Problem - TechStart Inc,Integration Problem,Medium,Closed,2024-01-01 06:44:44,2024-01-02 12:11:33,2024-01-02 12:29:33,maya.patel,Integration Team,TechStart Inc,Email,false,6.4
SUP-2002942,Feature Request - Acme Corp,Feature Request,Medium,Escalated,2024-01-09 10:04:44,2024-01-11 14:54:08,,thomas.berg,Product Team,Acme Corp,Email,false,
SUP-2002943,Technical Support - CityCouncil,Technical Support,Critical,Closed,2024-01-09 16:35:45,2024-01-09 19:31:39,2024-01-09 19:47:39,sofia.moreau,Technical Team,CityCouncil,Phone,false,7.2
SUP-2002944,Billing Issue - Global Finance,Billing Issue,Critical,Escalated,2024-01-01 16:14:36,2024-01-01 17:00:31,,alex.chen,Finance Support,Global Finance,Portal,false,
SUP-2002945,Feature Request - Global Finance,Feature Request,Medium,Escalated,2024-01-18 15:45:45,2024-01-29 22:11:03,,ryan.kim,Product Team,Global Finance,Email,false,
SUP-2002946,Data Export/Import - TechStart Inc,Data Export/Import,Medium,Closed,2024-01-27 14:24:22,2024-01-28 05:41:02,2024-01-28 06:11:02,maya.patel,Technical Team,TechStart Inc,Chat,false,6.9
SUP-2002947,Feature Request - RetailCo,Feature Request,High,Escalated,2024-01-12 12:46:04,2024-01-13 08:44:55,,jennifer.wu,Product Team,RetailCo,Email,false,
SUP-2002948,Feature Request - RetailCo,Feature Request,Low,Closed,2024-01-19 10:06:40,2024-01-28 21:42:48,2024-01-28 22:26:48,laura.smith,Product Team,RetailCo,Portal,false,
SUP-2002949,Feature Request - Global Finance,Feature Request,Medium,Closed,2024-01-26 18:15:05,2024-01-28 12:50:10,2024-01-28 13:50:10,jennifer.wu,Product Team,Global Finance,Email,false,5.6
SUP-2002950,Integration Problem - Global Finance,Integration Problem,Medium,Closed,2024-01-15 16:06:34,2024-01-17 09:22:01,2024-01-17 10:13:01,alex.chen,Integration Team,Global Finance,Portal,false,6.4
SUP-2002951,Performance Issue - TechStart Inc,Performance Issue,Medium,Closed,2024-01-09 10:15:11,2024-01-11 09:24:27,2024-01-11 09:51:27,carlos.silva,Engineering,TechStart Inc,Chat,false,5.8
SUP-2002952,Data Export/Import - Acme Corp,Data Export/Import,Critical,Closed,2024-01-11 01:19:21,2024-01-11 06:48:44,2024-01-11 07:17:44,carlos.silva,Technical Team,Acme Corp,Chat,true,
SUP-2002953,Data Export/Import - TechStart Inc,Data Export/Import,Medium,Closed,2024-01-17 08:07:05,2024-01-18 16:20:10,2024-01-18 16:45:10,laura.smith,Technical Team,TechStart Inc,Portal,false,6.6
SUP-2002954,Billing Issue - Acme Corp,Billing Issue,Medium,Closed,2024-01-15 11:47:28,2024-01-18 04:08:01,2024-01-18 04:20:01,thomas.berg,Finance Support,Acme Corp,Chat,false,
SUP-2002955,Technical Support - TechStart Inc,Technical Support,High,Closed,2024-01-03 22:27:02,2024-01-04 07:04:54,2024-01-04 07:26:54,alex.chen,Technical Team,TechStart Inc,Phone,false,
SUP-2002956,Account Management - Individual,Account Management,Low,Closed,2024-01-24 16:30:24,2024-01-31 11:18:51,2024-01-31 11:39:51,carlos.silva,Account Team,Individual,Phone,false,6.7
SUP-2002957,Billing Issue - Acme Corp,Billing Issue,Medium,Closed,2024-01-14 12:01:05,2024-01-16 13:51:11,2024-01-16 13:57:11,laura.smith,Finance Support,Acme Corp,Portal,false,7.0
SUP-2002958,Feature Request - MedGroup,Feature Request,Low,Closed,2024-01-26 15:12:13,2024-02-01 15:30:18,2024-02-01 16:11:18,ryan.kim,Product Team,MedGroup,Portal,false,3.6
SUP-2002959,Billing Issue - CityCouncil,Billing Issue,Medium,Closed,2024-01-17 21:40:15,2024-01-18 10:51:23,2024-01-18 11:28:23,jennifer.wu,Finance Support,CityCouncil,Email,false,6.9
SUP-2002960,Data Export/Import - Individual,Data Export/Import,Medium,Closed,2024-01-16 16:57:01,2024-01-18 14:36:10,2024-01-18 15:12:10,sofia.moreau,Technical Team,Individual,Email,false,7.4
SUP-2002961,Feature Request - TechStart Inc,Feature Request,Medium,Escalated,2024-01-05 19:32:50,2024-01-07 02:46:40,,carlos.silva,Product Team,TechStart Inc,Email,false,
SUP-2002962,Billing Issue - Global Finance,Billing Issue,High,Closed,2024-01-24 11:42:29,2024-01-25 16:38:11,2024-01-25 17:16:11,thomas.berg,Finance Support,Global Finance,Portal,true,5.5
SUP-2002963,Integration Problem - StartupXYZ,Integration Problem,Low,Reopened,2024-01-09 11:15:10,2024-01-17 06:47:58,,thomas.berg,Integration Team,StartupXYZ,Phone,false,
SUP-2002964,Feature Request - UniServices,Feature Request,Medium,Closed,2024-01-18 09:25:33,2024-01-19 14:38:19,2024-01-19 15:38:19,alex.chen,Product Team,UniServices,Email,false,6.4
SUP-2002965,Feature Request - MedGroup,Feature Request,Medium,Closed,2024-01-17 16:51:33,2024-01-27 08:28:21,2024-01-27 08:43:21,carlos.silva,Product Team,MedGroup,Phone,true,3.6
SUP-2002966,Account Management - Global Finance,Account Management,High,Closed,2024-01-17 03:56:18,2024-01-17 11:58:43,2024-01-17 12:55:43,maya.patel,Account Team,Global Finance,Phone,false,6.5
SUP-2002967,Technical Support - MedGroup,Technical Support,High,Closed,2024-01-03 12:40:33,2024-01-04 02:17:26,2024-01-04 03:14:26,maya.patel,Technical Team,MedGroup,Phone,false,7.2
SUP-2002968,Account Management - RetailCo,Account Management,Low,Closed,2024-01-18 08:27:17,2024-01-20 21:45:11,2024-01-20 22:32:11,ryan.kim,Account Team,RetailCo,Email,false,
SUP-2002969,Integration Problem - MedGroup,Integration Problem,Medium,Closed,2024-01-17 10:56:14,2024-01-19 10:10:58,2024-01-19 11:07:58,jennifer.wu,Integration Team,MedGroup,Phone,false,6.3
SUP-2002970,Data Export/Import - CityCouncil,Data Export/Import,Medium,Closed,2024-01-25 15:37:02,2024-01-26 13:13:33,2024-01-26 13:30:33,laura.smith,Technical Team,CityCouncil,Portal,false,8.2
SUP-2002971,Feature Request - Acme Corp,Feature Request,Medium,Closed,2024-01-02 13:11:24,2024-01-08 23:21:48,2024-01-09 00:08:48,laura.smith,Product Team,Acme Corp,Email,true,
SUP-2002972,Account Management - UniServices,Account Management,Medium,Escalated,2024-01-08 22:32:25,2024-01-09 04:12:53,,ryan.kim,Account Team,UniServices,Phone,false,
SUP-2002973,Technical Support - CityCouncil,Technical Support,Low,Closed,2024-01-02 13:57:08,2024-01-03 18:11:44,2024-01-03 18:49:44,jennifer.wu,Technical Team,CityCouncil,Chat,false,7.1
SUP-2002974,Account Management - Acme Corp,Account Management,Low,Closed,2024-01-11 07:59:16,2024-01-18 16:25:45,2024-01-18 16:40:45,carlos.silva,Account Team,Acme Corp,Email,false,
SUP-2002975,Technical Support - TechStart Inc,Technical Support,Medium,Closed,2024-01-16 14:40:40,2024-01-19 08:45:33,2024-01-19 08:50:33,alex.chen,Technical Team,TechStart Inc,Portal,false,7.7
SUP-2002976,Data Export/Import - Acme Corp,Data Export/Import,Medium,Escalated,2024-01-11 12:51:08,2024-01-13 12:38:15,,maya.patel,Technical Team,Acme Corp,Email,false,
SUP-2002977,Account Management - Acme Corp,Account Management,Low,Closed,2024-01-10 12:50:10,2024-01-14 05:32:00,2024-01-14 05:51:00,maya.patel,Account Team,Acme Corp,Chat,false,7.6
SUP-2002978,Integration Problem - CityCouncil,Integration Problem,Low,Closed,2024-01-08 18:56:21,2024-01-13 16:09:42,2024-01-13 16:52:42,alex.chen,Integration Team,CityCouncil,Chat,false,
SUP-2002979,Technical Support - Acme Corp,Technical Support,Medium,Closed,2024-01-16 14:51:34,2024-01-18 21:04:03,2024-01-18 21:35:03,laura.smith,Technical Team,Acme Corp,Phone,false,7.8
SUP-2002980,Billing Issue - Global Finance,Billing Issue,Low,Closed,2024-01-17 09:04:50,2024-01-22 02:53:05,2024-01-22 03:31:05,laura.smith,Finance Support,Global Finance,Portal,false,7.3
SUP-2002981,Data Export/Import - RetailCo,Data Export/Import,High,Escalated,2024-01-26 15:14:15,2024-01-26 19:11:46,,jennifer.wu,Technical Team,RetailCo,Email,false,
SUP-2002982,Account Management - UniServices,Account Management,Low,Closed,2024-01-10 10:09:38,2024-01-14 22:12:49,2024-01-14 23:12:49,maya.patel,Account Team,UniServices,Chat,false,7.7
SUP-2002983,Billing Issue - TechStart Inc,Billing Issue,Low,Closed,2024-01-10 10:52:12,2024-01-20 20:54:01,2024-01-20 21:09:01,thomas.berg,Finance Support,TechStart Inc,Portal,true,
SUP-2002984,Feature Request - MedGroup,Feature Request,Medium,Closed,2024-01-24 21:28:43,2024-01-31 07:43:36,2024-01-31 08:00:36,ryan.kim,Product Team,MedGroup,Portal,true,3.7
SUP-2002985,Feature Request - TechStart Inc,Feature Request,Medium,Closed,2024-01-11 00:59:16,2024-01-13 14:49:10,2024-01-13 15:01:10,maya.patel,Product Team,TechStart Inc,Chat,false,7.1
SUP-2002986,Data Export/Import - UniServices,Data Export/Import,Low,Closed,2024-01-10 08:26:57,2024-01-11 10:31:09,2024-01-11 10:56:09,jennifer.wu,Technical Team,UniServices,Phone,false,8.8
SUP-2002987,Integration Problem - Global Finance,Integration Problem,High,Closed,2024-01-08 05:31:19,2024-01-09 16:01:05,2024-01-09 16:57:05,ryan.kim,Integration Team,Global Finance,Portal,true,4.6
SUP-2002988,Integration Problem - TechStart Inc,Integration Problem,Medium,Closed,2024-01-18 11:33:36,2024-01-19 18:17:19,2024-01-19 18:34:19,jennifer.wu,Integration Team,TechStart Inc,Phone,false,6.8
SUP-2002989,Billing Issue - TechStart Inc,Billing Issue,Medium,Closed,2024-01-01 16:17:27,2024-01-02 03:43:22,2024-01-02 04:17:22,sofia.moreau,Finance Support,TechStart Inc,Email,false,7.6
SUP-2002990,Billing Issue - CityCouncil,Billing Issue,High,Closed,2024-01-01 15:49:12,2024-01-01 19:01:52,2024-01-01 19:31:52,sofia.moreau,Finance Support,CityCouncil,Chat,false,7.1
SUP-2002991,Data Export/Import - Individual,Data Export/Import,Critical,Closed,2024-01-04 15:38:41,2024-01-04 18:42:23,2024-01-04 19:26:23,ryan.kim,Technical Team,Individual,Portal,false,
SUP-2002992,Account Management - RetailCo,Account Management,High,Closed,2024-01-08 12:09:19,2024-01-09 04:12:32,2024-01-09 05:08:32,thomas.berg,Account Team,RetailCo,Email,false,
SUP-2002993,Account Management - RetailCo,Account Management,Medium,Closed,2024-01-11 07:29:07,2024-01-11 19:00:47,2024-01-11 19:41:47,laura.smith,Account Team,RetailCo,Email,false,7.2
SUP-2002994,Data Export/Import - Global Finance,Data Export/Import,Low,Closed,2024-01-23 12:57:41,2024-01-26 19:40:48,2024-01-26 20:11:48,alex.chen,Technical Team,Global Finance,Phone,false,
SUP-2002995,Data Export/Import - RetailCo,Data Export/Import,Low,Closed,2024-01-02 11:55:22,2024-01-04 06:07:28,2024-01-04 06:44:28,laura.smith,Technical Team,RetailCo,Portal,false,
SUP-2002996,Billing Issue - Global Finance,Billing Issue,Medium,Closed,2024-01-01 12:40:31,2024-01-02 06:07:15,2024-01-02 06:13:15,maya.patel,Finance Support,Global Finance,Chat,false,
SUP-2002997,Technical Support - RetailCo,Technical Support,Low,Escalated,2024-01-03 19:44:53,2024-01-07 22:01:21,,thomas.berg,Technical Team,RetailCo,Phone,false,
SUP-2002998,Technical Support - RetailCo,Technical Support,Low,Closed,2024-01-09 08:09:30,2024-01-11 08:13:53,2024-01-11 08:55:53,alex.chen,Technical Team,RetailCo,Phone,false,7.8
SUP-2002999,Integration Problem - MedGroup,Integration Problem,High,Closed,2024-01-15 09:49:56,2024-01-15 13:20:54,2024-01-15 14:02:54,maya.patel,Integration Team,MedGroup,Portal,false,7.3
SUP-2003000,Data Export/Import - Acme Corp,Data Export/Import,Low,Closed,2024-01-01 13:14:53,2024-01-16 15:40:04,2024-01-16 16:18:04,maya.patel,Technical Team,Acme Corp,Portal,true,7.2
SUP-2003001,Billing Issue - Global Finance,Billing Issue,Critical,Reopened,2024-01-01 20:24:27,2024-01-01 23:33:10,,ryan.kim,Finance Support,Global Finance,Phone,false,
SUP-2003002,Data Export/Import - Acme Corp,Data Export/Import,Low,Closed,2024-01-26 22:58:20,2024-01-29 19:33:27,2024-01-29 20:19:27,laura.smith,Technical Team,Acme Corp,Chat,false,8.3
SUP-2003003,Integration Problem - Individual,Integration Problem,Low,Closed,2024-01-08 00:27:39,2024-01-11 02:37:38,2024-01-11 02:50:38,thomas.berg,Integration Team,Individual,Phone,false,6.1
SUP-2003004,Performance Issue - Acme Corp,Performance Issue,Low,Closed,2024-01-12 08:25:14,2024-01-13 08:53:24,2024-01-13 09:20:24,carlos.silva,Engineering,Acme Corp,Chat,false,
SUP-2003005,Data Export/Import - Global Finance,Data Export/Import,Critical,Closed,2024-01-17 12:30:20,2024-01-17 14:14:30,2024-01-17 15:07:30,sofia.moreau,Technical Team,Global Finance,Phone,false,6.9
SUP-2003006,Account Management - Individual,Account Management,High,Closed,2024-01-23 13:28:53,2024-01-24 01:47:21,2024-01-24 02:09:21,alex.chen,Account Team,Individual,Chat,false,9.1
SUP-2003007,Technical Support - Acme Corp,Technical Support,Medium,Reopened,2024-01-26 08:48:14,2024-01-27 18:30:23,,sofia.moreau,Technical Team,Acme Corp,Portal,false,
SUP-2003008,Data Export/Import - TechStart Inc,Data Export/Import,Medium,Closed,2024-01-22 19:09:59,2024-01-23 06:43:11,2024-01-23 07:06:11,thomas.berg,Technical Team,TechStart Inc,Portal,false,5.4
SUP-2003009,Data Export/Import - StartupXYZ,Data Export/Import,Critical,Reopened,2024-01-18 16:04:18,2024-01-18 17:33:44,,ryan.kim,Technical Team,StartupXYZ,Phone,false,
SUP-2003010,Account Management - Individual,Account Management,Medium,Escalated,2024-01-19 14:53:12,2024-01-20 04:31:47,,sofia.moreau,Account Team,Individual,Email,false,
SUP-2003011,Integration Problem - UniServices,Integration Problem,High,Closed,2024-01-04 14:29:27,2024-01-05 00:52:36,2024-01-05 01:04:36,jennifer.wu,Integration Team,UniServices,Chat,false,3.9
SUP-2003012,Billing Issue - StartupXYZ,Billing Issue,Low,Closed,2024-01-15 14:10:46,2024-01-20 22:59:38,2024-01-20 23:24:38,sofia.moreau,Finance Support,StartupXYZ,Email,false,7.6
SUP-2003013,Feature Request - Acme Corp,Feature Request,Medium,Closed,2024-01-04 18:40:52,2024-01-05 08:16:14,2024-01-05 08:36:14,laura.smith,Product Team,Acme Corp,Phone,false,5.6
SUP-2003014,Integration Problem - RetailCo,Integration Problem,Medium,Closed,2024-01-02 04:17:57,2024-01-02 20:02:43,2024-01-02 20:58:43,maya.patel,Integration Team,RetailCo,Email,false,
SUP-2003015,Account Management - RetailCo,Account Management,High,Closed,2024-01-03 08:49:20,2024-01-04 08:36:59,2024-01-04 08:56:59,maya.patel,Account Team,RetailCo,Phone,false,6.0
SUP-2003016,Technical Support - CityCouncil,Technical Support,Low,Escalated,2024-01-05 08:00:41,2024-01-30 05:10:56,,laura.smith,Technical Team,CityCouncil,Portal,false,
SUP-2003017,Integration Problem - Individual,Integration Problem,Medium,Closed,2024-01-15 10:54:20,2024-01-17 16:03:47,2024-01-17 16:36:47,carlos.silva,Integration Team,Individual,Phone,false,6.5
SUP-2003018,Billing Issue - TechStart Inc,Billing Issue,Medium,Closed,2024-01-19 13:21:51,2024-01-20 07:42:33,2024-01-20 08:24:33,ryan.kim,Finance Support,TechStart Inc,Email,false,7.3
SUP-2003019,Data Export/Import - StartupXYZ,Data Export/Import,Low,Escalated,2024-01-23 12:09:31,2024-01-27 02:01:37,,ryan.kim,Technical Team,StartupXYZ,Email,false,
SUP-2003020,Account Management - UniServices,Account Management,High,Closed,2024-01-17 09:06:54,2024-01-17 14:01:49,2024-01-17 14:44:49,carlos.silva,Account Team,UniServices,Portal,false,5.6
SUP-2003021,Technical Support - TechStart Inc,Technical Support,Low,Closed,2024-01-16 08:39:05,2024-01-20 15:36:39,2024-01-20 16:08:39,laura.smith,Technical Team,TechStart Inc,Email,false,
SUP-2003022,Integration Problem - UniServices,Integration Problem,High,Closed,2024-01-03 15:06:44,2024-01-04 19:23:20,2024-01-04 20:02:20,laura.smith,Integration Team,UniServices,Email,true,6.4
SUP-2003023,Data Export/Import - RetailCo,Data Export/Import,High,Closed,2024-01-08 09:42:17,2024-01-08 13:31:12,2024-01-08 13:54:12,maya.patel,Technical Team,RetailCo,Email,false,
SUP-2003024,Data Export/Import - Global Finance,Data Export/Import,Medium,Reopened,2024-01-17 12:54:18,2024-01-19 00:54:52,,alex.chen,Technical Team,Global Finance,Chat,false,
SUP-2003025,Integration Problem - Global Finance,Integration Problem,Low,Escalated,2024-01-09 15:59:32,2024-01-23 06:25:05,,sofia.moreau,Integration Team,Global Finance,Chat,false,
SUP-2003026,Billing Issue - StartupXYZ,Billing Issue,Medium,Closed,2024-01-26 14:02:37,2024-01-26 20:57:32,2024-01-26 21:43:32,laura.smith,Finance Support,StartupXYZ,Chat,false,
SUP-2003027,Technical Support - Individual,Technical Support,Low,Closed,2024-01-19 15:27:51,2024-01-22 03:07:27,2024-01-22 03:35:27,jennifer.wu,Technical Team,Individual,Chat,false,7.7
SUP-2003028,Account Management - Global Finance,Account Management,High,Closed,2024-01-01 08:59:01,2024-01-01 11:09:46,2024-01-01 11:23:46,alex.chen,Account Team,Global Finance,Chat,false,5.8
SUP-2003029,Data Export/Import - StartupXYZ,Data Export/Import,Medium,Escalated,2024-01-10 15:01:32,2024-01-11 08:02:51,,maya.patel,Technical Team,StartupXYZ,Chat,false,
SUP-2003030,Technical Support - Global Finance,Technical Support,Low,Escalated,2024-01-04 11:19:07,2024-01-11 20:17:35,,ryan.kim,Technical Team,Global Finance,Phone,false,
SUP-2003031,Technical Support - Acme Corp,Technical Support,Medium,Closed,2024-01-25 11:24:24,2024-01-25 23:14:00,2024-01-25 23:27:00,alex.chen,Technical Team,Acme Corp,Email,false,
SUP-2003032,Technical Support - TechStart Inc,Technical Support,Medium,Closed,2024-01-24 14:58:33,2024-01-25 13:39:39,2024-01-25 14:31:39,jennifer.wu,Technical Team,TechStart Inc,Portal,false,
SUP-2003033,Feature Request - UniServices,Feature Request,Medium,Closed,2024-01-16 08:36:25,2024-01-20 09:24:15,2024-01-20 09:50:15,sofia.moreau,Product Team,UniServices,Chat,true,6.6
SUP-2003034,Account Management - TechStart Inc,Account Management,High,Reopened,2024-01-10 13:47:08,2024-01-10 21:35:23,,maya.patel,Account Team,TechStart Inc,Portal,false,
SUP-2003035,Performance Issue - MedGroup,Performance Issue,High,Reopened,2024-01-08 01:54:48,2024-01-09 12:06:23,,thomas.berg,Engineering,MedGroup,Chat,false,
SUP-2003036,Account Management - MedGroup,Account Management,Medium,Escalated,2024-01-24 21:58:22,2024-01-27 05:37:21,,alex.chen,Account Team,MedGroup,Phone,false,
SUP-2003037,Account Management - TechStart Inc,Account Management,Low,Closed,2024-01-20 13:24:11,2024-01-21 17:17:03,2024-01-21 17:38:03,alex.chen,Account Team,TechStart Inc,Email,false,7.8
SUP-2003038,Technical Support - RetailCo,Technical Support,Medium,Closed,2024-01-19 13:04:57,2024-01-20 11:44:47,2024-01-20 12:29:47,carlos.silva,Technical Team,RetailCo,Chat,false,
SUP-2003039,Technical Support - Acme Corp,Technical Support,Medium,Closed,2024-01-19 14:33:07,2024-01-20 17:00:26,2024-01-20 17:18:26,sofia.moreau,Technical Team,Acme Corp,Email,false,4.8
SUP-2003040,Integration Problem - RetailCo,Integration Problem,Medium,Closed,2024-01-18 09:01:46,2024-01-19 09:04:24,2024-01-19 09:30:24,ryan.kim,Integration Team,RetailCo,Chat,false,5.6
SUP-2003041,Performance Issue - Global Finance,Performance Issue,Medium,Closed,2024-01-24 08:44:48,2024-01-26 08:17:23,2024-01-26 08:57:23,sofia.moreau,Engineering,Global Finance,Chat,false,5.6
SUP-2003042,Performance Issue - Acme Corp,Performance Issue,Medium,Closed,2024-01-16 12:52:46,2024-01-16 23:40:52,2024-01-17 00:04:52,carlos.silva,Engineering,Acme Corp,Email,false,4.5
SUP-2003043,Billing Issue - CityCouncil,Billing Issue,High,Closed,2024-01-03 13:48:32,2024-01-03 18:32:51,2024-01-03 19:02:51,jennifer.wu,Finance Support,CityCouncil,Portal,false,6.9
SUP-2003044,Account Management - RetailCo,Account Management,Medium,Closed,2024-01-19 10:20:09,2024-01-20 09:54:33,2024-01-20 10:22:33,alex.chen,Account Team,RetailCo,Email,false,6.3
SUP-2003045,Feature Request - RetailCo,Feature Request,Critical,Closed,2024-01-10 16:13:09,2024-01-10 19:10:51,2024-01-10 19:55:51,jennifer.wu,Product Team,RetailCo,Email,false,5.1
SUP-2003046,Integration Problem - RetailCo,Integration Problem,High,Closed,2024-01-16 08:39:31,2024-01-18 03:26:32,2024-01-18 03:34:32,thomas.berg,Integration Team,RetailCo,Phone,true,5.3
SUP-2003047,Billing Issue - TechStart Inc,Billing Issue,Low,Closed,2024-01-10 13:06:59,2024-02-01 00:38:59,2024-02-01 01:05:59,thomas.berg,Finance Support,TechStart Inc,Chat,true,
SUP-2003048,Integration Problem - Global Finance,Integration Problem,Medium,Escalated,2024-01-20 08:16:35,2024-01-20 23:22:53,,alex.chen,Integration Team,Global Finance,Portal,false,
SUP-2003049,Data Export/Import - TechStart Inc,Data Export/Import,High,Escalated,2024-01-18 23:25:00,2024-01-19 17:03:01,,carlos.silva,Technical Team,TechStart Inc,Chat,false,
SUP-2003050,Feature Request - Acme Corp,Feature Request,Medium,Closed,2024-01-16 09:22:52,2024-01-19 09:16:47,2024-01-19 09:48:47,maya.patel,Product Team,Acme Corp,Chat,false,4.7
SUP-2003051,Billing Issue - Acme Corp,Billing Issue,Medium,Closed,2024-01-01 01:26:45,2024-01-02 13:56:31,2024-01-02 14:56:31,carlos.silva,Finance Support,Acme Corp,Chat,false,6.4
SUP-2003052,Account Management - Individual,Account Management,Medium,Closed,2024-01-08 13:04:39,2024-01-08 19:50:50,2024-01-08 20:49:50,alex.chen,Account Team,Individual,Email,false,7.5
SUP-2003053,Data Export/Import - StartupXYZ,Data Export/Import,Critical,Closed,2024-01-09 09:45:08,2024-01-09 15:54:19,2024-01-09 16:49:19,thomas.berg,Technical Team,StartupXYZ,Portal,true,4.3
SUP-2003054,Feature Request - MedGroup,Feature Request,Medium,Closed,2024-01-26 09:27:46,2024-01-27 15:22:36,2024-01-27 15:40:36,carlos.silva,Product Team,MedGroup,Portal,false,4.7
SUP-2003055,Integration Problem - TechStart Inc,Integration Problem,Medium,Closed,2024-01-25 20:22:45,2024-01-27 00:33:24,2024-01-27 01:00:24,carlos.silva,Integration Team,TechStart Inc,Phone,false,6.0
SUP-2003056,Technical Support - StartupXYZ,Technical Support,Medium,Closed,2024-01-09 13:32:57,2024-01-09 20:02:31,2024-01-09 20:40:31,laura.smith,Technical Team,StartupXYZ,Chat,false,
SUP-2003057,Technical Support - Acme Corp,Technical Support,Low,Closed,2024-01-05 15:21:45,2024-01-21 17:17:00,2024-01-21 17:53:00,alex.chen,Technical Team,Acme Corp,Chat,true,7.1
SUP-2003058,Feature Request - UniServices,Feature Request,Medium,Closed,2024-01-18 10:04:24,2024-01-21 11:35:27,2024-01-21 12:21:27,ryan.kim,Product Team,UniServices,Phone,false,
SUP-2003059,Feature Request - UniServices,Feature Request,Medium,Closed,2024-01-10 14:22:41,2024-01-13 05:06:41,2024-01-13 05:32:41,carlos.silva,Product Team,UniServices,Chat,false,4.9
SUP-2003060,Billing Issue - StartupXYZ,Billing Issue,Low,Closed,2024-01-10 15:40:28,2024-01-11 14:59:22,2024-01-11 15:38:22,sofia.moreau,Finance Support,StartupXYZ,Portal,false,7.6
SUP-2003061,Billing Issue - MedGroup,Billing Issue,Medium,Reopened,2024-01-16 14:28:54,2024-01-16 21:19:18,,maya.patel,Finance Support,MedGroup,Phone,false,
SUP-2003062,Integration Problem - CityCouncil,Integration Problem,Medium,Reopened,2024-01-02 08:13:24,2024-01-04 20:16:21,,jennifer.wu,Integration Team,CityCouncil,Chat,false,
SUP-2003063,Integration Problem - Global Finance,Integration Problem,Low,Closed,2024-01-24 09:31:27,2024-01-27 03:04:49,2024-01-27 03:18:49,alex.chen,Integration Team,Global Finance,Chat,false,
SUP-2003064,Data Export/Import - Global Finance,Data Export/Import,Low,Closed,2024-01-16 10:30:42,2024-01-18 05:10:05,2024-01-18 05:23:05,alex.chen,Technical Team,Global Finance,Chat,false,7.3
SUP-2003065,Billing Issue - Individual,Billing Issue,Low,Closed,2024-01-15 05:50:24,2024-01-15 20:00:55,2024-01-15 20:42:55,sofia.moreau,Finance Support,Individual,Chat,false,
SUP-2003066,Data Export/Import - Acme Corp,Data Export/Import,Medium,Reopened,2024-01-19 16:59:09,2024-01-20 15:20:06,,sofia.moreau,Technical Team,Acme Corp,Chat,false,
SUP-2003067,Data Export/Import - Acme Corp,Data Export/Import,High,Closed,2024-01-06 14:40:35,2024-01-07 13:12:30,2024-01-07 13:25:30,maya.patel,Technical Team,Acme Corp,Chat,false,7.5
SUP-2003068,Billing Issue - Acme Corp,Billing Issue,Medium,Reopened,2024-01-06 23:57:16,2024-01-07 08:42:50,,carlos.silva,Finance Support,Acme Corp,Email,false,
SUP-2003069,Integration Problem - Acme Corp,Integration Problem,Medium,Closed,2024-01-17 10:01:32,2024-01-20 11:56:33,2024-01-20 12:11:33,jennifer.wu,Integration Team,Acme Corp,Portal,false,6.0
SUP-2003070,Billing Issue - RetailCo,Billing Issue,Medium,Closed,2024-01-19 18:02:27,2024-01-20 00:07:58,2024-01-20 00:42:58,maya.patel,Finance Support,RetailCo,Email,false,
SUP-2003071,Feature Request - RetailCo,Feature Request,Low,Closed,2024-01-18 04:53:57,2024-01-24 17:54:38,2024-01-24 18:04:38,jennifer.wu,Product Team,RetailCo,Email,false,7.7
SUP-2003072,Data Export/Import - RetailCo,Data Export/Import,Low,Escalated,2024-01-19 10:29:35,2024-01-21 00:46:24,,sofia.moreau,Technical Team,RetailCo,Chat,false,
SUP-2003073,Integration Problem - Global Finance,Integration Problem,Medium,Closed,2024-01-04 14:06:38,2024-01-09 23:43:29,2024-01-09 23:59:29,thomas.berg,Integration Team,Global Finance,Phone,true,4.4
SUP-2003074,Billing Issue - StartupXYZ,Billing Issue,Medium,Closed,2024-01-03 12:10:41,2024-01-04 03:28:21,2024-01-04 03:34:21,carlos.silva,Finance Support,StartupXYZ,Chat,false,
SUP-2003075,Billing Issue - MedGroup,Billing Issue,High,Closed,2024-01-20 12:21:34,2024-01-20 22:13:34,2024-01-20 22:26:34,sofia.moreau,Finance Support,MedGroup,Chat,false,5.7
SUP-2003076,Technical Support - MedGroup,Technical Support,Medium,Closed,2024-01-02 08:16:11,2024-01-03 05:02:34,2024-01-03 06:02:34,alex.chen,Technical Team,MedGroup,Portal,false,7.8
SUP-2003077,Technical Support - MedGroup,Technical Support,Medium,Closed,2024-01-10 03:09:28,2024-01-10 21:03:18,2024-01-10 22:01:18,carlos.silva,Technical Team,MedGroup,Phone,false,5.2
SUP-2003078,Billing Issue - TechStart Inc,Billing Issue,Low,Closed,2024-01-10 00:13:40,2024-01-13 15:49:54,2024-01-13 16:11:54,thomas.berg,Finance Support,TechStart Inc,Phone,false,7.0
SUP-2003079,Technical Support - CityCouncil,Technical Support,Medium,Closed,2024-01-09 19:45:23,2024-01-10 22:56:54,2024-01-10 23:03:54,laura.smith,Technical Team,CityCouncil,Email,false,
SUP-2003080,Feature Request - CityCouncil,Feature Request,Medium,Closed,2024-01-08 10:35:40,2024-01-09 07:13:14,2024-01-09 07:49:14,jennifer.wu,Product Team,CityCouncil,Portal,false,
SUP-2003081,Performance Issue - StartupXYZ,Performance Issue,Low,Closed,2024-01-05 09:05:19,2024-01-08 03:07:57,2024-01-08 03:35:57,alex.chen,Engineering,StartupXYZ,Phone,false,7.7
SUP-2003082,Billing Issue - UniServices,Billing Issue,Low,Closed,2024-01-07 10:34:58,2024-01-07 22:23:31,2024-01-07 23:03:31,carlos.silva,Finance Support,UniServices,Phone,false,7.2
SUP-2003083,Technical Support - RetailCo,Technical Support,Medium,Closed,2024-01-23 16:09:51,2024-01-25 23:35:54,2024-01-26 00:06:54,maya.patel,Technical Team,RetailCo,Chat,false,7.7
SUP-2003084,Integration Problem - StartupXYZ,Integration Problem,Medium,Closed,2024-01-18 11:03:51,2024-01-19 18:22:31,2024-01-19 18:48:31,alex.chen,Integration Team,StartupXYZ,Email,false,6.6
SUP-2003085,Technical Support - RetailCo,Technical Support,Critical,Closed,2024-01-26 13:14:49,2024-01-26 15:39:45,2024-01-26 16:30:45,sofia.moreau,Technical Team,RetailCo,Email,false,6.7
SUP-2003086,Technical Support - UniServices,Technical Support,Medium,Reopened,2024-01-03 16:35:52,2024-01-04 11:32:57,,ryan.kim,Technical Team,UniServices,Chat,false,
SUP-2003087,Technical Support - TechStart Inc,Technical Support,Critical,Closed,2024-01-08 10:27:13,2024-01-08 12:38:33,2024-01-08 13:32:33,jennifer.wu,Technical Team,TechStart Inc,Email,false,8.3
SUP-2003088,Billing Issue - Acme Corp,Billing Issue,Medium,Closed,2024-01-08 12:45:52,2024-01-09 08:39:48,2024-01-09 09:35:48,thomas.berg,Finance Support,Acme Corp,Phone,false,4.5
SUP-2003089,Technical Support - TechStart Inc,Technical Support,High,Closed,2024-01-16 06:54:27,2024-01-17 21:32:17,2024-01-17 22:31:17,thomas.berg,Technical Team,TechStart Inc,Phone,true,5.8
SUP-2003090,Data Export/Import - Individual,Data Export/Import,High,Closed,2024-01-26 12:18:27,2024-01-26 16:25:03,2024-01-26 16:43:03,carlos.silva,Technical Team,Individual,Chat,false,
SUP-2003091,Billing Issue - StartupXYZ,Billing Issue,Low,Closed,2024-01-17 11:22:38,2024-01-17 17:09:47,2024-01-17 18:05:47,ryan.kim,Finance Support,StartupXYZ,Chat,false,7.7
SUP-2003092,Technical Support - UniServices,Technical Support,Low,Closed,2024-01-09 14:13:27,2024-01-11 08:14:56,2024-01-11 08:50:56,alex.chen,Technical Team,UniServices,Portal,false,7.9
SUP-2003093,Billing Issue - Individual,Billing Issue,Medium,Escalated,2024-01-01 11:19:01,2024-01-02 10:57:20,,ryan.kim,Finance Support,Individual,Chat,false,
SUP-2003094,Billing Issue - Acme Corp,Billing Issue,Low,Escalated,2024-01-09 08:46:08,2024-01-13 15:05:02,,carlos.silva,Finance Support,Acme Corp,Chat,false,
SUP-2003095,Feature Request - StartupXYZ,Feature Request,Medium,Escalated,2024-01-08 10:06:05,2024-01-10 23:04:46,,thomas.berg,Product Team,StartupXYZ,Email,false,
SUP-2003096,Billing Issue - MedGroup,Billing Issue,Low,Closed,2024-01-23 11:51:09,2024-01-27 14:25:55,2024-01-27 14:30:55,laura.smith,Finance Support,MedGroup,Chat,false,
SUP-2003097,Feature Request - Global Finance,Feature Request,High,Closed,2024-01-19 09:53:35,2024-01-21 20:58:45,2024-01-21 21:58:45,thomas.berg,Product Team,Global Finance,Chat,true,3.1
SUP-2003098,Billing Issue - RetailCo,Billing Issue,Medium,Closed,2024-01-04 15:19:52,2024-01-05 11:01:46,2024-01-05 12:00:46,jennifer.wu,Finance Support,RetailCo,Portal,false,6.2
SUP-2003099,Billing Issue - Global Finance,Billing Issue,High,Closed,2024-01-08 14:44:33,2024-01-09 02:58:38,2024-01-09 03:28:38,sofia.moreau,Finance Support,Global Finance,Chat,false,7.7
SUP-2003100,Feature Request - StartupXYZ,Feature Request,Low,Closed,2024-01-15 14:35:02,2024-01-18 00:25:05,2024-01-18 01:21:05,laura.smith,Product Team,StartupXYZ,Email,false,6.5
SUP-2003101,Feature Request - RetailCo,Feature Request,Medium,Closed,2024-01-05 11:43:40,2024-01-06 18:47:39,2024-01-06 19:40:39,maya.patel,Product Team,RetailCo,Portal,false,5.0
SUP-2003102,Feature Request - RetailCo,Feature Request,High,Closed,2024-01-05 09:34:26,2024-01-05 18:13:20,2024-01-05 18:53:20,ryan.kim,Product Team,RetailCo,Portal,false,5.5
SUP-2003103,Billing Issue - TechStart Inc,Billing Issue,Medium,Reopened,2024-01-10 13:11:17,2024-01-11 20:36:57,,carlos.silva,Finance Support,TechStart Inc,Portal,false,
SUP-2003104,Integration Problem - Acme Corp,Integration Problem,Critical,Closed,2024-01-15 08:59:37,2024-01-15 11:06:36,2024-01-15 11:51:36,alex.chen,Integration Team,Acme Corp,Portal,false,
SUP-2003105,Performance Issue - MedGroup,Performance Issue,Medium,Closed,2024-01-12 16:23:41,2024-01-15 15:39:24,2024-01-15 16:14:24,carlos.silva,Engineering,MedGroup,Portal,false,
SUP-2003106,Feature Request - CityCouncil,Feature Request,Low,Closed,2024-01-26 15:15:46,2024-02-06 07:07:12,2024-02-06 07:31:12,sofia.moreau,Product Team,CityCouncil,Email,true,5.4
SUP-2003107,Feature Request - TechStart Inc,Feature Request,High,Closed,2024-01-05 15:47:04,2024-01-06 03:23:48,2024-01-06 04:04:48,laura.smith,Product Team,TechStart Inc,Phone,false,6.3
SUP-2003108,Performance Issue - Global Finance,Performance Issue,Medium,Closed,2024-01-10 17:46:59,2024-01-11 14:46:30,2024-01-11 15:38:30,jennifer.wu,Engineering,Global Finance,Chat,false,
SUP-2003109,Technical Support - StartupXYZ,Technical Support,Low,Closed,2024-01-16 18:46:45,2024-01-20 06:04:46,2024-01-20 07:04:46,thomas.berg,Technical Team,StartupXYZ,Chat,false,
SUP-2003110,Billing Issue - Global Finance,Billing Issue,Medium,Closed,2024-01-11 10:19:54,2024-01-12 04:05:57,2024-01-12 04:37:57,maya.patel,Finance Support,Global Finance,Chat,false,7.9
SUP-2003111,Data Export/Import - RetailCo,Data Export/Import,Low,Closed,2024-01-09 14:39:27,2024-01-12 15:28:16,2024-01-12 16:22:16,laura.smith,Technical Team,RetailCo,Portal,false,7.3
SUP-2003112,Billing Issue - Global Finance,Billing Issue,Medium,Closed,2024-01-15 06:26:54,2024-01-15 23:52:10,2024-01-16 00:39:10,alex.chen,Finance Support,Global Finance,Portal,false,7.8
SUP-2003113,Account Management - Global Finance,Account Management,Low,Closed,2024-01-19 12:41:26,2024-01-23 13:25:41,2024-01-23 13:51:41,jennifer.wu,Account Team,Global Finance,Phone,false,
SUP-2003114,Feature Request - StartupXYZ,Feature Request,Low,Reopened,2024-01-11 11:53:00,2024-01-24 13:43:13,,ryan.kim,Product Team,StartupXYZ,Portal,false,
SUP-2003115,Account Management - Acme Corp,Account Management,Low,Closed,2024-01-10 13:12:31,2024-01-15 14:24:28,2024-01-15 14:44:28,alex.chen,Account Team,Acme Corp,Phone,false,
SUP-2003116,Feature Request - Acme Corp,Feature Request,Medium,Closed,2024-01-13 16:13:49,2024-01-18 02:50:06,2024-01-18 03:45:06,thomas.berg,Product Team,Acme Corp,Phone,true,
SUP-2003117,Billing Issue - TechStart Inc,Billing Issue,Medium,Closed,2024-01-18 10:36:44,2024-01-20 02:27:53,2024-01-20 03:21:53,sofia.moreau,Finance Support,TechStart Inc,Email,false,7.6
SUP-2003118,Billing Issue - RetailCo,Billing Issue,Medium,Closed,2024-01-16 15:10:04,2024-01-17 01:30:03,2024-01-17 01:56:03,maya.patel,Finance Support,RetailCo,Chat,false,8.0
SUP-2003119,Technical Support - CityCouncil,Technical Support,Medium,Closed,2024-01-12 11:59:22,2024-01-13 17:21:58,2024-01-13 17:57:58,laura.smith,Technical Team,CityCouncil,Phone,false,
SUP-2003120,Billing Issue - Individual,Billing Issue,Medium,Closed,2024-01-03 15:31:54,2024-01-04 06:15:24,2024-01-04 06:36:24,laura.smith,Finance Support,Individual,Portal,false,7.2
SUP-2003121,Integration Problem - Acme Corp,Integration Problem,Medium,Closed,2024-01-19 09:44:32,2024-01-22 03:35:38,2024-01-22 03:53:38,laura.smith,Integration Team,Acme Corp,Phone,false,6.3
SUP-2003122,Technical Support - Global Finance,Technical Support,Low,Closed,2024-01-22 13:05:39,2024-01-27 00:24:59,2024-01-27 00:32:59,carlos.silva,Technical Team,Global Finance,Portal,false,
SUP-2003123,Technical Support - Global Finance,Technical Support,Medium,Closed,2024-01-15 11:37:41,2024-01-17 05:05:09,2024-01-17 05:42:09,alex.chen,Technical Team,Global Finance,Phone,false,7.1
SUP-2003124,Account Management - Global Finance,Account Management,Medium,Closed,2024-01-04 13:55:25,2024-01-05 03:28:27,2024-01-05 04:16:27,jennifer.wu,Account Team,Global Finance,Phone,false,6.0
SUP-2003125,Feature Request - RetailCo,Feature Request,High,Closed,2024-01-03 12:14:22,2024-01-04 23:35:48,2024-01-05 00:10:48,maya.patel,Product Team,RetailCo,Phone,true,7.2
SUP-2003126,Technical Support - StartupXYZ,Technical Support,Medium,Closed,2024-01-19 09:04:16,2024-01-21 15:55:24,2024-01-21 16:31:24,laura.smith,Technical Team,StartupXYZ,Email,false,7.1
SUP-2003127,Data Export/Import - RetailCo,Data Export/Import,Medium,Closed,2024-01-15 13:14:05,2024-01-16 14:13:51,2024-01-16 15:09:51,laura.smith,Technical Team,RetailCo,Chat,false,
SUP-2003128,Billing Issue - Global Finance,Billing Issue,Medium,Closed,2024-01-19 12:17:14,2024-01-20 08:44:30,2024-01-20 09:33:30,alex.chen,Finance Support,Global Finance,Chat,false,6.6
SUP-2003129,Billing Issue - MedGroup,Billing Issue,High,Closed,2024-01-08 08:28:33,2024-01-08 21:56:41,2024-01-08 22:22:41,alex.chen,Finance Support,MedGroup,Phone,false,
SUP-2003130,Account Management - CityCouncil,Account Management,Critical,Escalated,2024-01-18 09:30:06,2024-01-18 12:17:38,,carlos.silva,Account Team,CityCouncil,Email,false,
SUP-2003131,Performance Issue - Acme Corp,Performance Issue,Low,Closed,2024-01-01 11:26:30,2024-01-04 00:28:09,2024-01-04 00:37:09,laura.smith,Engineering,Acme Corp,Email,false,
SUP-2003132,Data Export/Import - TechStart Inc,Data Export/Import,Medium,Closed,2024-01-01 11:55:26,2024-01-01 21:48:57,2024-01-01 22:16:57,alex.chen,Technical Team,TechStart Inc,Portal,false,
SUP-2003133,Technical Support - RetailCo,Technical Support,Medium,Closed,2024-01-25 15:10:13,2024-01-26 18:55:29,2024-01-26 19:29:29,alex.chen,Technical Team,RetailCo,Email,false,7.7
SUP-2003134,Billing Issue - RetailCo,Billing Issue,Low,Reopened,2024-01-10 18:22:03,2024-01-12 11:46:57,,laura.smith,Finance Support,RetailCo,Email,false,
SUP-2003135,Account Management - StartupXYZ,Account Management,Medium,Closed,2024-01-27 15:30:00,2024-01-31 19:25:46,2024-01-31 19:46:46,laura.smith,Account Team,StartupXYZ,Email,true,7.2
SUP-2003136,Account Management - CityCouncil,Account Management,Medium,Closed,2024-01-16 12:34:04,2024-01-18 04:04:05,2024-01-18 04:40:05,thomas.berg,Account Team,CityCouncil,Phone,false,5.0
SUP-2003137,Billing Issue - CityCouncil,Billing Issue,Medium,Closed,2024-01-16 09:45:55,2024-01-17 20:06:59,2024-01-17 20:30:59,ryan.kim,Finance Support,CityCouncil,Portal,false,7.6
SUP-2003138,Performance Issue - Individual,Performance Issue,Low,Escalated,2024-01-04 11:21:28,2024-01-11 20:07:15,,thomas.berg,Engineering,Individual,Phone,false,
SUP-2003139,Account Management - Global Finance,Account Management,Medium,Closed,2024-01-11 15:51:42,2024-01-13 10:23:46,2024-01-13 10:34:46,maya.patel,Account Team,Global Finance,Portal,false,6.9
SUP-2003140,Feature Request - MedGroup,Feature Request,Medium,Closed,2024-01-09 11:02:20,2024-01-13 01:22:05,2024-01-13 02:09:05,carlos.silva,Product Team,MedGroup,Email,false,
SUP-2003141,Feature Request - MedGroup,Feature Request,Low,Closed,2024-01-13 16:12:58,2024-01-21 10:07:56,2024-01-21 11:03:56,carlos.silva,Product Team,MedGroup,Phone,false,2.7
SUP-2003142,Performance Issue - RetailCo,Performance Issue,High,Closed,2024-01-03 15:44:06,2024-01-04 09:08:47,2024-01-04 09:37:47,carlos.silva,Engineering,RetailCo,Chat,false,7.0
SUP-2003143,Integration Problem - MedGroup,Integration Problem,Low,Closed,2024-01-01 07:57:16,2024-01-12 08:15:43,2024-01-12 08:33:43,ryan.kim,Integration Team,MedGroup,Chat,true,
SUP-2003144,Billing Issue - Acme Corp,Billing Issue,Critical,Closed,2024-01-19 11:13:35,2024-01-19 12:39:23,2024-01-19 13:35:23,carlos.silva,Finance Support,Acme Corp,Portal,false,
SUP-2003145,Billing Issue - Individual,Billing Issue,High,Closed,2024-01-27 03:24:22,2024-01-27 05:33:29,2024-01-27 06:03:29,sofia.moreau,Finance Support,Individual,Chat,false,7.5
SUP-2003146,Account Management - StartupXYZ,Account Management,High,Closed,2024-01-11 06:25:18,2024-01-11 17:31:26,2024-01-11 18:19:26,ryan.kim,Account Team,StartupXYZ,Portal,false,7.8
SUP-2003147,Billing Issue - Acme Corp,Billing Issue,Low,Closed,2024-01-05 08:06:45,2024-01-13 00:00:31,2024-01-13 00:06:31,thomas.berg,Finance Support,Acme Corp,Chat,false,6.2
SUP-2003148,Performance Issue - Global Finance,Performance Issue,Low,Closed,2024-01-01 09:39:25,2024-01-03 21:01:31,2024-01-03 21:38:31,jennifer.wu,Engineering,Global Finance,Email,false,
SUP-2003149,Billing Issue - Acme Corp,Billing Issue,Medium,Closed,2024-01-10 08:01:01,2024-01-10 21:50:23,2024-01-10 21:59:23,alex.chen,Finance Support,Acme Corp,Phone,false,7.9
SUP-2003150,Feature Request - StartupXYZ,Feature Request,High,Closed,2024-01-08 09:59:45,2024-01-08 21:22:02,2024-01-08 22:10:02,thomas.berg,Product Team,StartupXYZ,Email,false,4.5
SUP-2003151,Account Management - TechStart Inc,Account Management,Medium,Closed,2024-01-02 17:13:04,2024-01-03 17:23:11,2024-01-03 18:03:11,jennifer.wu,Account Team,TechStart Inc,Phone,false,6.8
SUP-2003152,Performance Issue - Individual,Performance Issue,Medium,Closed,2024-01-04 16:32:09,2024-01-05 17:57:20,2024-01-05 18:49:20,laura.smith,Engineering,Individual,Portal,false,
SUP-2003153,Billing Issue - StartupXYZ,Billing Issue,Critical,Closed,2024-01-23 05:13:05,2024-01-23 06:32:41,2024-01-23 07:00:41,sofia.moreau,Finance Support,StartupXYZ,Phone,false,
SUP-2003154,Technical Support - UniServices,Technical Support,High,Closed,2024-01-12 14:07:18,2024-01-13 09:37:23,2024-01-13 09:51:23,carlos.silva,Technical Team,UniServices,Phone,false,7.1
SUP-2003155,Feature Request - Global Finance,Feature Request,High,Closed,2024-01-01 08:47:53,2024-01-02 01:13:05,2024-01-02 01:33:05,alex.chen,Product Team,Global Finance,Chat,false,5.9
SUP-2003156,Billing Issue - Global Finance,Billing Issue,Low,Closed,2024-01-11 15:42:36,2024-01-23 11:11:43,2024-01-23 12:02:43,ryan.kim,Finance Support,Global Finance,Chat,true,
SUP-2003157,Technical Support - Individual,Technical Support,Medium,Reopened,2024-01-24 16:33:23,2024-01-26 00:34:35,,thomas.berg,Technical Team,Individual,Portal,false,
SUP-2003158,Integration Problem - StartupXYZ,Integration Problem,High,Closed,2024-01-04 09:13:13,2024-01-04 21:06:27,2024-01-04 22:01:27,ryan.kim,Integration Team,StartupXYZ,Portal,false,6.5
SUP-2003159,Data Export/Import - MedGroup,Data Export/Import,Low,Closed,2024-01-15 16:54:45,2024-01-21 14:23:16,2024-01-21 14:50:16,thomas.berg,Technical Team,MedGroup,Chat,false,5.5
SUP-2003160,Feature Request - MedGroup,Feature Request,High,Closed,2024-01-17 11:43:05,2024-01-18 17:37:00,2024-01-18 18:36:00,maya.patel,Product Team,MedGroup,Chat,true,
SUP-2003161,Billing Issue - Acme Corp,Billing Issue,High,Reopened,2024-01-22 12:09:30,2024-01-22 17:55:45,,thomas.berg,Finance Support,Acme Corp,Portal,false,
SUP-2003162,Billing Issue - UniServices,Billing Issue,High,Closed,2024-01-16 10:18:14,2024-01-16 13:20:53,2024-01-16 13:55:53,maya.patel,Finance Support,UniServices,Portal,false,5.8
SUP-2003163,Technical Support - RetailCo,Technical Support,Medium,Closed,2024-01-25 14:31:17,2024-01-26 17:07:31,2024-01-26 17:38:31,maya.patel,Technical Team,RetailCo,Email,false,7.3
SUP-2003164,Billing Issue - TechStart Inc,Billing Issue,Medium,Reopened,2024-01-22 16:11:09,2024-01-24 07:42:55,,laura.smith,Finance Support,TechStart Inc,Phone,false,
SUP-2003165,Technical Support - CityCouncil,Technical Support,Medium,Closed,2024-01-24 12:47:44,2024-01-25 09:08:31,2024-01-25 10:07:31,maya.patel,Technical Team,CityCouncil,Phone,false,8.1
SUP-2003166,Integration Problem - CityCouncil,Integration Problem,Low,Closed,2024-01-11 03:56:59,2024-01-21 01:13:20,2024-01-21 01:21:20,alex.chen,Integration Team,CityCouncil,Portal,false,
SUP-2003167,Integration Problem - Acme Corp,Integration Problem,Medium,Closed,2024-01-17 12:50:29,2024-01-18 12:47:18,2024-01-18 13:04:18,thomas.berg,Integration Team,Acme Corp,Phone,false,
SUP-2003168,Technical Support - Acme Corp,Technical Support,Low,Closed,2024-01-24 09:30:29,2024-02-05 21:00:10,2024-02-05 21:07:10,thomas.berg,Technical Team,Acme Corp,Chat,true,4.4
SUP-2003169,Billing Issue - MedGroup,Billing Issue,Critical,Closed,2024-01-04 13:51:25,2024-01-04 15:38:40,2024-01-04 15:59:40,laura.smith,Finance Support,MedGroup,Email,false,7.2
SUP-2003170,Data Export/Import - StartupXYZ,Data Export/Import,High,Escalated,2024-01-09 15:08:47,2024-01-09 17:43:16,,laura.smith,Technical Team,StartupXYZ,Portal,false,
SUP-2003171,Billing Issue - UniServices,Billing Issue,High,Closed,2024-01-08 19:40:34,2024-01-09 01:20:04,2024-01-09 01:42:04,maya.patel,Finance Support,UniServices,Chat,false,6.9
SUP-2003172,Technical Support - CityCouncil,Technical Support,Low,Closed,2024-01-04 11:20:07,2024-01-08 16:32:19,2024-01-08 17:30:19,sofia.moreau,Technical Team,CityCouncil,Chat,false,7.0
SUP-2003173,Feature Request - Global Finance,Feature Request,Medium,Closed,2024-01-19 14:32:25,2024-01-27 20:50:07,2024-01-27 21:18:07,carlos.silva,Product Team,Global Finance,Phone,true,
SUP-2003174,Performance Issue - MedGroup,Performance Issue,Medium,Closed,2024-01-06 10:54:35,2024-01-08 04:00:24,2024-01-08 04:54:24,maya.patel,Engineering,MedGroup,Email,false,5.9
SUP-2003175,Data Export/Import - RetailCo,Data Export/Import,Medium,Closed,2024-01-18 16:58:56,2024-01-19 14:05:53,2024-01-19 14:42:53,ryan.kim,Technical Team,RetailCo,Portal,false,6.9
SUP-2003176,Technical Support - Global Finance,Technical Support,High,Closed,2024-01-12 05:38:31,2024-01-13 10:57:17,2024-01-13 11:05:17,ryan.kim,Technical Team,Global Finance,Phone,true,6.4
SUP-2003177,Feature Request - Individual,Feature Request,Medium,Closed,2024-01-20 09:09:59,2024-01-21 17:23:07,2024-01-21 17:35:07,maya.patel,Product Team,Individual,Chat,false,5.7
SUP-2003178,Feature Request - CityCouncil,Feature Request,Medium,Closed,2024-01-19 09:43:53,2024-01-22 21:08:22,2024-01-22 21:43:22,carlos.silva,Product Team,CityCouncil,Portal,false,5.5
SUP-2003179,Data Export/Import - CityCouncil,Data Export/Import,Medium,Closed,2024-01-04 12:05:16,2024-01-05 18:16:22,2024-01-05 18:31:22,carlos.silva,Technical Team,CityCouncil,Portal,false,7.1
SUP-2003180,Technical Support - StartupXYZ,Technical Support,High,Closed,2024-01-19 14:54:35,2024-01-19 17:01:48,2024-01-19 17:37:48,sofia.moreau,Technical Team,StartupXYZ,Email,false,6.8
SUP-2003181,Account Management - Acme Corp,Account Management,High,Closed,2024-01-06 09:37:51,2024-01-06 14:30:15,2024-01-06 15:18:15,alex.chen,Account Team,Acme Corp,Portal,false,6.3
SUP-2003182,Billing Issue - CityCouncil,Billing Issue,Critical,Closed,2024-01-16 15:51:28,2024-01-16 18:47:05,2024-01-16 19:44:05,alex.chen,Finance Support,CityCouncil,Phone,false,
SUP-2003183,Feature Request - RetailCo,Feature Request,Low,Closed,2024-01-15 11:32:50,2024-01-24 22:06:41,2024-01-24 23:06:41,maya.patel,Product Team,RetailCo,Portal,false,6.1
SUP-2003184,Performance Issue - UniServices,Performance Issue,Critical,Escalated,2024-01-19 12:50:32,2024-01-19 15:39:51,,laura.smith,Engineering,UniServices,Portal,false,
SUP-2003185,Billing Issue - TechStart Inc,Billing Issue,Low,Closed,2024-01-16 08:30:05,2024-01-20 08:22:58,2024-01-20 08:33:58,thomas.berg,Finance Support,TechStart Inc,Chat,false,6.2
SUP-2003186,Integration Problem - Acme Corp,Integration Problem,Critical,Closed,2024-01-17 13:52:36,2024-01-17 18:29:49,2024-01-17 19:11:49,maya.patel,Integration Team,Acme Corp,Email,true,5.2
SUP-2003187,Integration Problem - CityCouncil,Integration Problem,Low,Closed,2024-01-05 13:10:37,2024-01-12 03:22:52,2024-01-12 04:10:52,laura.smith,Integration Team,CityCouncil,Email,false,7.2
SUP-2003188,Technical Support - Acme Corp,Technical Support,Low,Escalated,2024-01-26 13:15:47,2024-02-04 17:11:41,,thomas.berg,Technical Team,Acme Corp,Phone,false,
SUP-2003189,Integration Problem - Global Finance,Integration Problem,Medium,Closed,2024-01-27 15:25:17,2024-01-29 16:16:29,2024-01-29 16:47:29,sofia.moreau,Integration Team,Global Finance,Email,false,5.5
SUP-2003190,Technical Support - Global Finance,Technical Support,High,Closed,2024-01-17 09:25:52,2024-01-17 19:15:11,2024-01-17 19:20:11,sofia.moreau,Technical Team,Global Finance,Phone,false,6.9
SUP-2003191,Feature Request - TechStart Inc,Feature Request,Medium,Closed,2024-01-16 13:13:42,2024-01-26 00:54:31,2024-01-26 01:14:31,laura.smith,Product Team,TechStart Inc,Email,true,6.9
SUP-2003192,Performance Issue - RetailCo,Performance Issue,Low,Closed,2024-01-25 12:04:25,2024-01-30 12:50:31,2024-01-30 13:14:31,jennifer.wu,Engineering,RetailCo,Portal,false,
SUP-2003193,Billing Issue - StartupXYZ,Billing Issue,Low,Closed,2024-01-01 08:52:49,2024-01-03 07:35:44,2024-01-03 08:26:44,thomas.berg,Finance Support,StartupXYZ,Phone,false,7.4
SUP-2003194,Billing Issue - RetailCo,Billing Issue,Medium,Closed,2024-01-17 12:22:32,2024-01-17 15:37:16,2024-01-17 16:35:16,carlos.silva,Finance Support,RetailCo,Portal,false,6.1
SUP-2003195,Technical Support - Acme Corp,Technical Support,High,Closed,2024-01-11 09:04:42,2024-01-12 19:27:20,2024-01-12 19:34:20,thomas.berg,Technical Team,Acme Corp,Portal,true,4.7
SUP-2003196,Billing Issue - MedGroup,Billing Issue,Medium,Reopened,2024-01-23 16:01:59,2024-01-24 07:54:10,,laura.smith,Finance Support,MedGroup,Phone,false,
SUP-2003197,Integration Problem - Individual,Integration Problem,Low,Escalated,2024-01-01 13:13:08,2024-01-09 12:39:16,,thomas.berg,Integration Team,Individual,Portal,false,
SUP-2003198,Billing Issue - Acme Corp,Billing Issue,High,Closed,2024-01-15 14:22:21,2024-01-15 18:20:41,2024-01-15 18:31:41,maya.patel,Finance Support,Acme Corp,Portal,false,
SUP-2003199,Billing Issue - Global Finance,Billing Issue,Low,Closed,2024-01-09 09:43:17,2024-01-12 11:42:37,2024-01-12 12:33:37,carlos.silva,Finance Support,Global Finance,Chat,false,7.0
SUP-2003200,Feature Request - Global Finance,Feature Request,High,Closed,2024-01-04 08:52:08,2024-01-04 22:12:31,2024-01-04 22:59:31,jennifer.wu,Product Team,Global Finance,Portal,false,5.7
SUP-2003201,Feature Request - Individual,Feature Request,Medium,Closed,2024-01-15 12:35:55,2024-01-17 01:40:12,2024-01-17 02:11:12,ryan.kim,Product Team,Individual,Portal,false,5.3
SUP-2003202,Performance Issue - Acme Corp,Performance Issue,Medium,Closed,2024-01-19 16:24:18,2024-01-21 03:59:31,2024-01-21 04:57:31,alex.chen,Engineering,Acme Corp,Email,false,7.4
SUP-2003203,Billing Issue - Global Finance,Billing Issue,Medium,Closed,2024-01-05 14:40:47,2024-01-09 15:18:05,2024-01-09 15:56:05,sofia.moreau,Finance Support,Global Finance,Chat,true,7.9
SUP-2003204,Account Management - StartupXYZ,Account Management,Low,Closed,2024-01-02 12:03:14,2024-01-04 23:03:10,2024-01-05 00:03:10,alex.chen,Account Team,StartupXYZ,Email,false,9.2
SUP-2003205,Technical Support - Acme Corp,Technical Support,Critical,Closed,2024-01-11 15:12:09,2024-01-11 17:02:54,2024-01-11 17:10:54,alex.chen,Technical Team,Acme Corp,Phone,false,5.2
SUP-2003206,Data Export/Import - MedGroup,Data Export/Import,Medium,Closed,2024-01-22 10:29:59,2024-01-23 14:55:01,2024-01-23 15:28:01,maya.patel,Technical Team,MedGroup,Phone,false,5.8
SUP-2003207,Performance Issue - RetailCo,Performance Issue,Medium,Closed,2024-01-19 12:03:02,2024-01-22 11:19:39,2024-01-22 11:28:39,laura.smith,Engineering,RetailCo,Phone,false,
SUP-2003208,Billing Issue - RetailCo,Billing Issue,Medium,Closed,2024-01-24 15:34:46,2024-01-26 16:52:58,2024-01-26 17:32:58,carlos.silva,Finance Support,RetailCo,Portal,false,
SUP-2003209,Billing Issue - TechStart Inc,Billing Issue,Medium,Closed,2024-01-22 10:45:42,2024-01-23 16:11:46,2024-01-23 16:41:46,sofia.moreau,Finance Support,TechStart Inc,Email,false,7.2
SUP-2003210,Integration Problem - Acme Corp,Integration Problem,Medium,Escalated,2024-01-16 00:42:07,2024-01-20 10:28:50,,carlos.silva,Integration Team,Acme Corp,Portal,false,
SUP-2003211,Billing Issue - TechStart Inc,Billing Issue,Medium,Closed,2024-01-12 11:25:56,2024-01-12 21:17:21,2024-01-12 21:32:21,jennifer.wu,Finance Support,TechStart Inc,Chat,false,8.1
SUP-2003212,Integration Problem - MedGroup,Integration Problem,High,Closed,2024-01-12 08:11:40,2024-01-13 07:06:16,2024-01-13 07:24:16,alex.chen,Integration Team,MedGroup,Phone,false,5.7
SUP-2003213,Integration Problem - TechStart Inc,Integration Problem,Low,Closed,2024-01-04 22:31:09,2024-01-12 17:31:11,2024-01-12 18:16:11,maya.patel,Integration Team,TechStart Inc,Phone,false,
SUP-2003214,Integration Problem - TechStart Inc,Integration Problem,High,Closed,2024-01-03 15:17:52,2024-01-03 21:25:44,2024-01-03 21:43:44,alex.chen,Integration Team,TechStart Inc,Email,false,7.1
SUP-2003215,Feature Request - TechStart Inc,Feature Request,Medium,Closed,2024-01-03 11:21:37,2024-01-04 20:26:36,2024-01-04 20:52:36,carlos.silva,Product Team,TechStart Inc,Email,false,5.7
SUP-2003216,Feature Request - StartupXYZ,Feature Request,High,Closed,2024-01-05 15:42:31,2024-01-07 02:28:00,2024-01-07 03:18:00,laura.smith,Product Team,StartupXYZ,Chat,true,6.3
SUP-2003217,Account Management - Acme Corp,Account Management,Medium,Closed,2024-01-11 09:26:51,2024-01-12 08:28:48,2024-01-12 09:00:48,jennifer.wu,Account Team,Acme Corp,Portal,false,5.1
SUP-2003218,Feature Request - RetailCo,Feature Request,High,Closed,2024-01-17 08:17:33,2024-01-17 16:40:50,2024-01-17 17:31:50,carlos.silva,Product Team,RetailCo,Phone,false,5.8
SUP-2003219,Technical Support - Global Finance,Technical Support,High,Closed,2024-01-09 10:14:37,2024-01-11 04:31:24,2024-01-11 05:02:24,ryan.kim,Technical Team,Global Finance,Portal,true,
SUP-2003220,Integration Problem - Global Finance,Integration Problem,Low,Closed,2024-01-25 09:49:19,2024-02-05 17:25:02,2024-02-05 17:30:02,ryan.kim,Integration Team,Global Finance,Email,true,
SUP-2003221,Billing Issue - TechStart Inc,Billing Issue,Medium,Closed,2024-01-16 08:38:05,2024-01-16 19:40:47,2024-01-16 20:24:47,alex.chen,Finance Support,TechStart Inc,Chat,false,7.9
SUP-2003222,Feature Request - Acme Corp,Feature Request,High,Closed,2024-01-17 12:35:00,2024-01-18 20:30:52,2024-01-18 20:59:52,carlos.silva,Product Team,Acme Corp,Email,true,
SUP-2003223,Billing Issue - TechStart Inc,Billing Issue,Medium,Closed,2024-01-12 08:48:03,2024-01-13 16:06:52,2024-01-13 17:00:52,thomas.berg,Finance Support,TechStart Inc,Email,false,6.3
SUP-2003224,Account Management - TechStart Inc,Account Management,Medium,Closed,2024-01-10 15:13:36,2024-01-11 21:16:26,2024-01-11 22:04:26,alex.chen,Account Team,TechStart Inc,Phone,false,7.1
SUP-2003225,Integration Problem - Acme Corp,Integration Problem,High,Escalated,2024-01-19 20:46:44,2024-01-20 20:36:51,,jennifer.wu,Integration Team,Acme Corp,Chat,false,
SUP-2003226,Technical Support - Global Finance,Technical Support,High,Closed,2024-01-16 12:36:48,2024-01-16 20:12:05,2024-01-16 21:02:05,maya.patel,Technical Team,Global Finance,Phone,false,6.0
SUP-2003227,Integration Problem - Acme Corp,Integration Problem,Medium,Closed,2024-01-25 15:06:12,2024-01-30 17:18:39,2024-01-30 18:06:39,thomas.berg,Integration Team,Acme Corp,Portal,true,4.7
SUP-2003228,Feature Request - UniServices,Feature Request,Low,Closed,2024-01-08 12:43:03,2024-01-17 04:39:13,2024-01-17 05:33:13,carlos.silva,Product Team,UniServices,Email,false,5.5
SUP-2003229,Technical Support - RetailCo,Technical Support,Low,Closed,2024-01-22 09:49:50,2024-01-23 17:52:17,2024-01-23 18:51:17,laura.smith,Technical Team,RetailCo,Chat,false,6.7
SUP-2003230,Billing Issue - RetailCo,Billing Issue,High,Closed,2024-01-02 08:29:17,2024-01-02 17:13:46,2024-01-02 17:24:46,laura.smith,Finance Support,RetailCo,Portal,false,
SUP-2003231,Account Management - Individual,Account Management,Low,Closed,2024-01-05 13:59:03,2024-01-07 12:27:38,2024-01-07 12:46:38,carlos.silva,Account Team,Individual,Phone,false,6.9
SUP-2003232,Billing Issue - TechStart Inc,Billing Issue,Low,Closed,2024-01-12 01:24:16,2024-01-14 02:00:49,2024-01-14 02:19:49,laura.smith,Finance Support,TechStart Inc,Phone,false,8.7
SUP-2003233,Billing Issue - TechStart Inc,Billing Issue,High,Closed,2024-01-02 09:06:58,2024-01-02 22:38:59,2024-01-02 23:32:59,alex.chen,Finance Support,TechStart Inc,Chat,false,8.2
SUP-2003234,Technical Support - Acme Corp,Technical Support,Low,Reopened,2024-01-23 09:33:44,2024-02-05 19:07:46,,thomas.berg,Technical Team,Acme Corp,Phone,false,
SUP-2003235,Technical Support - Acme Corp,Technical Support,High,Closed,2024-01-10 08:19:44,2024-01-10 12:42:05,2024-01-10 13:14:05,alex.chen,Technical Team,Acme Corp,Email,false,
SUP-2003236,Technical Support - RetailCo,Technical Support,Low,Closed,2024-01-04 12:24:08,2024-01-06 05:08:58,2024-01-06 05:45:58,maya.patel,Technical Team,RetailCo,Portal,false,6.7
SUP-2003237,Integration Problem - Acme Corp,Integration Problem,Medium,Closed,2024-01-22 18:46:19,2024-01-30 09:25:10,2024-01-30 09:32:10,alex.chen,Integration Team,Acme Corp,Chat,true,7.0
SUP-2003238,Feature Request - RetailCo,Feature Request,Medium,Closed,2024-01-11 12:16:45,2024-01-12 21:33:17,2024-01-12 22:30:17,jennifer.wu,Product Team,RetailCo,Chat,false,
SUP-2003239,Billing Issue - Global Finance,Billing Issue,Medium,Closed,2024-01-10 21:15:33,2024-01-11 15:57:00,2024-01-11 16:30:00,carlos.silva,Finance Support,Global Finance,Chat,false,7.7
SUP-2003240,Feature Request - Global Finance,Feature Request,High,Closed,2024-01-26 14:14:07,2024-01-29 01:18:49,2024-01-29 02:05:49,laura.smith,Product Team,Global Finance,Email,true,6.8
SUP-2003241,Technical Support - Acme Corp,Technical Support,Medium,Closed,2024-01-09 10:57:21,2024-01-11 18:18:52,2024-01-11 19:15:52,carlos.silva,Technical Team,Acme Corp,Email,false,5.8
SUP-2003242,Account Management - RetailCo,Account Management,Low,Closed,2024-01-19 13:50:11,2024-01-20 17:43:51,2024-01-20 18:03:51,jennifer.wu,Account Team,RetailCo,Chat,false,
SUP-2003243,Feature Request - Global Finance,Feature Request,Critical,Closed,2024-01-18 15:22:57,2024-01-18 18:53:29,2024-01-18 19:34:29,alex.chen,Product Team,Global Finance,Portal,false,
SUP-2003244,Data Export/Import - Acme Corp,Data Export/Import,Medium,Closed,2024-01-17 14:30:46,2024-01-18 19:49:11,2024-01-18 20:05:11,alex.chen,Technical Team,Acme Corp,Portal,false,7.4
SUP-2003245,Data Export/Import - TechStart Inc,Data Export/Import,High,Closed,2024-01-15 10:26:57,2024-01-15 18:52:22,2024-01-15 19:41:22,laura.smith,Technical Team,TechStart Inc,Phone,false,8.1
SUP-2003246,Billing Issue - CityCouncil,Billing Issue,Low,Closed,2024-01-11 00:57:05,2024-01-14 14:41:30,2024-01-14 15:31:30,alex.chen,Finance Support,CityCouncil,Portal,false,7.5
SUP-2003247,Integration Problem - TechStart Inc,Integration Problem,Critical,Closed,2024-01-04 18:19:12,2024-01-04 21:15:19,2024-01-04 22:09:19,ryan.kim,Integration Team,TechStart Inc,Portal,false,6.2
SUP-2003248,Billing Issue - MedGroup,Billing Issue,Medium,Closed,2024-01-02 09:10:36,2024-01-02 19:31:24,2024-01-02 20:12:24,alex.chen,Finance Support,MedGroup,Email,false,7.6
SUP-2003249,Account Management - Global Finance,Account Management,Low,Closed,2024-01-09 13:19:53,2024-01-18 08:40:03,2024-01-18 09:15:03,alex.chen,Account Team,Global Finance,Portal,false,7.7
SUP-2003250,Integration Problem - Acme Corp,Integration Problem,High,Closed,2024-01-09 21:51:40,2024-01-10 04:46:36,2024-01-10 05:33:36,alex.chen,Integration Team,Acme Corp,Phone,false,
SUP-2003251,Integration Problem - RetailCo,Integration Problem,Medium,Closed,2024-01-02 10:31:02,2024-01-04 20:09:26,2024-01-04 20:58:26,sofia.moreau,Integration Team,RetailCo,Chat,false,6.5
SUP-2003252,Performance Issue - RetailCo,Performance Issue,High,Closed,2024-01-16 14:21:43,2024-01-16 17:38:31,2024-01-16 18:02:31,jennifer.wu,Engineering,RetailCo,Email,false,
SUP-2003253,Data Export/Import - Acme Corp,Data Export/Import,Medium,Closed,2024-01-18 08:24:09,2024-01-19 11:52:04,2024-01-19 12:23:04,carlos.silva,Technical Team,Acme Corp,Email,false,6.0
SUP-2003254,Technical Support - Global Finance,Technical Support,Medium,Closed,2024-01-22 13:58:17,2024-01-24 03:27:46,2024-01-24 03:55:46,jennifer.wu,Technical Team,Global Finance,Portal,false,7.6
SUP-2003255,Performance Issue - Acme Corp,Performance Issue,Medium,Closed,2024-01-08 12:51:55,2024-01-10 11:20:46,2024-01-10 11:26:46,sofia.moreau,Engineering,Acme Corp,Chat,false,
SUP-2003256,Performance Issue - Individual,Performance Issue,High,Escalated,2024-01-10 15:35:27,2024-01-10 21:52:10,,thomas.berg,Engineering,Individual,Chat,false,
SUP-2003257,Billing Issue - Acme Corp,Billing Issue,Critical,Closed,2024-01-17 13:09:45,2024-01-17 15:09:19,2024-01-17 15:49:19,thomas.berg,Finance Support,Acme Corp,Phone,false,
SUP-2003258,Integration Problem - Acme Corp,Integration Problem,High,Closed,2024-01-10 15:27:22,2024-01-11 02:59:20,2024-01-11 03:07:20,sofia.moreau,Integration Team,Acme Corp,Phone,false,4.5
SUP-2003259,Billing Issue - Acme Corp,Billing Issue,Medium,Escalated,2024-01-12 11:30:06,2024-01-14 05:32:34,,thomas.berg,Finance Support,Acme Corp,Email,false,
SUP-2003260,Billing Issue - MedGroup,Billing Issue,High,Closed,2024-01-18 09:05:34,2024-01-19 07:30:56,2024-01-19 07:49:56,ryan.kim,Finance Support,MedGroup,Phone,false,6.3
SUP-2003261,Technical Support - Global Finance,Technical Support,High,Closed,2024-01-26 19:11:07,2024-01-27 16:07:35,2024-01-27 16:58:35,laura.smith,Technical Team,Global Finance,Portal,false,7.8
SUP-2003262,Technical Support - TechStart Inc,Technical Support,High,Closed,2024-01-05 10:35:12,2024-01-06 02:44:54,2024-01-06 03:42:54,carlos.silva,Technical Team,TechStart Inc,Email,false,7.1
SUP-2003263,Billing Issue - Individual,Billing Issue,Medium,Closed,2024-01-09 09:56:18,2024-01-10 13:12:02,2024-01-10 14:05:02,carlos.silva,Finance Support,Individual,Phone,false,7.5
SUP-2003264,Data Export/Import - Individual,Data Export/Import,Medium,Closed,2024-01-17 08:08:48,2024-01-17 17:15:32,2024-01-17 17:22:32,laura.smith,Technical Team,Individual,Portal,false,
SUP-2003265,Billing Issue - MedGroup,Billing Issue,Medium,Escalated,2024-01-12 14:54:05,2024-01-21 22:54:42,,ryan.kim,Finance Support,MedGroup,Email,false,
SUP-2003266,Data Export/Import - MedGroup,Data Export/Import,Critical,Closed,2024-01-11 11:22:31,2024-01-11 14:25:44,2024-01-11 14:43:44,sofia.moreau,Technical Team,MedGroup,Portal,false,6.8
SUP-2003267,Account Management - RetailCo,Account Management,Medium,Closed,2024-01-01 06:05:32,2024-01-02 01:10:02,2024-01-02 01:35:02,carlos.silva,Account Team,RetailCo,Portal,false,7.3
SUP-2003268,Account Management - TechStart Inc,Account Management,Medium,Closed,2024-01-17 09:08:15,2024-01-18 12:22:17,2024-01-18 13:20:17,maya.patel,Account Team,TechStart Inc,Chat,false,
SUP-2003269,Integration Problem - Global Finance,Integration Problem,Low,Closed,2024-01-24 16:42:11,2024-02-04 16:40:06,2024-02-04 16:52:06,ryan.kim,Integration Team,Global Finance,Phone,true,5.4
SUP-2003270,Billing Issue - UniServices,Billing Issue,Medium,Closed,2024-01-09 21:01:10,2024-01-12 04:03:00,2024-01-12 04:18:00,jennifer.wu,Finance Support,UniServices,Chat,false,6.4
SUP-2003271,Billing Issue - Acme Corp,Billing Issue,Medium,Reopened,2024-01-12 14:36:47,2024-01-13 07:14:53,,maya.patel,Finance Support,Acme Corp,Chat,false,
SUP-2003272,Technical Support - MedGroup,Technical Support,Medium,Closed,2024-01-23 09:16:44,2024-01-24 09:49:30,2024-01-24 10:03:30,alex.chen,Technical Team,MedGroup,Portal,false,7.1
SUP-2003273,Feature Request - Acme Corp,Feature Request,Low,Closed,2024-01-17 08:39:55,2024-01-19 13:43:52,2024-01-19 14:00:52,laura.smith,Product Team,Acme Corp,Phone,false,5.5
SUP-2003274,Account Management - Acme Corp,Account Management,Medium,Closed,2024-01-26 14:57:35,2024-01-28 07:39:49,2024-01-28 08:24:49,jennifer.wu,Account Team,Acme Corp,Email,false,7.0
SUP-2003275,Technical Support - MedGroup,Technical Support,Medium,Closed,2024-01-15 12:35:20,2024-01-16 22:00:24,2024-01-16 22:22:24,maya.patel,Technical Team,MedGroup,Email,false,
SUP-2003276,Performance Issue - Acme Corp,Performance Issue,Medium,Reopened,2024-01-27 10:00:04,2024-01-29 20:19:38,,sofia.moreau,Engineering,Acme Corp,Portal,false,
SUP-2003277,Data Export/Import - Acme Corp,Data Export/Import,Low,Closed,2024-01-11 09:57:42,2024-01-12 20:54:07,2024-01-12 21:39:07,carlos.silva,Technical Team,Acme Corp,Portal,false,5.3
SUP-2003278,Integration Problem - Acme Corp,Integration Problem,High,Escalated,2024-01-18 10:04:23,2024-01-18 18:10:00,,alex.chen,Integration Team,Acme Corp,Email,false,
SUP-2003279,Integration Problem - TechStart Inc,Integration Problem,Low,Closed,2024-01-25 14:52:04,2024-02-04 13:09:20,2024-02-04 13:30:20,sofia.moreau,Integration Team,TechStart Inc,Phone,false,6.2
SUP-2003280,Technical Support - RetailCo,Technical Support,Critical,Closed,2024-01-16 10:06:23,2024-01-16 11:20:16,2024-01-16 12:07:16,alex.chen,Technical Team,RetailCo,Chat,false,
SUP-2003281,Data Export/Import - RetailCo,Data Export/Import,Critical,Closed,2024-01-23 08:26:11,2024-01-23 09:28:52,2024-01-23 10:21:52,laura.smith,Technical Team,RetailCo,Chat,false,7.8
SUP-2003282,Feature Request - Global Finance,Feature Request,High,Closed,2024-01-25 10:51:37,2024-01-26 11:24:57,2024-01-26 11:56:57,sofia.moreau,Product Team,Global Finance,Chat,true,4.9
SUP-2003283,Technical Support - RetailCo,Technical Support,Low,Closed,2024-01-03 14:35:45,2024-01-19 10:49:33,2024-01-19 11:33:33,thomas.berg,Technical Team,RetailCo,Email,true,6.4
SUP-2003284,Account Management - Acme Corp,Account Management,Medium,Closed,2024-01-02 14:54:49,2024-01-03 00:40:40,2024-01-03 01:09:40,laura.smith,Account Team,Acme Corp,Phone,false,
SUP-2003285,Data Export/Import - Global Finance,Data Export/Import,Medium,Closed,2024-01-03 12:46:34,2024-01-04 02:52:53,2024-01-04 03:16:53,carlos.silva,Technical Team,Global Finance,Portal,false,
SUP-2003286,Integration Problem - CityCouncil,Integration Problem,Medium,Closed,2024-01-11 17:50:38,2024-01-12 02:56:42,2024-01-12 03:54:42,laura.smith,Integration Team,CityCouncil,Email,false,6.6
SUP-2003287,Billing Issue - TechStart Inc,Billing Issue,High,Escalated,2024-01-22 13:43:01,2024-01-22 17:41:06,,maya.patel,Finance Support,TechStart Inc,Phone,false,
SUP-2003288,Account Management - TechStart Inc,Account Management,High,Closed,2024-01-22 09:40:43,2024-01-22 15:45:44,2024-01-22 16:29:44,carlos.silva,Account Team,TechStart Inc,Chat,false,7.0
SUP-2003289,Technical Support - Global Finance,Technical Support,Medium,Closed,2024-01-23 15:10:25,2024-01-24 23:05:02,2024-01-24 23:32:02,laura.smith,Technical Team,Global Finance,Chat,false,6.0
SUP-2003290,Data Export/Import - Global Finance,Data Export/Import,Low,Closed,2024-01-15 02:23:22,2024-02-02 23:15:34,2024-02-02 23:45:34,thomas.berg,Technical Team,Global Finance,Chat,true,6.2
SUP-2003291,Billing Issue - Individual,Billing Issue,Medium,Closed,2024-01-19 11:48:03,2024-01-20 13:21:11,2024-01-20 14:14:11,laura.smith,Finance Support,Individual,Portal,false,7.5
SUP-2003292,Billing Issue - Acme Corp,Billing Issue,Low,Closed,2024-01-03 15:41:15,2024-01-06 18:47:23,2024-01-06 19:27:23,maya.patel,Finance Support,Acme Corp,Chat,false,6.9
SUP-2003293,Data Export/Import - RetailCo,Data Export/Import,Low,Closed,2024-01-02 09:44:19,2024-01-04 01:18:28,2024-01-04 02:12:28,laura.smith,Technical Team,RetailCo,Email,false,
SUP-2003294,Account Management - UniServices,Account Management,Medium,Closed,2024-01-22 14:32:56,2024-01-24 06:16:37,2024-01-24 06:42:37,alex.chen,Account Team,UniServices,Email,false,
SUP-2003295,Technical Support - Acme Corp,Technical Support,Medium,Closed,2024-01-26 12:49:08,2024-01-28 14:02:15,2024-01-28 14:48:15,sofia.moreau,Technical Team,Acme Corp,Chat,false,
SUP-2003296,Feature Request - CityCouncil,Feature Request,High,Closed,2024-01-25 10:32:20,2024-01-27 00:58:27,2024-01-27 01:50:27,laura.smith,Product Team,CityCouncil,Chat,true,
SUP-2003297,Billing Issue - RetailCo,Billing Issue,Low,Closed,2024-01-15 10:39:00,2024-01-16 16:46:42,2024-01-16 17:08:42,maya.patel,Finance Support,RetailCo,Chat,false,7.3
SUP-2003298,Integration Problem - MedGroup,Integration Problem,Low,Closed,2024-01-16 22:07:45,2024-01-31 02:21:57,2024-01-31 02:53:57,carlos.silva,Integration Team,MedGroup,Portal,true,4.8
SUP-2003299,Data Export/Import - RetailCo,Data Export/Import,Low,Closed,2024-01-16 08:33:39,2024-01-17 23:04:30,2024-01-17 23:25:30,laura.smith,Technical Team,RetailCo,Portal,false,7.3
SUP-2003300,Technical Support - Global Finance,Technical Support,Medium,Closed,2024-01-04 14:36:40,2024-01-06 05:07:58,2024-01-06 05:47:58,jennifer.wu,Technical Team,Global Finance,Phone,false,6.9
SUP-2003301,Account Management - Individual,Account Management,High,Closed,2024-01-12 09:41:03,2024-01-12 17:40:50,2024-01-12 18:35:50,maya.patel,Account Team,Individual,Email,false,8.1
SUP-2003302,Integration Problem - MedGroup,Integration Problem,High,Closed,2024-01-02 14:42:33,2024-01-03 04:18:05,2024-01-03 04:44:05,laura.smith,Integration Team,MedGroup,Phone,false,5.9
SUP-2003303,Billing Issue - RetailCo,Billing Issue,High,Escalated,2024-01-26 18:51:30,2024-01-27 00:46:13,,laura.smith,Finance Support,RetailCo,Portal,false,
SUP-2003304,Feature Request - Global Finance,Feature Request,High,Closed,2024-01-25 11:48:41,2024-01-26 10:30:08,2024-01-26 10:44:08,jennifer.wu,Product Team,Global Finance,Chat,false,5.5
SUP-2003305,Account Management - RetailCo,Account Management,Critical,Escalated,2024-01-01 05:00:30,2024-01-01 06:07:51,,laura.smith,Account Team,RetailCo,Chat,false,
SUP-2003306,Feature Request - RetailCo,Feature Request,Low,Closed,2024-01-10 13:19:05,2024-01-12 13:45:36,2024-01-12 14:25:36,sofia.moreau,Product Team,RetailCo,Portal,false,6.3
SUP-2003307,Feature Request - RetailCo,Feature Request,Low,Closed,2024-01-18 22:26:51,2024-01-25 02:54:21,2024-01-25 03:24:21,alex.chen,Product Team,RetailCo,Phone,false,5.7
SUP-2003308,Billing Issue - MedGroup,Billing Issue,Medium,Closed,2024-01-04 13:29:32,2024-01-05 10:34:24,2024-01-05 10:59:24,laura.smith,Finance Support,MedGroup,Phone,false,6.2
SUP-2003309,Technical Support - Individual,Technical Support,Low,Closed,2024-01-12 12:07:45,2024-01-14 08:16:00,2024-01-14 08:41:00,ryan.kim,Technical Team,Individual,Portal,false,
SUP-2003310,Integration Problem - UniServices,Integration Problem,High,Closed,2024-01-08 11:27:37,2024-01-08 21:13:14,2024-01-08 21:23:14,laura.smith,Integration Team,UniServices,Phone,false,7.1
SUP-2003311,Performance Issue - TechStart Inc,Performance Issue,Critical,Closed,2024-01-11 01:10:50,2024-01-11 04:51:41,2024-01-11 05:14:41,ryan.kim,Engineering,TechStart Inc,Email,false,7.1
SUP-2003312,Performance Issue - UniServices,Performance Issue,Medium,Reopened,2024-01-11 13:04:32,2024-01-12 08:40:03,,maya.patel,Engineering,UniServices,Phone,false,
SUP-2003313,Data Export/Import - TechStart Inc,Data Export/Import,High,Reopened,2024-01-01 15:08:15,2024-01-01 20:04:52,,carlos.silva,Technical Team,TechStart Inc,Email,false,
SUP-2003314,Account Management - Individual,Account Management,High,Escalated,2024-01-08 09:53:44,2024-01-08 18:18:26,,laura.smith,Account Team,Individual,Phone,false,
SUP-2003315,Data Export/Import - RetailCo,Data Export/Import,Low,Closed,2024-01-15 23:55:23,2024-01-17 00:16:55,2024-01-17 00:37:55,laura.smith,Technical Team,RetailCo,Chat,false,
SUP-2003316,Account Management - Acme Corp,Account Management,Low,Closed,2024-01-21 13:20:33,2024-01-24 16:31:27,2024-01-24 17:28:27,laura.smith,Account Team,Acme Corp,Portal,false,7.2
SUP-2003317,Billing Issue - Acme Corp,Billing Issue,Medium,Closed,2024-01-04 17:13:06,2024-01-05 16:45:53,2024-01-05 17:37:53,jennifer.wu,Finance Support,Acme Corp,Portal,false,6.0
SUP-2003318,Account Management - StartupXYZ,Account Management,Medium,Closed,2024-01-13 08:44:35,2024-01-13 13:43:11,2024-01-13 14:41:11,jennifer.wu,Account Team,StartupXYZ,Email,false,
SUP-2003319,Data Export/Import - Global Finance,Data Export/Import,Medium,Closed,2024-01-05 08:34:23,2024-01-06 08:38:56,2024-01-06 09:00:56,jennifer.wu,Technical Team,Global Finance,Email,false,
SUP-2003320,Technical Support - Acme Corp,Technical Support,Critical,Closed,2024-01-24 15:48:35,2024-01-24 22:08:50,2024-01-24 22:42:50,alex.chen,Technical Team,Acme Corp,Phone,true,6.4
SUP-2003321,Feature Request - Individual,Feature Request,Low,Closed,2024-01-12 16:15:24,2024-01-27 20:50:14,2024-01-27 21:26:14,maya.patel,Product Team,Individual,Phone,true,
SUP-2003322,Billing Issue - UniServices,Billing Issue,Low,Closed,2024-01-01 10:49:23,2024-01-04 01:25:07,2024-01-04 01:34:07,thomas.berg,Finance Support,UniServices,Chat,false,6.4
SUP-2003323,Billing Issue - StartupXYZ,Billing Issue,Medium,Closed,2024-01-15 14:30:34,2024-01-16 12:13:03,2024-01-16 12:26:03,thomas.berg,Finance Support,StartupXYZ,Phone,false,6.2
SUP-2003324,Feature Request - Individual,Feature Request,Medium,Closed,2024-01-05 15:46:19,2024-01-07 22:45:31,2024-01-07 23:13:31,alex.chen,Product Team,Individual,Email,false,7.3
SUP-2003325,Billing Issue - StartupXYZ,Billing Issue,Medium,Closed,2024-01-09 00:38:33,2024-01-10 17:09:03,2024-01-10 17:29:03,thomas.berg,Finance Support,StartupXYZ,Portal,false,
SUP-2003326,Technical Support - Global Finance,Technical Support,High,Closed,2024-01-09 14:13:11,2024-01-10 06:26:36,2024-01-10 06:35:36,maya.patel,Technical Team,Global Finance,Portal,false,7.1
SUP-2003327,Technical Support - Global Finance,Technical Support,Medium,Closed,2024-01-17 11:15:17,2024-01-20 17:56:48,2024-01-20 18:12:48,jennifer.wu,Technical Team,Global Finance,Phone,false,5.8
SUP-2003328,Integration Problem - Acme Corp,Integration Problem,Low,Closed,2024-01-17 10:15:21,2024-01-24 07:09:35,2024-01-24 07:15:35,sofia.moreau,Integration Team,Acme Corp,Chat,false,5.1
SUP-2003329,Data Export/Import - Global Finance,Data Export/Import,Low,Closed,2024-01-24 12:32:35,2024-01-29 02:49:59,2024-01-29 03:47:59,carlos.silva,Technical Team,Global Finance,Phone,false,5.2
SUP-2003330,Billing Issue - CityCouncil,Billing Issue,Medium,Closed,2024-01-22 12:31:48,2024-01-23 13:50:41,2024-01-23 14:14:41,maya.patel,Finance Support,CityCouncil,Phone,false,7.6
SUP-2003331,Billing Issue - RetailCo,Billing Issue,Medium,Closed,2024-01-27 14:07:56,2024-01-28 02:02:46,2024-01-28 02:26:46,maya.patel,Finance Support,RetailCo,Chat,false,7.6
SUP-2003332,Performance Issue - StartupXYZ,Performance Issue,High,Closed,2024-01-11 09:17:36,2024-01-12 00:22:40,2024-01-12 00:28:40,maya.patel,Engineering,StartupXYZ,Email,false,6.4
SUP-2003333,Feature Request - Acme Corp,Feature Request,Medium,Closed,2024-01-22 09:59:06,2024-01-23 07:47:14,2024-01-23 08:14:14,maya.patel,Product Team,Acme Corp,Chat,false,4.9
SUP-2003334,Technical Support - StartupXYZ,Technical Support,Medium,Closed,2024-01-05 08:52:58,2024-01-06 12:35:59,2024-01-06 13:03:59,thomas.berg,Technical Team,StartupXYZ,Phone,false,5.9
SUP-2003335,Feature Request - StartupXYZ,Feature Request,Critical,Closed,2024-01-16 09:00:16,2024-01-16 13:37:34,2024-01-16 14:29:34,alex.chen,Product Team,StartupXYZ,Portal,true,8.3
SUP-2003336,Billing Issue - UniServices,Billing Issue,Critical,Closed,2024-01-04 15:44:23,2024-01-04 17:30:32,2024-01-04 17:43:32,sofia.moreau,Finance Support,UniServices,Email,false,7.4
SUP-2003337,Integration Problem - Acme Corp,Integration Problem,Low,Closed,2024-01-09 06:45:39,2024-01-17 02:53:10,2024-01-17 03:46:10,maya.patel,Integration Team,Acme Corp,Portal,false,
SUP-2003338,Account Management - CityCouncil,Account Management,Low,Closed,2024-01-02 15:58:33,2024-01-07 22:19:03,2024-01-07 22:59:03,alex.chen,Account Team,CityCouncil,Phone,false,
SUP-2003339,Account Management - Individual,Account Management,Medium,Closed,2024-01-08 11:46:28,2024-01-09 04:46:27,2024-01-09 05:21:27,maya.patel,Account Team,Individual,Email,false,
SUP-2003340,Technical Support - RetailCo,Technical Support,Medium,Closed,2024-01-04 11:46:33,2024-01-05 14:08:37,2024-01-05 15:04:37,laura.smith,Technical Team,RetailCo,Portal,false,7.2
SUP-2003341,Data Export/Import - Global Finance,Data Export/Import,Medium,Closed,2024-01-22 15:06:21,2024-01-24 13:32:26,2024-01-24 14:26:26,sofia.moreau,Technical Team,Global Finance,Chat,false,5.7
SUP-2003342,Technical Support - Global Finance,Technical Support,Low,Reopened,2024-01-03 09:05:02,2024-01-04 20:20:26,,jennifer.wu,Technical Team,Global Finance,Phone,false,
SUP-2003343,Feature Request - TechStart Inc,Feature Request,Medium,Closed,2024-01-01 08:38:55,2024-01-04 18:21:56,2024-01-04 18:51:56,carlos.silva,Product Team,TechStart Inc,Email,false,5.6
SUP-2003344,Data Export/Import - TechStart Inc,Data Export/Import,Medium,Escalated,2024-01-22 15:29:17,2024-01-23 07:45:54,,alex.chen,Technical Team,TechStart Inc,Email,false,
SUP-2003345,Technical Support - CityCouncil,Technical Support,Low,Closed,2024-01-11 22:18:15,2024-01-15 14:35:48,2024-01-15 14:52:48,alex.chen,Technical Team,CityCouncil,Email,false,8.2
SUP-2003346,Technical Support - Acme Corp,Technical Support,High,Reopened,2024-01-10 08:12:02,2024-01-11 09:50:30,,thomas.berg,Technical Team,Acme Corp,Portal,false,
SUP-2003347,Billing Issue - Individual,Billing Issue,High,Escalated,2024-01-18 13:44:46,2024-01-18 18:55:39,,carlos.silva,Finance Support,Individual,Email,false,
SUP-2003348,Account Management - CityCouncil,Account Management,Low,Closed,2024-01-01 10:33:23,2024-01-11 09:56:26,2024-01-11 10:35:26,thomas.berg,Account Team,CityCouncil,Portal,false,4.7
SUP-2003349,Billing Issue - TechStart Inc,Billing Issue,Medium,Closed,2024-01-23 20:56:56,2024-01-24 12:17:12,2024-01-24 12:50:12,laura.smith,Finance Support,TechStart Inc,Phone,false,6.2
SUP-2003350,Technical Support - RetailCo,Technical Support,Low,Closed,2024-01-02 14:54:48,2024-01-05 21:23:42,2024-01-05 21:45:42,alex.chen,Technical Team,RetailCo,Email,false,7.6
SUP-2003351,Technical Support - MedGroup,Technical Support,Low,Closed,2024-01-19 09:54:42,2024-01-24 00:26:35,2024-01-24 00:48:35,laura.smith,Technical Team,MedGroup,Email,false,
SUP-2003352,Technical Support - Global Finance,Technical Support,Medium,Closed,2024-01-17 14:46:18,2024-01-18 16:57:13,2024-01-18 17:32:13,maya.patel,Technical Team,Global Finance,Chat,false,7.6
SUP-2003353,Billing Issue - RetailCo,Billing Issue,Low,Closed,2024-01-04 10:24:59,2024-01-07 12:41:43,2024-01-07 13:27:43,alex.chen,Finance Support,RetailCo,Portal,false,7.8
SUP-2003354,Account Management - Global Finance,Account Management,Low,Closed,2024-01-10 16:38:53,2024-01-12 08:18:34,2024-01-12 08:34:34,jennifer.wu,Account Team,Global Finance,Chat,false,7.2
SUP-2003355,Performance Issue - Acme Corp,Performance Issue,High,Escalated,2024-01-17 13:23:51,2024-01-18 09:04:20,,thomas.berg,Engineering,Acme Corp,Email,false,
SUP-2003356,Account Management - TechStart Inc,Account Management,Low,Closed,2024-01-19 04:45:54,2024-01-23 07:09:26,2024-01-23 08:07:26,thomas.berg,Account Team,TechStart Inc,Phone,false,
SUP-2003357,Performance Issue - Global Finance,Performance Issue,High,Closed,2024-01-23 15:17:51,2024-01-24 03:29:47,2024-01-24 04:00:47,maya.patel,Engineering,Global Finance,Email,false,7.7
SUP-2003358,Billing Issue - TechStart Inc,Billing Issue,Medium,Closed,2024-01-01 11:39:32,2024-01-02 03:26:18,2024-01-02 03:55:18,sofia.moreau,Finance Support,TechStart Inc,Portal,false,5.8
SUP-2003359,Billing Issue - MedGroup,Billing Issue,Low,Closed,2024-01-09 09:46:11,2024-01-15 02:42:29,2024-01-15 03:04:29,alex.chen,Finance Support,MedGroup,Phone,false,7.5
SUP-2003360,Feature Request - RetailCo,Feature Request,Medium,Closed,2024-01-12 16:45:00,2024-01-14 09:57:03,2024-01-14 10:54:03,carlos.silva,Product Team,RetailCo,Phone,false,5.7
SUP-2003361,Account Management - StartupXYZ,Account Management,Medium,Closed,2024-01-22 08:06:50,2024-01-23 00:44:16,2024-01-23 00:53:16,jennifer.wu,Account Team,StartupXYZ,Phone,false,7.1
SUP-2003362,Billing Issue - Acme Corp,Billing Issue,High,Closed,2024-01-09 08:41:42,2024-01-09 14:01:48,2024-01-09 14:22:48,laura.smith,Finance Support,Acme Corp,Phone,false,6.8
SUP-2003363,Technical Support - MedGroup,Technical Support,Medium,Closed,2024-01-18 08:56:50,2024-01-21 18:36:24,2024-01-21 19:13:24,thomas.berg,Technical Team,MedGroup,Portal,false,3.4
SUP-2003364,Billing Issue - TechStart Inc,Billing Issue,High,Closed,2024-01-03 08:22:40,2024-01-03 17:21:01,2024-01-03 18:11:01,laura.smith,Finance Support,TechStart Inc,Chat,false,7.3
SUP-2003365,Performance Issue - Individual,Performance Issue,High,Closed,2024-01-17 12:10:02,2024-01-17 16:34:54,2024-01-17 17:11:54,jennifer.wu,Engineering,Individual,Email,false,
SUP-2003366,Performance Issue - Individual,Performance Issue,High,Closed,2024-01-02 12:21:04,2024-01-02 17:49:30,2024-01-02 18:09:30,maya.patel,Engineering,Individual,Chat,false,7.4
SUP-2003367,Performance Issue - StartupXYZ,Performance Issue,Medium,Reopened,2024-01-15 05:18:24,2024-01-16 03:38:14,,thomas.berg,Engineering,StartupXYZ,Email,false,
SUP-2003368,Technical Support - RetailCo,Technical Support,Low,Closed,2024-01-04 10:02:47,2024-01-05 22:47:56,2024-01-05 23:16:56,maya.patel,Technical Team,RetailCo,Email,false,7.5
SUP-2003369,Technical Support - Acme Corp,Technical Support,Medium,Closed,2024-01-19 11:09:49,2024-01-21 22:41:05,2024-01-21 23:10:05,carlos.silva,Technical Team,Acme Corp,Email,false,
SUP-2003370,Integration Problem - MedGroup,Integration Problem,Low,Closed,2024-01-01 14:17:02,2024-01-11 02:06:50,2024-01-11 03:05:50,sofia.moreau,Integration Team,MedGroup,Phone,false,6.0
SUP-2003371,Technical Support - Global Finance,Technical Support,Low,Closed,2024-01-02 10:30:38,2024-01-05 09:24:02,2024-01-05 10:04:02,thomas.berg,Technical Team,Global Finance,Email,false,
SUP-2003372,Feature Request - RetailCo,Feature Request,Medium,Closed,2024-01-22 06:11:12,2024-01-24 00:47:22,2024-01-24 00:57:22,alex.chen,Product Team,RetailCo,Phone,false,
SUP-2003373,Account Management - UniServices,Account Management,Medium,Closed,2024-01-12 08:43:11,2024-01-13 20:19:38,2024-01-13 21:07:38,thomas.berg,Account Team,UniServices,Chat,false,6.1
SUP-2003374,Technical Support - Acme Corp,Technical Support,Medium,Closed,2024-01-06 04:06:23,2024-01-06 19:35:38,2024-01-06 20:09:38,laura.smith,Technical Team,Acme Corp,Chat,false,7.3
SUP-2003375,Feature Request - CityCouncil,Feature Request,Medium,Closed,2024-01-05 12:43:19,2024-01-08 02:46:25,2024-01-08 03:30:25,thomas.berg,Product Team,CityCouncil,Chat,false,4.6
SUP-2003376,Billing Issue - Global Finance,Billing Issue,Medium,Escalated,2024-01-11 15:45:26,2024-01-12 09:24:09,,carlos.silva,Finance Support,Global Finance,Email,false,
SUP-2003377,Technical Support - Global Finance,Technical Support,Low,Closed,2024-01-22 13:55:31,2024-02-11 16:46:50,2024-02-11 17:30:50,ryan.kim,Technical Team,Global Finance,Chat,true,6.4
SUP-2003378,Data Export/Import - UniServices,Data Export/Import,Low,Closed,2024-01-19 08:33:33,2024-01-27 05:56:01,2024-01-27 06:12:01,carlos.silva,Technical Team,UniServices,Chat,false,
SUP-2003379,Account Management - MedGroup,Account Management,Medium,Closed,2024-01-16 13:59:41,2024-01-17 19:22:33,2024-01-17 20:18:33,ryan.kim,Account Team,MedGroup,Email,false,6.5
SUP-2003380,Billing Issue - UniServices,Billing Issue,High,Closed,2024-01-12 10:36:14,2024-01-12 20:04:37,2024-01-12 20:19:37,carlos.silva,Finance Support,UniServices,Phone,false,6.0
SUP-2003381,Account Management - StartupXYZ,Account Management,High,Closed,2024-01-19 09:09:18,2024-01-19 18:36:59,2024-01-19 19:19:59,alex.chen,Account Team,StartupXYZ,Email,false,7.6
SUP-2003382,Technical Support - Individual,Technical Support,Medium,Closed,2024-01-26 11:38:04,2024-01-29 23:44:04,2024-01-30 00:04:04,thomas.berg,Technical Team,Individual,Portal,false,7.3
SUP-2003383,Account Management - MedGroup,Account Management,Medium,Closed,2024-01-03 13:10:45,2024-01-04 22:49:33,2024-01-04 23:04:33,laura.smith,Account Team,MedGroup,Email,false,6.4
SUP-2003384,Technical Support - RetailCo,Technical Support,Medium,Closed,2024-01-04 12:12:59,2024-01-05 23:56:49,2024-01-06 00:50:49,maya.patel,Technical Team,RetailCo,Chat,false,
SUP-2003385,Technical Support - CityCouncil,Technical Support,High,Reopened,2024-01-23 13:14:26,2024-01-23 15:20:57,,maya.patel,Technical Team,CityCouncil,Email,false,
SUP-2003386,Performance Issue - UniServices,Performance Issue,Critical,Closed,2024-01-13 09:12:12,2024-01-13 11:49:27,2024-01-13 12:10:27,thomas.berg,Engineering,UniServices,Portal,false,
SUP-2003387,Performance Issue - RetailCo,Performance Issue,Low,Closed,2024-01-22 02:16:54,2024-01-28 18:28:15,2024-01-28 19:27:15,jennifer.wu,Engineering,RetailCo,Email,false,
SUP-2003388,Feature Request - MedGroup,Feature Request,Low,Closed,2024-01-12 11:49:05,2024-01-19 07:49:16,2024-01-19 08:34:16,ryan.kim,Product Team,MedGroup,Portal,false,
SUP-2003389,Technical Support - TechStart Inc,Technical Support,Low,Closed,2024-01-18 11:29:23,2024-01-20 20:44:53,2024-01-20 21:43:53,sofia.moreau,Technical Team,TechStart Inc,Chat,false,6.8
SUP-2003390,Billing Issue - Acme Corp,Billing Issue,Critical,Closed,2024-01-09 08:24:09,2024-01-09 12:34:52,2024-01-09 13:14:52,ryan.kim,Finance Support,Acme Corp,Portal,true,7.5
SUP-2003391,Integration Problem - MedGroup,Integration Problem,Low,Closed,2024-01-04 08:24:09,2024-01-10 09:44:25,2024-01-10 10:33:25,alex.chen,Integration Team,MedGroup,Portal,false,
SUP-2003392,Performance Issue - UniServices,Performance Issue,Medium,Closed,2024-01-12 10:13:01,2024-01-14 22:29:10,2024-01-14 23:26:10,ryan.kim,Engineering,UniServices,Chat,false,5.4
SUP-2003393,Technical Support - Individual,Technical Support,High,Closed,2024-01-08 12:18:59,2024-01-08 16:09:28,2024-01-08 16:37:28,alex.chen,Technical Team,Individual,Email,false,
SUP-2003394,Feature Request - TechStart Inc,Feature Request,High,Closed,2024-01-05 10:10:46,2024-01-06 03:13:51,2024-01-06 04:05:51,maya.patel,Product Team,TechStart Inc,Chat,false,
SUP-2003395,Performance Issue - TechStart Inc,Performance Issue,Medium,Closed,2024-01-09 15:56:14,2024-01-10 03:16:59,2024-01-10 03:24:59,ryan.kim,Engineering,TechStart Inc,Portal,false,6.2
SUP-2003396,Performance Issue - Global Finance,Performance Issue,Medium,Closed,2024-01-19 10:23:23,2024-01-22 02:05:22,2024-01-22 02:13:22,jennifer.wu,Engineering,Global Finance,Email,false,
SUP-2003397,Integration Problem - Acme Corp,Integration Problem,Low,Closed,2024-01-08 17:34:25,2024-01-17 16:31:12,2024-01-17 17:14:12,alex.chen,Integration Team,Acme Corp,Chat,false,
SUP-2003398,Integration Problem - Global Finance,Integration Problem,Low,Closed,2024-01-18 23:30:54,2024-02-10 18:54:57,2024-02-10 19:09:57,jennifer.wu,Integration Team,Global Finance,Chat,true,4.9
SUP-2003399,Technical Support - Global Finance,Technical Support,Medium,Closed,2024-01-03 12:47:26,2024-01-06 18:09:58,2024-01-06 18:27:58,alex.chen,Technical Team,Global Finance,Phone,false,6.2
SUP-2003400,Data Export/Import - Acme Corp,Data Export/Import,Medium,Escalated,2024-01-22 09:24:27,2024-01-25 12:02:28,,thomas.berg,Technical Team,Acme Corp,Email,false,
SUP-2003401,Performance Issue - UniServices,Performance Issue,Medium,Escalated,2024-01-08 09:44:20,2024-01-09 07:42:59,,carlos.silva,Engineering,UniServices,Phone,false,
SUP-2003402,Integration Problem - StartupXYZ,Integration Problem,Low,Closed,2024-01-26 15:02:51,2024-02-06 17:37:56,2024-02-06 18:36:56,carlos.silva,Integration Team,StartupXYZ,Phone,true,6.4
SUP-2003403,Billing Issue - Global Finance,Billing Issue,High,Closed,2024-01-02 13:40:47,2024-01-03 03:01:52,2024-01-03 03:12:52,jennifer.wu,Finance Support,Global Finance,Email,false,7.3
SUP-2003404,Feature Request - StartupXYZ,Feature Request,Low,Reopened,2024-01-03 13:36:55,2024-01-12 23:51:05,,laura.smith,Product Team,StartupXYZ,Phone,false,
SUP-2003405,Feature Request - Acme Corp,Feature Request,Medium,Escalated,2024-01-26 10:13:45,2024-02-01 14:24:51,,sofia.moreau,Product Team,Acme Corp,Email,false,
SUP-2003406,Integration Problem - CityCouncil,Integration Problem,Low,Closed,2024-01-01 10:00:05,2024-01-16 03:39:03,2024-01-16 04:30:03,alex.chen,Integration Team,CityCouncil,Chat,true,7.4
SUP-2003407,Data Export/Import - StartupXYZ,Data Export/Import,High,Closed,2024-01-22 12:13:29,2024-01-22 19:07:56,2024-01-22 19:13:56,carlos.silva,Technical Team,StartupXYZ,Chat,false,
SUP-2003408,Feature Request - MedGroup,Feature Request,High,Escalated,2024-01-12 11:13:39,2024-01-14 01:32:20,,laura.smith,Product Team,MedGroup,Email,false,
SUP-2003409,Integration Problem - MedGroup,Integration Problem,Low,Closed,2024-01-25 00:41:24,2024-02-10 07:23:29,2024-02-10 08:04:29,laura.smith,Integration Team,MedGroup,Email,true,
SUP-2003410,Feature Request - RetailCo,Feature Request,Low,Closed,2024-01-05 10:43:04,2024-01-11 03:14:46,2024-01-11 03:22:46,laura.smith,Product Team,RetailCo,Email,false,6.0
SUP-2003411,Billing Issue - Individual,Billing Issue,Medium,Closed,2024-01-22 12:25:11,2024-01-23 08:12:16,2024-01-23 08:30:16,ryan.kim,Finance Support,Individual,Portal,false,6.7
SUP-2003412,Performance Issue - RetailCo,Performance Issue,High,Closed,2024-01-18 09:45:28,2024-01-18 21:47:04,2024-01-18 22:00:04,maya.patel,Engineering,RetailCo,Portal,false,
SUP-2003413,Technical Support - Acme Corp,Technical Support,Medium,Closed,2024-01-24 00:15:58,2024-01-24 13:47:17,2024-01-24 14:14:17,carlos.silva,Technical Team,Acme Corp,Phone,false,5.2
SUP-2003414,Billing Issue - MedGroup,Billing Issue,Critical,Closed,2024-01-26 09:30:49,2024-01-26 12:09:29,2024-01-26 12:45:29,laura.smith,Finance Support,MedGroup,Portal,false,6.7
SUP-2003415,Performance Issue - Global Finance,Performance Issue,High,Closed,2024-01-03 11:11:41,2024-01-03 16:19:05,2024-01-03 16:38:05,laura.smith,Engineering,Global Finance,Phone,false,
SUP-2003416,Account Management - Acme Corp,Account Management,High,Closed,2024-01-25 11:06:41,2024-01-28 01:58:03,2024-01-28 02:31:03,thomas.berg,Account Team,Acme Corp,Phone,true,4.2
SUP-2003417,Billing Issue - Acme Corp,Billing Issue,Medium,Closed,2024-01-26 09:51:57,2024-01-27 00:30:34,2024-01-27 00:53:34,alex.chen,Finance Support,Acme Corp,Chat,false,6.8
SUP-2003418,Billing Issue - RetailCo,Billing Issue,Medium,Reopened,2024-01-15 13:05:42,2024-01-15 21:54:47,,thomas.berg,Finance Support,RetailCo,Email,false,
SUP-2003419,Performance Issue - Global Finance,Performance Issue,High,Closed,2024-01-18 17:48:02,2024-01-19 02:48:51,2024-01-19 03:12:51,maya.patel,Engineering,Global Finance,Email,false,6.0
SUP-2003420,Technical Support - Acme Corp,Technical Support,High,Closed,2024-01-18 16:50:22,2024-01-19 00:21:05,2024-01-19 01:01:05,maya.patel,Technical Team,Acme Corp,Portal,false,6.4
SUP-2003421,Performance Issue - Acme Corp,Performance Issue,High,Closed,2024-01-15 17:20:43,2024-01-18 15:24:29,2024-01-18 15:49:29,jennifer.wu,Engineering,Acme Corp,Phone,true,
SUP-2003422,Billing Issue - MedGroup,Billing Issue,Medium,Closed,2024-01-17 05:15:13,2024-01-17 18:23:11,2024-01-17 19:15:11,maya.patel,Finance Support,MedGroup,Chat,false,7.7
SUP-2003423,Technical Support - Individual,Technical Support,Medium,Closed,2024-01-16 09:32:30,2024-01-19 04:52:33,2024-01-19 05:01:33,ryan.kim,Technical Team,Individual,Phone,false,6.5
SUP-2003424,Technical Support - MedGroup,Technical Support,Low,Closed,2024-01-23 13:11:34,2024-02-06 11:17:09,2024-02-06 12:16:09,laura.smith,Technical Team,MedGroup,Chat,true,5.6
SUP-2003425,Data Export/Import - UniServices,Data Export/Import,Medium,Reopened,2024-01-06 10:38:36,2024-01-09 17:52:24,,ryan.kim,Technical Team,UniServices,Chat,false,
SUP-2003426,Billing Issue - Individual,Billing Issue,High,Closed,2024-01-12 11:59:44,2024-01-12 15:39:03,2024-01-12 16:15:03,alex.chen,Finance Support,Individual,Chat,false,8.1
SUP-2003427,Integration Problem - Global Finance,Integration Problem,Low,Closed,2024-01-04 14:58:26,2024-02-18 03:51:55,2024-02-18 04:14:55,ryan.kim,Integration Team,Global Finance,Phone,true,
SUP-2003428,Integration Problem - Acme Corp,Integration Problem,High,Closed,2024-01-05 12:39:18,2024-01-07 01:21:06,2024-01-07 01:42:06,ryan.kim,Integration Team,Acme Corp,Email,true,
SUP-2003429,Account Management - Acme Corp,Account Management,Medium,Closed,2024-01-03 10:45:33,2024-01-06 03:06:03,2024-01-06 04:00:03,jennifer.wu,Account Team,Acme Corp,Chat,false,
SUP-2003430,Technical Support - CityCouncil,Technical Support,Medium,Reopened,2024-01-23 15:03:40,2024-01-24 23:23:28,,jennifer.wu,Technical Team,CityCouncil,Email,false,
SUP-2003431,Billing Issue - Acme Corp,Billing Issue,High,Closed,2024-01-10 01:39:02,2024-01-10 17:46:05,2024-01-10 18:07:05,sofia.moreau,Finance Support,Acme Corp,Chat,false,
SUP-2003432,Integration Problem - Acme Corp,Integration Problem,High,Closed,2024-01-18 08:07:45,2024-01-19 09:38:04,2024-01-19 10:04:04,carlos.silva,Integration Team,Acme Corp,Email,true,
SUP-2003433,Billing Issue - RetailCo,Billing Issue,Medium,Closed,2024-01-11 15:53:12,2024-01-12 13:25:54,2024-01-12 14:24:54,laura.smith,Finance Support,RetailCo,Portal,false,7.7
SUP-2003434,Feature Request - StartupXYZ,Feature Request,Medium,Escalated,2024-01-22 12:28:18,2024-01-23 09:07:57,,thomas.berg,Product Team,StartupXYZ,Phone,false,
SUP-2003435,Account Management - RetailCo,Account Management,Low,Closed,2024-01-05 20:32:22,2024-01-08 19:21:24,2024-01-08 20:02:24,carlos.silva,Account Team,RetailCo,Portal,false,7.1
SUP-2003436,Billing Issue - Acme Corp,Billing Issue,Low,Closed,2024-01-24 13:06:42,2024-02-03 14:13:04,2024-02-03 14:18:04,thomas.berg,Finance Support,Acme Corp,Chat,true,
SUP-2003437,Technical Support - UniServices,Technical Support,High,Closed,2024-01-03 09:52:03,2024-01-03 16:41:45,2024-01-03 17:00:45,jennifer.wu,Technical Team,UniServices,Portal,false,6.1
SUP-2003438,Performance Issue - TechStart Inc,Performance Issue,Critical,Closed,2024-01-16 21:11:11,2024-01-16 22:24:49,2024-01-16 23:01:49,laura.smith,Engineering,TechStart Inc,Phone,false,7.0
SUP-2003439,Billing Issue - MedGroup,Billing Issue,Medium,Closed,2024-01-02 12:38:00,2024-01-04 08:01:40,2024-01-04 08:52:40,maya.patel,Finance Support,MedGroup,Chat,false,6.0
SUP-2003440,Data Export/Import - Global Finance,Data Export/Import,Critical,Escalated,2024-01-09 05:47:06,2024-01-09 08:33:28,,laura.smith,Technical Team,Global Finance,Email,false,
SUP-2003441,Integration Problem - StartupXYZ,Integration Problem,Low,Closed,2024-01-19 13:53:30,2024-01-28 16:09:22,2024-01-28 16:56:22,carlos.silva,Integration Team,StartupXYZ,Chat,false,6.7
SUP-2003442,Data Export/Import - RetailCo,Data Export/Import,Medium,Closed,2024-01-22 15:30:47,2024-01-23 07:59:49,2024-01-23 08:48:49,sofia.moreau,Technical Team,RetailCo,Portal,false,7.8
SUP-2003443,Integration Problem - Acme Corp,Integration Problem,Critical,Closed,2024-01-09 00:39:52,2024-01-09 04:16:21,2024-01-09 04:35:21,jennifer.wu,Integration Team,Acme Corp,Phone,false,
SUP-2003444,Feature Request - RetailCo,Feature Request,Medium,Closed,2024-01-04 09:34:51,2024-01-07 17:38:55,2024-01-07 18:00:55,carlos.silva,Product Team,RetailCo,Email,false,
SUP-2003445,Technical Support - StartupXYZ,Technical Support,High,Closed,2024-01-23 02:11:51,2024-01-23 10:18:18,2024-01-23 11:00:18,sofia.moreau,Technical Team,StartupXYZ,Email,false,6.4
SUP-2003446,Billing Issue - Global Finance,Billing Issue,High,Closed,2024-01-17 16:54:48,2024-01-18 10:44:45,2024-01-18 11:31:45,thomas.berg,Finance Support,Global Finance,Phone,false,4.5
SUP-2003447,Billing Issue - TechStart Inc,Billing Issue,High,Closed,2024-01-05 04:37:20,2024-01-05 08:55:31,2024-01-05 09:33:31,alex.chen,Finance Support,TechStart Inc,Chat,false,9.1
SUP-2003448,Account Management - RetailCo,Account Management,High,Closed,2024-01-08 15:48:16,2024-01-08 23:07:39,2024-01-08 23:28:39,thomas.berg,Account Team,RetailCo,Chat,false,5.9
SUP-2003449,Technical Support - TechStart Inc,Technical Support,High,Reopened,2024-01-04 08:05:49,2024-01-04 16:34:28,,ryan.kim,Technical Team,TechStart Inc,Chat,false,
SUP-2003450,Performance Issue - Global Finance,Performance Issue,Low,Closed,2024-01-04 09:08:24,2024-01-13 07:24:58,2024-01-13 07:30:58,carlos.silva,Engineering,Global Finance,Phone,false,
SUP-2003451,Account Management - MedGroup,Account Management,Medium,Closed,2024-01-03 11:28:17,2024-01-04 05:53:27,2024-01-04 05:59:27,maya.patel,Account Team,MedGroup,Phone,false,7.8
SUP-2003452,Billing Issue - Global Finance,Billing Issue,Low,Escalated,2024-01-16 04:45:34,2024-01-21 08:41:18,,carlos.silva,Finance Support,Global Finance,Chat,false,
SUP-2003453,Account Management - Acme Corp,Account Management,Medium,Closed,2024-01-02 11:03:58,2024-01-04 19:51:52,2024-01-04 20:00:52,carlos.silva,Account Team,Acme Corp,Email,false,5.1
SUP-2003454,Integration Problem - TechStart Inc,Integration Problem,High,Reopened,2024-01-04 14:43:20,2024-01-06 18:54:15,,sofia.moreau,Integration Team,TechStart Inc,Chat,false,
SUP-2003455,Feature Request - Individual,Feature Request,Medium,Closed,2024-01-12 13:21:29,2024-01-13 11:40:54,2024-01-13 11:58:54,carlos.silva,Product Team,Individual,Chat,false,
SUP-2003456,Performance Issue - TechStart Inc,Performance Issue,Medium,Closed,2024-01-05 15:35:07,2024-01-06 08:44:37,2024-01-06 08:58:37,jennifer.wu,Engineering,TechStart Inc,Phone,false,6.8
SUP-2003457,Technical Support - Global Finance,Technical Support,High,Closed,2024-01-26 10:09:41,2024-01-26 22:47:54,2024-01-26 23:25:54,laura.smith,Technical Team,Global Finance,Phone,false,
SUP-2003458,Data Export/Import - StartupXYZ,Data Export/Import,Low,Closed,2024-01-05 11:56:26,2024-01-09 16:14:00,2024-01-09 17:04:00,sofia.moreau,Technical Team,StartupXYZ,Phone,false,
SUP-2003459,Account Management - CityCouncil,Account Management,Medium,Closed,2024-01-01 05:31:21,2024-01-01 12:08:19,2024-01-01 12:40:19,jennifer.wu,Account Team,CityCouncil,Portal,false,7.1
SUP-2003460,Technical Support - Acme Corp,Technical Support,Medium,Closed,2024-01-08 15:06:05,2024-01-10 01:13:06,2024-01-10 01:26:06,maya.patel,Technical Team,Acme Corp,Email,false,6.0
SUP-2003461,Feature Request - Acme Corp,Feature Request,Low,Closed,2024-01-19 08:36:32,2024-02-16 23:46:34,2024-02-17 00:02:34,carlos.silva,Product Team,Acme Corp,Phone,true,
SUP-2003462,Billing Issue - CityCouncil,Billing Issue,High,Closed,2024-01-12 13:27:29,2024-01-12 15:05:15,2024-01-12 15:35:15,alex.chen,Finance Support,CityCouncil,Portal,false,7.4
SUP-2003463,Technical Support - RetailCo,Technical Support,Critical,Closed,2024-01-13 10:28:43,2024-01-13 12:55:00,2024-01-13 13:54:00,ryan.kim,Technical Team,RetailCo,Portal,false,
SUP-2003464,Integration Problem - MedGroup,Integration Problem,Low,Reopened,2024-01-08 10:18:57,2024-01-14 03:33:46,,alex.chen,Integration Team,MedGroup,Portal,false,
SUP-2003465,Feature Request - Global Finance,Feature Request,Medium,Closed,2024-01-15 10:49:16,2024-01-17 00:15:49,2024-01-17 01:14:49,alex.chen,Product Team,Global Finance,Portal,false,5.4
SUP-2003466,Account Management - Individual,Account Management,Medium,Closed,2024-01-23 09:19:49,2024-01-23 17:07:16,2024-01-23 17:51:16,sofia.moreau,Account Team,Individual,Phone,false,6.9
SUP-2003467,Feature Request - Acme Corp,Feature Request,Medium,Closed,2024-01-23 08:55:26,2024-01-24 16:06:45,2024-01-24 16:58:45,carlos.silva,Product Team,Acme Corp,Chat,false,4.3
SUP-2003468,Feature Request - Acme Corp,Feature Request,Medium,Closed,2024-01-23 16:37:03,2024-01-29 01:10:38,2024-01-29 01:24:38,jennifer.wu,Product Team,Acme Corp,Phone,true,5.7
SUP-2003469,Technical Support - TechStart Inc,Technical Support,High,Closed,2024-01-23 12:47:02,2024-01-24 01:04:56,2024-01-24 02:03:56,jennifer.wu,Technical Team,TechStart Inc,Chat,false,6.6
SUP-2003470,Feature Request - TechStart Inc,Feature Request,Medium,Escalated,2024-01-26 01:55:13,2024-01-28 13:00:54,,jennifer.wu,Product Team,TechStart Inc,Phone,false,
SUP-2003471,Integration Problem - TechStart Inc,Integration Problem,Low,Closed,2024-01-26 03:26:54,2024-01-27 09:11:05,2024-01-27 09:48:05,ryan.kim,Integration Team,TechStart Inc,Portal,false,5.3
SUP-2003472,Feature Request - Acme Corp,Feature Request,Medium,Closed,2024-01-12 09:09:34,2024-01-16 19:31:10,2024-01-16 19:52:10,jennifer.wu,Product Team,Acme Corp,Portal,true,
SUP-2003473,Integration Problem - CityCouncil,Integration Problem,Low,Closed,2024-01-09 12:10:10,2024-01-16 15:02:32,2024-01-16 15:45:32,jennifer.wu,Integration Team,CityCouncil,Email,false,6.2
SUP-2003474,Account Management - TechStart Inc,Account Management,High,Closed,2024-01-25 16:54:08,2024-01-25 18:34:37,2024-01-25 18:46:37,laura.smith,Account Team,TechStart Inc,Email,false,7.1
SUP-2003475,Integration Problem - StartupXYZ,Integration Problem,Low,Closed,2024-01-11 12:06:41,2024-01-20 14:59:36,2024-01-20 15:20:36,carlos.silva,Integration Team,StartupXYZ,Email,false,6.3
SUP-2003476,Data Export/Import - StartupXYZ,Data Export/Import,Medium,Escalated,2024-01-12 08:26:08,2024-01-12 15:15:45,,ryan.kim,Technical Team,StartupXYZ,Email,false,
SUP-2003477,Performance Issue - Global Finance,Performance Issue,Low,Closed,2024-01-01 08:46:56,2024-01-03 18:56:28,2024-01-03 19:05:28,maya.patel,Engineering,Global Finance,Portal,false,
SUP-2003478,Billing Issue - Individual,Billing Issue,Medium,Closed,2024-01-10 12:34:40,2024-01-10 21:20:58,2024-01-10 22:14:58,alex.chen,Finance Support,Individual,Chat,false,6.9
SUP-2003479,Account Management - Acme Corp,Account Management,Medium,Closed,2024-01-24 16:27:02,2024-01-25 11:47:42,2024-01-25 12:06:42,thomas.berg,Account Team,Acme Corp,Chat,false,5.2
SUP-2003480,Feature Request - CityCouncil,Feature Request,Medium,Closed,2024-01-04 14:06:58,2024-01-06 03:21:31,2024-01-06 04:18:31,sofia.moreau,Product Team,CityCouncil,Chat,false,
SUP-2003481,Billing Issue - TechStart Inc,Billing Issue,High,Closed,2024-01-01 21:18:41,2024-01-02 10:49:17,2024-01-02 11:37:17,maya.patel,Finance Support,TechStart Inc,Chat,false,8.3
SUP-2003482,Technical Support - MedGroup,Technical Support,Low,Closed,2024-01-10 15:59:57,2024-01-14 22:59:14,2024-01-14 23:33:14,sofia.moreau,Technical Team,MedGroup,Phone,false,
SUP-2003483,Account Management - Acme Corp,Account Management,Medium,Closed,2024-01-04 11:26:14,2024-01-05 01:29:36,2024-01-05 02:21:36,alex.chen,Account Team,Acme Corp,Portal,false,6.4
SUP-2003484,Billing Issue - Global Finance,Billing Issue,High,Closed,2024-01-01 13:15:48,2024-01-02 01:18:10,2024-01-02 02:08:10,laura.smith,Finance Support,Global Finance,Chat,false,8.3
SUP-2003485,Billing Issue - TechStart Inc,Billing Issue,Low,Closed,2024-01-26 22:53:12,2024-01-28 08:37:29,2024-01-28 09:33:29,alex.chen,Finance Support,TechStart Inc,Email,false,8.1
SUP-2003486,Billing Issue - CityCouncil,Billing Issue,Medium,Closed,2024-01-17 15:37:30,2024-01-19 15:09:55,2024-01-19 16:08:55,alex.chen,Finance Support,CityCouncil,Chat,false,
SUP-2003487,Account Management - RetailCo,Account Management,Medium,Closed,2024-01-04 19:26:16,2024-01-05 02:47:04,2024-01-05 03:31:04,ryan.kim,Account Team,RetailCo,Portal,false,6.7
SUP-2003488,Data Export/Import - TechStart Inc,Data Export/Import,Medium,Closed,2024-01-11 10:08:24,2024-01-12 14:04:40,2024-01-12 14:13:40,thomas.berg,Technical Team,TechStart Inc,Email,false,5.3
SUP-2003489,Technical Support - MedGroup,Technical Support,Medium,Closed,2024-01-26 16:02:14,2024-01-27 09:02:51,2024-01-27 09:10:51,alex.chen,Technical Team,MedGroup,Phone,false,
SUP-2003490,Account Management - UniServices,Account Management,Medium,Closed,2024-01-28 11:28:25,2024-01-29 11:57:26,2024-01-29 12:39:26,carlos.silva,Account Team,UniServices,Portal,false,6.3
SUP-2003491,Integration Problem - MedGroup,Integration Problem,Critical,Closed,2024-01-01 13:44:32,2024-01-01 15:46:56,2024-01-01 16:33:56,alex.chen,Integration Team,MedGroup,Portal,false,6.0
SUP-2003492,Technical Support - MedGroup,Technical Support,Medium,Closed,2024-01-10 10:22:08,2024-01-12 14:17:20,2024-01-12 15:07:20,carlos.silva,Technical Team,MedGroup,Chat,false,
SUP-2003493,Integration Problem - RetailCo,Integration Problem,Medium,Closed,2024-01-01 13:19:36,2024-01-04 15:48:30,2024-01-04 16:39:30,sofia.moreau,Integration Team,RetailCo,Email,false,
SUP-2003494,Integration Problem - UniServices,Integration Problem,Critical,Closed,2024-01-19 15:23:29,2024-01-19 18:10:38,2024-01-19 19:02:38,laura.smith,Integration Team,UniServices,Email,false,6.2
SUP-2003495,Account Management - RetailCo,Account Management,Low,Closed,2024-01-18 09:27:17,2024-01-21 14:00:01,2024-01-21 14:44:01,ryan.kim,Account Team,RetailCo,Phone,false,6.7
SUP-2003496,Integration Problem - UniServices,Integration Problem,High,Closed,2024-01-10 11:26:29,2024-01-10 18:51:33,2024-01-10 18:57:33,carlos.silva,Integration Team,UniServices,Chat,false,6.1
SUP-2003497,Account Management - Acme Corp,Account Management,Medium,Closed,2024-01-24 08:12:42,2024-01-27 00:24:19,2024-01-27 01:06:19,ryan.kim,Account Team,Acme Corp,Chat,false,6.3
SUP-2003498,Technical Support - Acme Corp,Technical Support,Critical,Closed,2024-01-15 02:45:30,2024-01-15 04:58:18,2024-01-15 05:07:18,alex.chen,Technical Team,Acme Corp,Phone,false,
SUP-2003499,Billing Issue - TechStart Inc,Billing Issue,Medium,Closed,2024-01-09 09:43:05,2024-01-09 22:35:20,2024-01-09 23:32:20,maya.patel,Finance Support,TechStart Inc,Chat,false,
SUP-2003500,Feature Request - Individual,Feature Request,Medium,Closed,2024-01-01 14:56:40,2024-01-03 01:08:52,2024-01-03 01:24:52,alex.chen,Product Team,Individual,Portal,false,7.1
SUP-2003501,Billing Issue - RetailCo,Billing Issue,Low,Closed,2024-01-15 03:59:40,2024-01-16 14:13:16,2024-01-16 14:49:16,thomas.berg,Finance Support,RetailCo,Chat,false,5.5
SUP-2003502,Account Management - TechStart Inc,Account Management,Medium,Closed,2024-01-03 13:32:56,2024-01-04 09:44:37,2024-01-04 09:58:37,thomas.berg,Account Team,TechStart Inc,Portal,false,6.1
SUP-2003503,Integration Problem - TechStart Inc,Integration Problem,Low,Escalated,2024-01-25 15:06:26,2024-02-08 14:20:24,,carlos.silva,Integration Team,TechStart Inc,Portal,false,
SUP-2003504,Account Management - MedGroup,Account Management,Medium,Closed,2024-01-19 08:59:45,2024-01-20 03:17:17,2024-01-20 03:35:17,sofia.moreau,Account Team,MedGroup,Chat,false,7.3
SUP-2003505,Billing Issue - TechStart Inc,Billing Issue,Medium,Closed,2024-01-24 09:30:32,2024-01-25 08:51:56,2024-01-25 09:32:56,maya.patel,Finance Support,TechStart Inc,Phone,false,5.1
SUP-2003506,Account Management - Acme Corp,Account Management,Low,Closed,2024-01-11 08:43:08,2024-01-24 00:42:27,2024-01-24 01:32:27,laura.smith,Account Team,Acme Corp,Chat,true,5.5
SUP-2003507,Performance Issue - TechStart Inc,Performance Issue,High,Closed,2024-01-11 11:25:37,2024-01-11 17:36:39,2024-01-11 17:54:39,alex.chen,Engineering,TechStart Inc,Chat,false,7.1
SUP-2003508,Account Management - UniServices,Account Management,Medium,Escalated,2024-01-09 15:56:20,2024-01-11 00:27:58,,thomas.berg,Account Team,UniServices,Portal,false,
SUP-2003509,Billing Issue - MedGroup,Billing Issue,Medium,Closed,2024-01-27 12:49:52,2024-02-02 10:18:57,2024-02-02 10:40:57,carlos.silva,Finance Support,MedGroup,Chat,true,
SUP-2003510,Feature Request - Acme Corp,Feature Request,Low,Closed,2024-01-22 12:50:02,2024-01-26 09:26:54,2024-01-26 09:48:54,carlos.silva,Product Team,Acme Corp,Portal,false,4.8
SUP-2003511,Technical Support - CityCouncil,Technical Support,Low,Closed,2024-01-10 13:19:17,2024-01-12 22:05:30,2024-01-12 23:02:30,alex.chen,Technical Team,CityCouncil,Email,false,7.2
SUP-2003512,Integration Problem - StartupXYZ,Integration Problem,Medium,Reopened,2024-01-22 12:32:57,2024-01-26 04:35:01,,sofia.moreau,Integration Team,StartupXYZ,Portal,false,
SUP-2003513,Account Management - StartupXYZ,Account Management,Medium,Closed,2024-01-04 10:59:10,2024-01-04 22:57:19,2024-01-04 23:12:19,maya.patel,Account Team,StartupXYZ,Phone,false,6.8
SUP-2003514,Billing Issue - TechStart Inc,Billing Issue,Low,Closed,2024-01-24 08:59:59,2024-01-30 19:35:07,2024-01-30 19:42:07,thomas.berg,Finance Support,TechStart Inc,Chat,false,5.6
SUP-2003515,Data Export/Import - Acme Corp,Data Export/Import,Medium,Reopened,2024-01-09 05:29:52,2024-01-14 23:49:56,,thomas.berg,Technical Team,Acme Corp,Portal,false,
SUP-2003516,Feature Request - UniServices,Feature Request,Medium,Reopened,2024-01-01 14:22:14,2024-01-03 01:20:35,,ryan.kim,Product Team,UniServices,Phone,false,
SUP-2003517,Technical Support - Global Finance,Technical Support,High,Closed,2024-01-10 08:56:41,2024-01-11 10:16:35,2024-01-11 10:21:35,laura.smith,Technical Team,Global Finance,Email,true,4.8
SUP-2003518,Billing Issue - UniServices,Billing Issue,Medium,Closed,2024-01-22 14:27:56,2024-01-23 15:55:06,2024-01-23 16:03:06,thomas.berg,Finance Support,UniServices,Phone,false,
SUP-2003519,Data Export/Import - TechStart Inc,Data Export/Import,Medium,Closed,2024-01-15 14:29:41,2024-01-18 12:23:36,2024-01-18 12:32:36,laura.smith,Technical Team,TechStart Inc,Email,false,
SUP-2003520,Feature Request - TechStart Inc,Feature Request,High,Closed,2024-01-01 08:17:27,2024-01-01 16:42:05,2024-01-01 17:13:05,jennifer.wu,Product Team,TechStart Inc,Phone,false,7.4
SUP-2003521,Feature Request - Acme Corp,Feature Request,Medium,Closed,2024-01-22 13:55:26,2024-01-25 01:30:16,2024-01-25 02:20:16,alex.chen,Product Team,Acme Corp,Chat,false,5.8
SUP-2003522,Performance Issue - Global Finance,Performance Issue,Medium,Closed,2024-01-04 13:58:42,2024-01-08 07:19:40,2024-01-08 08:06:40,maya.patel,Engineering,Global Finance,Phone,false,
SUP-2003523,Account Management - RetailCo,Account Management,Critical,Closed,2024-01-15 11:45:33,2024-01-15 13:33:27,2024-01-15 14:13:27,maya.patel,Account Team,RetailCo,Chat,false,7.2
SUP-2003524,Billing Issue - StartupXYZ,Billing Issue,High,Closed,2024-01-18 08:06:34,2024-01-18 14:56:49,2024-01-18 15:48:49,maya.patel,Finance Support,StartupXYZ,Phone,false,6.3
SUP-2003525,Feature Request - StartupXYZ,Feature Request,Low,Closed,2024-01-23 09:50:24,2024-01-31 06:42:52,2024-01-31 06:59:52,alex.chen,Product Team,StartupXYZ,Email,false,7.0
SUP-2003526,Billing Issue - TechStart Inc,Billing Issue,Low,Closed,2024-01-03 09:29:45,2024-01-10 18:35:20,2024-01-10 18:53:20,sofia.moreau,Finance Support,TechStart Inc,Chat,false,8.3
SUP-2003527,Feature Request - MedGroup,Feature Request,Low,Closed,2024-01-16 06:52:51,2024-01-18 12:05:12,2024-01-18 12:56:12,laura.smith,Product Team,MedGroup,Chat,false,5.3
SUP-2003528,Technical Support - RetailCo,Technical Support,Critical,Closed,2024-01-18 11:27:22,2024-01-18 15:51:43,2024-01-18 16:30:43,ryan.kim,Technical Team,RetailCo,Chat,true,6.4
SUP-2003529,Integration Problem - StartupXYZ,Integration Problem,Medium,Closed,2024-01-16 14:28:37,2024-01-24 01:22:06,2024-01-24 02:10:06,maya.patel,Integration Team,StartupXYZ,Email,true,
SUP-2003530,Performance Issue - StartupXYZ,Performance Issue,Medium,Closed,2024-01-17 11:59:42,2024-01-20 04:19:20,2024-01-20 05:07:20,alex.chen,Engineering,StartupXYZ,Portal,false,6.7
SUP-2003531,Feature Request - CityCouncil,Feature Request,Low,Closed,2024-01-13 08:23:18,2024-01-17 22:07:13,2024-01-17 22:41:13,maya.patel,Product Team,CityCouncil,Portal,false,6.2
SUP-2003532,Account Management - Individual,Account Management,Low,Escalated,2024-01-03 14:28:20,2024-02-04 22:20:50,,thomas.berg,Account Team,Individual,Chat,false,
SUP-2003533,Integration Problem - Global Finance,Integration Problem,Medium,Closed,2024-01-15 14:48:13,2024-01-16 11:30:28,2024-01-16 12:10:28,alex.chen,Integration Team,Global Finance,Phone,false,
SUP-2003534,Feature Request - StartupXYZ,Feature Request,Medium,Closed,2024-01-08 15:58:49,2024-01-11 00:13:27,2024-01-11 00:34:27,jennifer.wu,Product Team,StartupXYZ,Phone,false,6.8
SUP-2003535,Technical Support - CityCouncil,Technical Support,Low,Closed,2024-01-03 11:04:56,2024-01-07 15:09:39,2024-01-07 15:38:39,jennifer.wu,Technical Team,CityCouncil,Email,false,6.2
SUP-2003536,Feature Request - Global Finance,Feature Request,High,Closed,2024-01-06 00:01:20,2024-01-06 09:23:48,2024-01-06 10:16:48,alex.chen,Product Team,Global Finance,Email,false,6.8
SUP-2003537,Technical Support - TechStart Inc,Technical Support,High,Closed,2024-01-13 03:54:46,2024-01-14 14:50:37,2024-01-14 15:39:37,carlos.silva,Technical Team,TechStart Inc,Email,true,6.1
SUP-2003538,Integration Problem - Acme Corp,Integration Problem,Medium,Closed,2024-01-18 14:03:54,2024-01-25 13:41:08,2024-01-25 14:05:08,alex.chen,Integration Team,Acme Corp,Phone,true,6.4
SUP-2003539,Billing Issue - Acme Corp,Billing Issue,Medium,Reopened,2024-01-12 09:17:07,2024-01-13 06:57:53,,maya.patel,Finance Support,Acme Corp,Chat,false,
SUP-2003540,Billing Issue - Global Finance,Billing Issue,Low,Reopened,2024-01-12 00:49:24,2024-01-14 14:08:00,,thomas.berg,Finance Support,Global Finance,Phone,false,
SUP-2003541,Billing Issue - Acme Corp,Billing Issue,Medium,Closed,2024-01-01 12:15:36,2024-01-02 22:21:54,2024-01-02 22:56:54,alex.chen,Finance Support,Acme Corp,Email,false,8.4
SUP-2003542,Billing Issue - StartupXYZ,Billing Issue,Medium,Closed,2024-01-08 15:25:31,2024-01-08 20:31:18,2024-01-08 20:45:18,alex.chen,Finance Support,StartupXYZ,Chat,false,7.5
SUP-2003543,Technical Support - Acme Corp,Technical Support,High,Closed,2024-01-18 08:26:47,2024-01-18 11:38:23,2024-01-18 12:16:23,sofia.moreau,Technical Team,Acme Corp,Phone,false,6.6
SUP-2003544,Integration Problem - TechStart Inc,Integration Problem,Medium,Closed,2024-01-16 09:57:58,2024-01-17 07:29:58,2024-01-17 07:53:58,maya.patel,Integration Team,TechStart Inc,Email,false,5.6
SUP-2003545,Billing Issue - Global Finance,Billing Issue,Medium,Reopened,2024-01-03 13:04:11,2024-01-05 01:05:34,,thomas.berg,Finance Support,Global Finance,Portal,false,
SUP-2003546,Feature Request - UniServices,Feature Request,High,Reopened,2024-01-15 13:49:00,2024-01-16 00:51:16,,laura.smith,Product Team,UniServices,Phone,false,
SUP-2003547,Technical Support - TechStart Inc,Technical Support,Low,Closed,2024-01-24 22:48:04,2024-01-26 12:19:16,2024-01-26 12:31:16,carlos.silva,Technical Team,TechStart Inc,Phone,false,6.5
SUP-2003548,Feature Request - Acme Corp,Feature Request,Low,Reopened,2024-01-26 15:26:08,2024-01-31 11:28:07,,carlos.silva,Product Team,Acme Corp,Chat,false,
SUP-2003549,Feature Request - Acme Corp,Feature Request,Medium,Closed,2024-01-02 09:45:23,2024-01-03 07:29:34,2024-01-03 07:35:34,jennifer.wu,Product Team,Acme Corp,Email,false,6.2
SUP-2003550,Performance Issue - UniServices,Performance Issue,Critical,Closed,2024-01-18 13:51:24,2024-01-18 17:22:18,2024-01-18 17:30:18,jennifer.wu,Engineering,UniServices,Phone,false,6.7
SUP-2003551,Billing Issue - Acme Corp,Billing Issue,Critical,Closed,2024-01-18 11:03:53,2024-01-18 11:41:38,2024-01-18 12:11:38,laura.smith,Finance Support,Acme Corp,Chat,false,5.6
SUP-2003552,Billing Issue - StartupXYZ,Billing Issue,Low,Closed,2024-01-18 09:37:20,2024-01-18 22:11:47,2024-01-18 22:56:47,laura.smith,Finance Support,StartupXYZ,Portal,false,7.0
SUP-2003553,Billing Issue - MedGroup,Billing Issue,Low,Reopened,2024-01-17 13:48:28,2024-01-27 12:29:54,,carlos.silva,Finance Support,MedGroup,Chat,false,
SUP-2003554,Integration Problem - Acme Corp,Integration Problem,High,Escalated,2024-01-12 10:07:55,2024-01-12 19:23:46,,jennifer.wu,Integration Team,Acme Corp,Chat,false,
SUP-2003555,Integration Problem - StartupXYZ,Integration Problem,High,Closed,2024-01-20 13:14:53,2024-01-20 23:33:12,2024-01-20 23:42:12,alex.chen,Integration Team,StartupXYZ,Portal,false,
SUP-2003556,Billing Issue - RetailCo,Billing Issue,Critical,Closed,2024-01-17 12:12:05,2024-01-17 13:26:38,2024-01-17 14:03:38,ryan.kim,Finance Support,RetailCo,Email,false,6.8
SUP-2003557,Billing Issue - UniServices,Billing Issue,Low,Closed,2024-01-15 09:32:41,2024-01-24 08:21:53,2024-01-24 09:01:53,thomas.berg,Finance Support,UniServices,Phone,false,
SUP-2003558,Account Management - RetailCo,Account Management,Medium,Closed,2024-01-15 09:18:24,2024-01-16 18:27:42,2024-01-16 19:05:42,carlos.silva,Account Team,RetailCo,Portal,false,7.8
SUP-2003559,Account Management - TechStart Inc,Account Management,High,Closed,2024-01-01 16:17:25,2024-01-02 04:16:13,2024-01-02 05:10:13,laura.smith,Account Team,TechStart Inc,Portal,false,7.0
SUP-2003560,Performance Issue - MedGroup,Performance Issue,Critical,Closed,2024-01-19 14:46:53,2024-01-19 21:32:41,2024-01-19 21:48:41,sofia.moreau,Engineering,MedGroup,Email,true,
SUP-2003561,Integration Problem - UniServices,Integration Problem,Medium,Closed,2024-01-24 10:28:27,2024-02-15 02:32:02,2024-02-15 02:49:02,maya.patel,Integration Team,UniServices,Email,true,6.3
SUP-2003562,Performance Issue - Global Finance,Performance Issue,High,Reopened,2024-01-04 15:41:41,2024-01-04 21:16:55,,sofia.moreau,Engineering,Global Finance,Chat,false,
SUP-2003563,Account Management - TechStart Inc,Account Management,Medium,Closed,2024-01-18 12:50:23,2024-01-19 01:21:48,2024-01-19 02:04:48,jennifer.wu,Account Team,TechStart Inc,Chat,false,8.1
SUP-2003564,Integration Problem - MedGroup,Integration Problem,Low,Closed,2024-01-04 04:31:40,2024-01-11 17:05:41,2024-01-11 17:21:41,jennifer.wu,Integration Team,MedGroup,Chat,false,5.3
SUP-2003565,Performance Issue - TechStart Inc,Performance Issue,Medium,Closed,2024-01-01 12:12:16,2024-01-02 13:22:56,2024-01-02 13:58:56,alex.chen,Engineering,TechStart Inc,Chat,false,6.7
SUP-2003566,Technical Support - MedGroup,Technical Support,High,Closed,2024-01-23 09:13:38,2024-01-23 19:17:34,2024-01-23 20:02:34,maya.patel,Technical Team,MedGroup,Chat,false,7.2
SUP-2003567,Technical Support - MedGroup,Technical Support,Medium,Escalated,2024-01-05 15:47:27,2024-01-06 12:38:16,,maya.patel,Technical Team,MedGroup,Portal,false,
SUP-2003568,Technical Support - UniServices,Technical Support,Critical,Escalated,2024-01-24 11:56:41,2024-01-24 13:53:48,,carlos.silva,Technical Team,UniServices,Phone,false,
SUP-2003569,Billing Issue - Global Finance,Billing Issue,Medium,Closed,2024-01-22 16:42:48,2024-01-23 00:07:38,2024-01-23 00:24:38,maya.patel,Finance Support,Global Finance,Phone,false,
SUP-2003570,Technical Support - Individual,Technical Support,Medium,Closed,2024-01-08 10:08:54,2024-01-09 08:33:17,2024-01-09 09:25:17,ryan.kim,Technical Team,Individual,Email,false,
SUP-2003571,Account Management - UniServices,Account Management,Medium,Closed,2024-01-24 16:00:17,2024-01-25 05:43:21,2024-01-25 06:04:21,alex.chen,Account Team,UniServices,Email,false,8.0
SUP-2003572,Integration Problem - TechStart Inc,Integration Problem,Low,Closed,2024-01-16 13:57:11,2024-01-31 23:28:10,2024-02-01 00:14:10,jennifer.wu,Integration Team,TechStart Inc,Phone,true,6.3
SUP-2003573,Integration Problem - Acme Corp,Integration Problem,Medium,Closed,2024-01-23 13:52:59,2024-02-06 11:31:36,2024-02-06 11:51:36,carlos.silva,Integration Team,Acme Corp,Email,true,5.1
SUP-2003574,Technical Support - Individual,Technical Support,Medium,Closed,2024-01-06 12:00:38,2024-01-07 12:22:46,2024-01-07 12:33:46,thomas.berg,Technical Team,Individual,Chat,false,7.1
SUP-2003575,Account Management - UniServices,Account Management,Medium,Closed,2024-01-22 12:07:27,2024-01-23 11:51:44,2024-01-23 12:07:44,laura.smith,Account Team,UniServices,Email,false,
SUP-2003576,Performance Issue - Global Finance,Performance Issue,Medium,Closed,2024-01-04 09:18:30,2024-01-05 02:08:42,2024-01-05 02:22:42,laura.smith,Engineering,Global Finance,Chat,false,4.9
SUP-2003577,Technical Support - MedGroup,Technical Support,Low,Closed,2024-01-26 13:15:50,2024-01-28 03:33:57,2024-01-28 03:48:57,alex.chen,Technical Team,MedGroup,Portal,false,6.8
SUP-2003578,Feature Request - Acme Corp,Feature Request,Low,Escalated,2024-01-26 14:49:48,2024-02-10 09:12:58,,jennifer.wu,Product Team,Acme Corp,Portal,false,
SUP-2003579,Account Management - TechStart Inc,Account Management,Critical,Reopened,2024-01-02 10:54:13,2024-01-02 13:17:21,,ryan.kim,Account Team,TechStart Inc,Portal,false,
SUP-2003580,Billing Issue - UniServices,Billing Issue,Critical,Closed,2024-01-23 13:33:34,2024-01-23 15:42:23,2024-01-23 16:28:23,thomas.berg,Finance Support,UniServices,Portal,false,
SUP-2003581,Data Export/Import - Acme Corp,Data Export/Import,Critical,Closed,2024-01-18 10:01:48,2024-01-18 11:01:58,2024-01-18 11:32:58,jennifer.wu,Technical Team,Acme Corp,Chat,false,
SUP-2003582,Account Management - Global Finance,Account Management,Critical,Closed,2024-01-18 09:20:46,2024-01-18 11:41:00,2024-01-18 12:19:00,alex.chen,Account Team,Global Finance,Phone,false,6.5
SUP-2003583,Billing Issue - Acme Corp,Billing Issue,Medium,Closed,2024-01-16 12:04:46,2024-01-17 13:52:18,2024-01-17 14:29:18,jennifer.wu,Finance Support,Acme Corp,Email,false,6.8
SUP-2003584,Feature Request - UniServices,Feature Request,High,Closed,2024-01-17 00:54:41,2024-01-17 16:45:12,2024-01-17 17:27:12,thomas.berg,Product Team,UniServices,Phone,false,
SUP-2003585,Billing Issue - StartupXYZ,Billing Issue,Low,Closed,2024-01-19 13:24:58,2024-01-24 01:34:28,2024-01-24 01:51:28,carlos.silva,Finance Support,StartupXYZ,Chat,false,8.2
SUP-2003586,Account Management - TechStart Inc,Account Management,Low,Closed,2024-01-03 14:32:19,2024-01-13 23:20:51,2024-01-14 00:17:51,sofia.moreau,Account Team,TechStart Inc,Phone,true,7.3
SUP-2003587,Billing Issue - MedGroup,Billing Issue,Critical,Reopened,2024-01-10 17:01:08,2024-01-10 18:25:45,,jennifer.wu,Finance Support,MedGroup,Email,false,
SUP-2003588,Feature Request - TechStart Inc,Feature Request,Medium,Closed,2024-01-26 08:12:00,2024-01-27 13:36:42,2024-01-27 13:44:42,alex.chen,Product Team,TechStart Inc,Email,false,8.3
SUP-2003589,Feature Request - Acme Corp,Feature Request,Critical,Closed,2024-01-02 09:15:11,2024-01-02 16:26:49,2024-01-02 16:48:49,jennifer.wu,Product Team,Acme Corp,Email,true,5.0
SUP-2003590,Feature Request - Global Finance,Feature Request,High,Closed,2024-01-09 14:58:55,2024-01-09 20:45:23,2024-01-09 21:17:23,thomas.berg,Product Team,Global Finance,Email,false,2.7
SUP-2003591,Technical Support - RetailCo,Technical Support,Medium,Reopened,2024-01-21 13:28:59,2024-01-22 04:49:20,,laura.smith,Technical Team,RetailCo,Phone,false,
SUP-2003592,Billing Issue - Global Finance,Billing Issue,Low,Closed,2024-01-18 15:24:11,2024-01-21 18:46:09,2024-01-21 19:21:09,sofia.moreau,Finance Support,Global Finance,Portal,false,5.5
SUP-2003593,Technical Support - MedGroup,Technical Support,High,Closed,2024-01-24 08:52:52,2024-01-27 00:38:54,2024-01-27 01:12:54,thomas.berg,Technical Team,MedGroup,Chat,true,4.7
SUP-2003594,Integration Problem - Global Finance,Integration Problem,Medium,Closed,2024-01-16 04:46:06,2024-01-17 07:25:56,2024-01-17 07:56:56,maya.patel,Integration Team,Global Finance,Portal,false,6.2
SUP-2003595,Account Management - TechStart Inc,Account Management,High,Closed,2024-01-05 09:38:38,2024-01-05 16:10:57,2024-01-05 17:05:57,laura.smith,Account Team,TechStart Inc,Chat,false,8.0
SUP-2003596,Feature Request - Acme Corp,Feature Request,Low,Closed,2024-01-10 10:13:59,2024-01-17 04:54:04,2024-01-17 05:35:04,thomas.berg,Product Team,Acme Corp,Portal,false,2.5
SUP-2003597,Billing Issue - Individual,Billing Issue,Medium,Escalated,2024-01-24 12:18:30,2024-01-25 06:04:18,,laura.smith,Finance Support,Individual,Email,false,
SUP-2003598,Data Export/Import - RetailCo,Data Export/Import,High,Escalated,2024-01-01 12:31:04,2024-01-01 17:30:28,,ryan.kim,Technical Team,RetailCo,Portal,false,
SUP-2003599,Billing Issue - MedGroup,Billing Issue,Low,Closed,2024-01-20 03:21:47,2024-01-29 01:03:57,2024-01-29 01:24:57,carlos.silva,Finance Support,MedGroup,Email,false,5.8
SUP-2003600,Data Export/Import - Acme Corp,Data Export/Import,Medium,Closed,2024-01-15 08:00:52,2024-01-15 21:11:01,2024-01-15 21:19:01,jennifer.wu,Technical Team,Acme Corp,Phone,false,7.4
SUP-2003601,Technical Support - TechStart Inc,Technical Support,High,Reopened,2024-01-11 10:05:42,2024-01-11 16:38:34,,carlos.silva,Technical Team,TechStart Inc,Portal,false,
SUP-2003602,Performance Issue - CityCouncil,Performance Issue,Medium,Closed,2024-01-19 09:25:08,2024-01-20 14:28:33,2024-01-20 15:07:33,maya.patel,Engineering,CityCouncil,Chat,false,7.2
SUP-2003603,Integration Problem - Global Finance,Integration Problem,Medium,Closed,2024-01-10 14:04:14,2024-01-16 19:39:50,2024-01-16 19:53:50,carlos.silva,Integration Team,Global Finance,Portal,true,5.1
SUP-2003604,Technical Support - UniServices,Technical Support,Medium,Closed,2024-01-05 10:56:55,2024-01-06 21:07:57,2024-01-06 21:53:57,alex.chen,Technical Team,UniServices,Portal,false,7.7
SUP-2003605,Technical Support - Acme Corp,Technical Support,Medium,Closed,2024-01-23 11:29:18,2024-01-28 08:15:46,2024-01-28 08:46:46,maya.patel,Technical Team,Acme Corp,Email,true,
SUP-2003606,Account Management - TechStart Inc,Account Management,Medium,Closed,2024-01-23 10:08:08,2024-01-24 19:50:30,2024-01-24 20:42:30,jennifer.wu,Account Team,TechStart Inc,Email,false,7.9
SUP-2003607,Account Management - Global Finance,Account Management,High,Closed,2024-01-18 02:30:30,2024-01-18 23:12:42,2024-01-18 23:34:42,carlos.silva,Account Team,Global Finance,Chat,false,5.4
SUP-2003608,Billing Issue - Acme Corp,Billing Issue,Medium,Reopened,2024-01-05 19:43:33,2024-01-08 20:38:53,,thomas.berg,Finance Support,Acme Corp,Phone,false,
SUP-2003609,Billing Issue - Acme Corp,Billing Issue,High,Closed,2024-01-24 14:37:10,2024-01-24 20:17:26,2024-01-24 20:58:26,carlos.silva,Finance Support,Acme Corp,Chat,false,
SUP-2003610,Account Management - Global Finance,Account Management,Medium,Closed,2024-01-08 05:56:02,2024-01-11 06:08:03,2024-01-11 07:06:03,carlos.silva,Account Team,Global Finance,Phone,false,5.9
SUP-2003611,Technical Support - RetailCo,Technical Support,Medium,Closed,2024-01-22 21:29:05,2024-01-24 18:36:08,2024-01-24 18:58:08,carlos.silva,Technical Team,RetailCo,Phone,false,
SUP-2003612,Account Management - UniServices,Account Management,Low,Closed,2024-01-04 09:22:52,2024-01-07 01:09:51,2024-01-07 01:37:51,maya.patel,Account Team,UniServices,Portal,false,
SUP-2003613,Technical Support - Acme Corp,Technical Support,Medium,Closed,2024-01-08 23:14:29,2024-01-10 21:00:29,2024-01-10 21:20:29,laura.smith,Technical Team,Acme Corp,Chat,false,6.0
SUP-2003614,Performance Issue - RetailCo,Performance Issue,Medium,Escalated,2024-01-15 14:10:40,2024-01-16 19:28:50,,sofia.moreau,Engineering,RetailCo,Chat,false,
SUP-2003615,Feature Request - TechStart Inc,Feature Request,Medium,Closed,2024-01-26 08:05:14,2024-01-28 20:39:34,2024-01-28 21:02:34,alex.chen,Product Team,TechStart Inc,Email,false,7.4
SUP-2003616,Integration Problem - TechStart Inc,Integration Problem,Medium,Closed,2024-01-09 10:53:11,2024-01-10 21:32:38,2024-01-10 21:56:38,jennifer.wu,Integration Team,TechStart Inc,Chat,false,7.2
SUP-2003617,Billing Issue - RetailCo,Billing Issue,Low,Closed,2024-01-18 11:58:35,2024-01-19 18:13:36,2024-01-19 18:33:36,alex.chen,Finance Support,RetailCo,Email,false,6.7
SUP-2003618,Billing Issue - Acme Corp,Billing Issue,Medium,Closed,2024-01-03 10:26:01,2024-01-04 02:05:35,2024-01-04 02:12:35,alex.chen,Finance Support,Acme Corp,Chat,false,7.4
SUP-2003619,Account Management - TechStart Inc,Account Management,Medium,Reopened,2024-01-01 10:34:38,2024-01-02 00:28:28,,ryan.kim,Account Team,TechStart Inc,Email,false,
SUP-2003620,Technical Support - StartupXYZ,Technical Support,Low,Escalated,2024-01-26 22:46:59,2024-02-04 20:06:14,,thomas.berg,Technical Team,StartupXYZ,Chat,false,
SUP-2003621,Feature Request - Acme Corp,Feature Request,Critical,Closed,2024-01-24 10:52:16,2024-01-24 16:19:23,2024-01-24 16:37:23,jennifer.wu,Product Team,Acme Corp,Portal,true,6.0
SUP-2003622,Billing Issue - TechStart Inc,Billing Issue,Medium,Reopened,2024-01-24 08:40:52,2024-01-25 05:55:12,,ryan.kim,Finance Support,TechStart Inc,Portal,false,
SUP-2003623,Data Export/Import - Individual,Data Export/Import,High,Closed,2024-01-09 10:23:37,2024-01-09 15:31:18,2024-01-09 15:55:18,maya.patel,Technical Team,Individual,Chat,false,8.4
SUP-2003624,Data Export/Import - Global Finance,Data Export/Import,Low,Closed,2024-01-13 08:37:28,2024-01-17 11:00:31,2024-01-17 11:49:31,maya.patel,Technical Team,Global Finance,Email,false,5.8
SUP-2003625,Feature Request - Acme Corp,Feature Request,Low,Closed,2024-01-08 14:50:32,2024-01-18 22:13:40,2024-01-18 22:49:40,jennifer.wu,Product Team,Acme Corp,Phone,true,
SUP-2003626,Billing Issue - Acme Corp,Billing Issue,High,Closed,2024-01-26 16:44:27,2024-01-27 09:49:25,2024-01-27 10:39:25,maya.patel,Finance Support,Acme Corp,Chat,false,7.6
SUP-2003627,Feature Request - Individual,Feature Request,Low,Closed,2024-01-17 13:43:26,2024-01-19 16:17:59,2024-01-19 16:29:59,alex.chen,Product Team,Individual,Portal,false,
SUP-2003628,Technical Support - MedGroup,Technical Support,High,Closed,2024-01-12 15:54:29,2024-01-13 00:24:37,2024-01-13 01:24:37,alex.chen,Technical Team,MedGroup,Phone,false,6.0
SUP-2003629,Technical Support - Global Finance,Technical Support,High,Closed,2024-01-26 08:54:42,2024-01-26 18:19:23,2024-01-26 18:24:23,jennifer.wu,Technical Team,Global Finance,Phone,false,6.3
SUP-2003630,Integration Problem - Acme Corp,Integration Problem,High,Closed,2024-01-24 15:04:43,2024-01-25 13:08:36,2024-01-25 13:40:36,jennifer.wu,Integration Team,Acme Corp,Phone,false,5.5
SUP-2003631,Feature Request - Acme Corp,Feature Request,Low,Closed,2024-01-03 14:09:17,2024-01-07 11:32:10,2024-01-07 12:07:10,alex.chen,Product Team,Acme Corp,Phone,false,
SUP-2003632,Account Management - MedGroup,Account Management,Medium,Closed,2024-01-10 09:39:32,2024-01-11 02:32:33,2024-01-11 02:38:33,alex.chen,Account Team,MedGroup,Chat,false,
SUP-2003633,Billing Issue - Acme Corp,Billing Issue,Medium,Closed,2024-01-05 17:06:28,2024-01-08 08:05:54,2024-01-08 08:47:54,sofia.moreau,Finance Support,Acme Corp,Portal,false,
SUP-2003634,Account Management - UniServices,Account Management,Medium,Closed,2024-01-01 10:23:00,2024-01-02 21:05:34,2024-01-02 21:35:34,maya.patel,Account Team,UniServices,Chat,false,6.2
SUP-2003635,Integration Problem - Acme Corp,Integration Problem,Medium,Closed,2024-01-15 15:09:52,2024-01-17 08:45:42,2024-01-17 09:44:42,thomas.berg,Integration Team,Acme Corp,Portal,false,
SUP-2003636,Billing Issue - MedGroup,Billing Issue,Critical,Closed,2024-01-18 10:56:18,2024-01-18 14:56:17,2024-01-18 15:40:17,alex.chen,Finance Support,MedGroup,Email,false,7.6
SUP-2003637,Technical Support - RetailCo,Technical Support,Medium,Escalated,2024-01-23 14:10:13,2024-01-25 16:59:00,,ryan.kim,Technical Team,RetailCo,Chat,false,
SUP-2003638,Billing Issue - RetailCo,Billing Issue,Critical,Escalated,2024-01-08 09:14:56,2024-01-08 12:49:27,,ryan.kim,Finance Support,RetailCo,Portal,false,
SUP-2003639,Technical Support - MedGroup,Technical Support,Low,Closed,2024-01-10 13:42:38,2024-01-13 20:28:10,2024-01-13 21:20:10,laura.smith,Technical Team,MedGroup,Email,false,
SUP-2003640,Account Management - RetailCo,Account Management,High,Closed,2024-01-20 07:14:17,2024-01-20 11:29:00,2024-01-20 11:46:00,laura.smith,Account Team,RetailCo,Phone,false,6.7
SUP-2003641,Billing Issue - Individual,Billing Issue,Low,Escalated,2024-01-23 05:58:26,2024-01-26 18:25:07,,laura.smith,Finance Support,Individual,Email,false,
SUP-2003642,Technical Support - Acme Corp,Technical Support,Medium,Closed,2024-01-26 09:17:23,2024-01-26 18:43:59,2024-01-26 19:09:59,alex.chen,Technical Team,Acme Corp,Email,false,6.4
SUP-2003643,Technical Support - StartupXYZ,Technical Support,Low,Closed,2024-01-25 15:21:29,2024-01-27 17:01:31,2024-01-27 17:24:31,alex.chen,Technical Team,StartupXYZ,Phone,false,
SUP-2003644,Integration Problem - MedGroup,Integration Problem,Low,Escalated,2024-01-18 05:26:25,2024-01-28 01:39:25,,ryan.kim,Integration Team,MedGroup,Chat,false,
SUP-2003645,Feature Request - TechStart Inc,Feature Request,Medium,Closed,2024-01-16 12:03:05,2024-01-19 22:12:53,2024-01-19 23:08:53,alex.chen,Product Team,TechStart Inc,Portal,false,8.4
SUP-2003646,Integration Problem - StartupXYZ,Integration Problem,Low,Closed,2024-01-09 19:10:43,2024-01-14 18:50:30,2024-01-14 19:23:30,alex.chen,Integration Team,StartupXYZ,Phone,false,7.3
SUP-2003647,Feature Request - MedGroup,Feature Request,High,Closed,2024-01-22 08:05:27,2024-01-24 11:50:06,2024-01-24 12:37:06,laura.smith,Product Team,MedGroup,Phone,true,6.6
SUP-2003648,Feature Request - MedGroup,Feature Request,Low,Closed,2024-01-10 16:50:24,2024-01-19 07:29:05,2024-01-19 08:13:05,laura.smith,Product Team,MedGroup,Phone,false,4.4
SUP-2003649,Technical Support - TechStart Inc,Technical Support,Low,Closed,2024-01-18 22:07:55,2024-01-22 04:28:44,2024-01-22 05:06:44,carlos.silva,Technical Team,TechStart Inc,Phone,false,6.0
SUP-2003650,Data Export/Import - Global Finance,Data Export/Import,Medium,Closed,2024-01-18 16:27:47,2024-01-20 01:34:08,2024-01-20 02:15:08,jennifer.wu,Technical Team,Global Finance,Portal,false,6.7
SUP-2003651,Billing Issue - Individual,Billing Issue,Low,Closed,2024-01-01 21:11:51,2024-01-02 06:10:14,2024-01-02 07:01:14,jennifer.wu,Finance Support,Individual,Email,false,7.5
SUP-2003652,Billing Issue - Global Finance,Billing Issue,Low,Closed,2024-01-17 09:13:09,2024-01-19 07:35:12,2024-01-19 08:05:12,laura.smith,Finance Support,Global Finance,Phone,false,6.9
SUP-2003653,Technical Support - StartupXYZ,Technical Support,Medium,Reopened,2024-01-19 13:38:45,2024-01-19 22:43:01,,laura.smith,Technical Team,StartupXYZ,Chat,false,
SUP-2003654,Billing Issue - StartupXYZ,Billing Issue,Low,Closed,2024-01-01 14:04:33,2024-01-04 01:42:46,2024-01-04 02:25:46,sofia.moreau,Finance Support,StartupXYZ,Chat,false,7.2
SUP-2003655,Billing Issue - CityCouncil,Billing Issue,Low,Reopened,2024-01-10 11:20:38,2024-01-13 06:27:42,,maya.patel,Finance Support,CityCouncil,Phone,false,
SUP-2003656,Account Management - TechStart Inc,Account Management,Low,Closed,2024-01-11 17:05:59,2024-01-14 04:59:43,2024-01-14 05:10:43,laura.smith,Account Team,TechStart Inc,Portal,false,
SUP-2003657,Billing Issue - UniServices,Billing Issue,High,Closed,2024-01-02 09:03:39,2024-01-02 16:50:48,2024-01-02 17:24:48,jennifer.wu,Finance Support,UniServices,Portal,false,7.0
SUP-2003658,Integration Problem - RetailCo,Integration Problem,Low,Closed,2024-01-25 15:11:13,2024-02-07 11:28:15,2024-02-07 11:39:15,thomas.berg,Integration Team,RetailCo,Portal,true,3.7
SUP-2003659,Billing Issue - Individual,Billing Issue,High,Closed,2024-01-18 12:10:55,2024-01-18 12:49:44,2024-01-18 13:16:44,maya.patel,Finance Support,Individual,Email,false,7.2
SUP-2003660,Feature Request - TechStart Inc,Feature Request,Medium,Closed,2024-01-02 15:28:55,2024-01-07 04:14:52,2024-01-07 04:31:52,thomas.berg,Product Team,TechStart Inc,Portal,true,3.6
SUP-2003661,Account Management - Acme Corp,Account Management,High,Closed,2024-01-26 08:38:27,2024-01-26 18:45:28,2024-01-26 19:35:28,carlos.silva,Account Team,Acme Corp,Chat,false,
SUP-2003662,Data Export/Import - Global Finance,Data Export/Import,Critical,Closed,2024-01-17 12:22:21,2024-01-17 15:09:50,2024-01-17 15:55:50,alex.chen,Technical Team,Global Finance,Chat,false,
SUP-2003663,Performance Issue - StartupXYZ,Performance Issue,Medium,Escalated,2024-01-11 15:37:01,2024-01-12 22:00:35,,thomas.berg,Engineering,StartupXYZ,Chat,false,
SUP-2003664,Account Management - Individual,Account Management,Low,Closed,2024-01-05 12:14:14,2024-01-16 05:22:22,2024-01-16 05:54:22,alex.chen,Account Team,Individual,Portal,true,8.8
SUP-2003665,Account Management - Global Finance,Account Management,Low,Closed,2024-01-09 15:24:01,2024-01-14 11:42:43,2024-01-14 12:10:43,ryan.kim,Account Team,Global Finance,Phone,false,6.0
SUP-2003666,Integration Problem - UniServices,Integration Problem,Medium,Closed,2024-01-23 13:35:40,2024-01-26 11:51:16,2024-01-26 12:48:16,alex.chen,Integration Team,UniServices,Email,false,7.2
SUP-2003667,Data Export/Import - RetailCo,Data Export/Import,Medium,Closed,2024-01-23 15:45:21,2024-01-25 13:31:51,2024-01-25 14:09:51,maya.patel,Technical Team,RetailCo,Email,false,
SUP-2003668,Account Management - Acme Corp,Account Management,Medium,Closed,2024-01-13 17:20:52,2024-01-17 22:28:37,2024-01-17 23:06:37,carlos.silva,Account Team,Acme Corp,Phone,true,5.2
SUP-2003669,Feature Request - Acme Corp,Feature Request,Medium,Reopened,2024-01-26 09:38:45,2024-01-31 04:41:47,,maya.patel,Product Team,Acme Corp,Portal,false,
SUP-2003670,Account Management - TechStart Inc,Account Management,Medium,Closed,2024-01-25 17:15:37,2024-01-25 23:10:06,2024-01-25 23:26:06,carlos.silva,Account Team,TechStart Inc,Email,false,6.6
SUP-2003671,Data Export/Import - Acme Corp,Data Export/Import,Medium,Closed,2024-01-08 07:53:42,2024-01-09 21:49:26,2024-01-09 21:59:26,laura.smith,Technical Team,Acme Corp,Phone,false,
SUP-2003672,Technical Support - UniServices,Technical Support,Medium,Closed,2024-01-18 15:17:10,2024-01-19 04:59:29,2024-01-19 05:19:29,jennifer.wu,Technical Team,UniServices,Phone,false,8.1
SUP-2003673,Account Management - Acme Corp,Account Management,Medium,Closed,2024-01-04 08:23:17,2024-01-07 17:18:39,2024-01-07 17:34:39,thomas.berg,Account Team,Acme Corp,Chat,false,6.1
SUP-2003674,Billing Issue - TechStart Inc,Billing Issue,Medium,Escalated,2024-01-18 11:01:09,2024-01-19 06:05:05,,alex.chen,Finance Support,TechStart Inc,Phone,false,
SUP-2003675,Account Management - Acme Corp,Account Management,Low,Closed,2024-01-10 22:36:19,2024-01-14 15:26:31,2024-01-14 15:44:31,ryan.kim,Account Team,Acme Corp,Portal,false,6.0
SUP-2003676,Technical Support - Acme Corp,Technical Support,High,Closed,2024-01-15 08:11:03,2024-01-16 10:14:27,2024-01-16 11:13:27,laura.smith,Technical Team,Acme Corp,Phone,true,7.2
SUP-2003677,Feature Request - Global Finance,Feature Request,Critical,Closed,2024-01-08 08:26:02,2024-01-09 00:32:33,2024-01-09 01:25:33,carlos.silva,Product Team,Global Finance,Email,true,
SUP-2003678,Account Management - RetailCo,Account Management,High,Closed,2024-01-15 16:55:19,2024-01-15 22:26:45,2024-01-15 22:36:45,laura.smith,Account Team,RetailCo,Email,false,
SUP-2003679,Billing Issue - Global Finance,Billing Issue,Critical,Closed,2024-01-05 23:51:20,2024-01-06 03:58:02,2024-01-06 04:50:02,sofia.moreau,Finance Support,Global Finance,Chat,true,7.2
SUP-2003680,Feature Request - Individual,Feature Request,Low,Closed,2024-01-22 10:26:29,2024-01-30 15:32:04,2024-01-30 15:46:04,thomas.berg,Product Team,Individual,Phone,false,5.5
SUP-2003681,Billing Issue - Individual,Billing Issue,Critical,Closed,2024-01-17 18:50:35,2024-01-17 19:28:13,2024-01-17 20:13:13,laura.smith,Finance Support,Individual,Chat,false,8.2
SUP-2003682,Integration Problem - Individual,Integration Problem,High,Closed,2024-01-23 11:41:04,2024-01-23 20:45:14,2024-01-23 21:14:14,thomas.berg,Integration Team,Individual,Portal,false,5.1
SUP-2003683,Integration Problem - Acme Corp,Integration Problem,High,Reopened,2024-01-09 12:50:01,2024-01-10 00:06:42,,laura.smith,Integration Team,Acme Corp,Phone,false,
SUP-2003684,Data Export/Import - Acme Corp,Data Export/Import,Low,Closed,2024-01-15 14:40:44,2024-01-18 18:53:54,2024-01-18 19:31:54,maya.patel,Technical Team,Acme Corp,Email,false,7.0
SUP-2003685,Data Export/Import - MedGroup,Data Export/Import,Low,Closed,2024-01-22 18:41:34,2024-01-28 18:53:31,2024-01-28 19:20:31,carlos.silva,Technical Team,MedGroup,Chat,false,5.8
SUP-2003686,Performance Issue - UniServices,Performance Issue,Critical,Closed,2024-01-09 16:26:54,2024-01-09 20:22:10,2024-01-09 21:07:10,ryan.kim,Engineering,UniServices,Phone,false,
SUP-2003687,Billing Issue - Acme Corp,Billing Issue,High,Closed,2024-01-12 14:03:42,2024-01-13 04:07:58,2024-01-13 04:34:58,jennifer.wu,Finance Support,Acme Corp,Portal,false,5.9
SUP-2003688,Technical Support - Global Finance,Technical Support,Low,Closed,2024-01-27 09:11:08,2024-02-02 05:32:24,2024-02-02 05:57:24,alex.chen,Technical Team,Global Finance,Email,false,7.4
SUP-2003689,Feature Request - Acme Corp,Feature Request,High,Closed,2024-01-08 10:13:17,2024-01-09 05:58:53,2024-01-09 06:15:53,carlos.silva,Product Team,Acme Corp,Phone,false,
SUP-2003690,Data Export/Import - Acme Corp,Data Export/Import,Low,Closed,2024-01-18 11:56:15,2024-01-22 10:16:53,2024-01-22 11:03:53,alex.chen,Technical Team,Acme Corp,Chat,false,7.9
SUP-2003691,Performance Issue - Global Finance,Performance Issue,Medium,Closed,2024-01-15 14:16:51,2024-01-18 15:21:50,2024-01-18 16:20:50,alex.chen,Engineering,Global Finance,Chat,false,
SUP-2003692,Billing Issue - StartupXYZ,Billing Issue,Medium,Closed,2024-01-02 14:22:33,2024-01-02 22:04:59,2024-01-02 22:35:59,alex.chen,Finance Support,StartupXYZ,Email,false,7.9
SUP-2003693,Account Management - StartupXYZ,Account Management,Low,Closed,2024-01-19 14:58:34,2024-01-24 14:29:22,2024-01-24 15:02:22,jennifer.wu,Account Team,StartupXYZ,Phone,false,
SUP-2003694,Account Management - Individual,Account Management,Medium,Closed,2024-01-17 16:41:26,2024-01-17 23:02:51,2024-01-17 23:13:51,alex.chen,Account Team,Individual,Email,false,6.8
SUP-2003695,Integration Problem - StartupXYZ,Integration Problem,Medium,Closed,2024-01-17 11:13:33,2024-01-19 03:28:17,2024-01-19 03:36:17,carlos.silva,Integration Team,StartupXYZ,Email,false,4.9
SUP-2003696,Account Management - Acme Corp,Account Management,Medium,Closed,2024-01-01 08:02:56,2024-01-03 08:24:07,2024-01-03 08:46:07,laura.smith,Account Team,Acme Corp,Email,false,6.9
SUP-2003697,Billing Issue - TechStart Inc,Billing Issue,Medium,Reopened,2024-01-16 02:33:11,2024-01-18 07:56:36,,thomas.berg,Finance Support,TechStart Inc,Chat,false,
SUP-2003698,Feature Request - TechStart Inc,Feature Request,Medium,Closed,2024-01-22 08:46:08,2024-01-26 12:49:11,2024-01-26 13:27:11,thomas.berg,Product Team,TechStart Inc,Portal,true,4.8
SUP-2003699,Integration Problem - MedGroup,Integration Problem,Medium,Reopened,2024-01-14 12:17:23,2024-01-20 02:42:22,,thomas.berg,Integration Team,MedGroup,Phone,false,
SUP-2003700,Billing Issue - Acme Corp,Billing Issue,Medium,Closed,2024-01-22 10:50:12,2024-01-23 02:36:18,2024-01-23 03:11:18,sofia.moreau,Finance Support,Acme Corp,Chat,false,
SUP-2003701,Data Export/Import - RetailCo,Data Export/Import,Medium,Closed,2024-01-09 12:54:37,2024-01-10 19:40:00,2024-01-10 19:54:00,thomas.berg,Technical Team,RetailCo,Chat,false,5.0
SUP-2003702,Billing Issue - Acme Corp,Billing Issue,Low,Reopened,2024-01-19 14:07:37,2024-01-21 11:05:27,,sofia.moreau,Finance Support,Acme Corp,Portal,false,
SUP-2003703,Integration Problem - MedGroup,Integration Problem,Medium,Closed,2024-01-19 13:22:45,2024-01-25 14:13:58,2024-01-25 14:55:58,laura.smith,Integration Team,MedGroup,Email,true,
SUP-2003704,Technical Support - Acme Corp,Technical Support,High,Closed,2024-01-13 14:42:30,2024-01-14 02:35:40,2024-01-14 03:10:40,laura.smith,Technical Team,Acme Corp,Portal,false,7.9
SUP-2003705,Data Export/Import - UniServices,Data Export/Import,Low,Closed,2024-01-03 12:18:34,2024-01-04 03:17:25,2024-01-04 03:38:25,ryan.kim,Technical Team,UniServices,Portal,false,7.5
SUP-2003706,Feature Request - RetailCo,Feature Request,Medium,Closed,2024-01-15 14:22:21,2024-01-16 07:47:11,2024-01-16 08:29:11,maya.patel,Product Team,RetailCo,Portal,false,7.1
SUP-2003707,Technical Support - RetailCo,Technical Support,Low,Closed,2024-01-25 11:37:38,2024-01-28 17:27:22,2024-01-28 17:39:22,alex.chen,Technical Team,RetailCo,Portal,false,6.5
SUP-2003708,Billing Issue - RetailCo,Billing Issue,High,Closed,2024-01-10 08:52:41,2024-01-10 14:17:57,2024-01-10 14:57:57,laura.smith,Finance Support,RetailCo,Chat,false,8.1
SUP-2003709,Technical Support - TechStart Inc,Technical Support,Medium,Closed,2024-01-18 08:29:00,2024-01-18 18:46:12,2024-01-18 19:03:12,jennifer.wu,Technical Team,TechStart Inc,Phone,false,
SUP-2003710,Billing Issue - Global Finance,Billing Issue,Medium,Closed,2024-01-03 10:57:12,2024-01-04 20:22:23,2024-01-04 20:37:23,thomas.berg,Finance Support,Global Finance,Chat,false,6.8
SUP-2003711,Technical Support - Acme Corp,Technical Support,Medium,Reopened,2024-01-09 10:08:05,2024-01-13 16:46:36,,sofia.moreau,Technical Team,Acme Corp,Chat,false,
SUP-2003712,Integration Problem - TechStart Inc,Integration Problem,Critical,Closed,2024-01-24 16:47:13,2024-01-24 23:49:34,2024-01-25 00:11:34,sofia.moreau,Integration Team,TechStart Inc,Email,true,6.2
SUP-2003713,Integration Problem - Global Finance,Integration Problem,Medium,Closed,2024-01-23 16:39:29,2024-01-30 05:26:59,2024-01-30 06:13:59,thomas.berg,Integration Team,Global Finance,Chat,true,3.2
SUP-2003714,Account Management - MedGroup,Account Management,Medium,Reopened,2024-01-26 13:18:31,2024-01-29 03:38:29,,carlos.silva,Account Team,MedGroup,Chat,false,
SUP-2003715,Data Export/Import - Individual,Data Export/Import,Medium,Closed,2024-01-23 13:21:52,2024-01-23 20:57:13,2024-01-23 21:19:13,alex.chen,Technical Team,Individual,Email,false,8.7
SUP-2003716,Performance Issue - TechStart Inc,Performance Issue,High,Closed,2024-01-01 14:30:03,2024-01-02 12:01:49,2024-01-02 12:09:49,carlos.silva,Engineering,TechStart Inc,Email,false,5.5
SUP-2003717,Billing Issue - UniServices,Billing Issue,Low,Closed,2024-01-23 11:13:33,2024-01-27 17:32:35,2024-01-27 18:11:35,alex.chen,Finance Support,UniServices,Portal,false,
SUP-2003718,Account Management - UniServices,Account Management,Medium,Closed,2024-01-02 13:34:54,2024-01-03 23:12:36,2024-01-03 23:54:36,jennifer.wu,Account Team,UniServices,Phone,false,
SUP-2003719,Integration Problem - Individual,Integration Problem,Medium,Reopened,2024-01-26 13:55:01,2024-01-28 15:53:48,,thomas.berg,Integration Team,Individual,Chat,false,
SUP-2003720,Account Management - Acme Corp,Account Management,Critical,Closed,2024-01-16 16:41:20,2024-01-16 20:28:21,2024-01-16 21:23:21,jennifer.wu,Account Team,Acme Corp,Email,false,6.9
SUP-2003721,Billing Issue - RetailCo,Billing Issue,High,Closed,2024-01-03 12:13:12,2024-01-03 19:55:01,2024-01-03 20:27:01,laura.smith,Finance Support,RetailCo,Portal,false,7.0
SUP-2003722,Technical Support - RetailCo,Technical Support,Low,Closed,2024-01-26 10:27:43,2024-02-01 15:20:49,2024-02-01 16:01:49,carlos.silva,Technical Team,RetailCo,Phone,false,6.7
SUP-2003723,Account Management - Acme Corp,Account Management,High,Reopened,2024-01-26 12:18:59,2024-01-27 06:22:48,,sofia.moreau,Account Team,Acme Corp,Portal,false,
SUP-2003724,Billing Issue - Acme Corp,Billing Issue,High,Closed,2024-01-16 13:22:35,2024-01-17 01:51:04,2024-01-17 02:07:04,jennifer.wu,Finance Support,Acme Corp,Chat,false,7.0
SUP-2003725,Billing Issue - Acme Corp,Billing Issue,Low,Closed,2024-01-16 16:42:41,2024-01-21 07:18:47,2024-01-21 07:48:47,sofia.moreau,Finance Support,Acme Corp,Portal,false,
SUP-2003726,Technical Support - RetailCo,Technical Support,Medium,Closed,2024-01-15 09:39:43,2024-01-15 21:40:55,2024-01-15 22:27:55,carlos.silva,Technical Team,RetailCo,Phone,false,6.3
SUP-2003727,Feature Request - TechStart Inc,Feature Request,Medium,Closed,2024-01-24 16:07:10,2024-01-26 12:12:48,2024-01-26 12:29:48,maya.patel,Product Team,TechStart Inc,Chat,false,5.3
SUP-2003728,Billing Issue - Acme Corp,Billing Issue,Medium,Reopened,2024-01-16 09:57:44,2024-01-18 17:34:20,,laura.smith,Finance Support,Acme Corp,Portal,false,
SUP-2003729,Technical Support - MedGroup,Technical Support,Low,Closed,2024-01-06 10:06:24,2024-01-09 22:27:35,2024-01-09 23:07:35,carlos.silva,Technical Team,MedGroup,Portal,false,6.2
SUP-2003730,Integration Problem - CityCouncil,Integration Problem,Critical,Closed,2024-01-17 23:13:11,2024-01-18 03:12:39,2024-01-18 04:05:39,carlos.silva,Integration Team,CityCouncil,Chat,false,6.2
SUP-2003731,Performance Issue - UniServices,Performance Issue,Medium,Closed,2024-01-11 13:22:01,2024-01-12 17:54:53,2024-01-12 18:42:53,jennifer.wu,Engineering,UniServices,Portal,false,7.2
SUP-2003732,Feature Request - Individual,Feature Request,Low,Closed,2024-01-05 09:38:03,2024-01-07 04:31:23,2024-01-07 05:09:23,ryan.kim,Product Team,Individual,Chat,false,6.5
SUP-2003733,Billing Issue - MedGroup,Billing Issue,High,Closed,2024-01-15 08:56:56,2024-01-15 13:07:48,2024-01-15 14:06:48,jennifer.wu,Finance Support,MedGroup,Portal,false,7.9
SUP-2003734,Technical Support - StartupXYZ,Technical Support,Medium,Closed,2024-01-04 10:47:04,2024-01-05 04:21:29,2024-01-05 04:51:29,ryan.kim,Technical Team,StartupXYZ,Phone,false,7.1
SUP-2003735,Feature Request - UniServices,Feature Request,Medium,Closed,2024-01-15 10:46:38,2024-01-17 02:32:43,2024-01-17 02:54:43,laura.smith,Product Team,UniServices,Email,false,6.7
SUP-2003736,Data Export/Import - UniServices,Data Export/Import,Low,Closed,2024-01-24 07:29:08,2024-02-03 01:54:31,2024-02-03 02:08:31,laura.smith,Technical Team,UniServices,Chat,false,5.9
SUP-2003737,Feature Request - MedGroup,Feature Request,Low,Escalated,2024-01-18 12:30:39,2024-02-05 14:39:07,,thomas.berg,Product Team,MedGroup,Chat,false,
SUP-2003738,Performance Issue - Acme Corp,Performance Issue,Medium,Escalated,2024-01-12 13:06:03,2024-01-14 02:16:24,,maya.patel,Engineering,Acme Corp,Email,false,
SUP-2003739,Billing Issue - Global Finance,Billing Issue,Low,Reopened,2024-01-15 09:53:30,2024-01-18 16:52:36,,thomas.berg,Finance Support,Global Finance,Phone,false,
SUP-2003740,Feature Request - RetailCo,Feature Request,High,Closed,2024-01-24 05:02:48,2024-01-24 11:55:10,2024-01-24 12:03:10,maya.patel,Product Team,RetailCo,Portal,false,6.3
SUP-2003741,Billing Issue - Acme Corp,Billing Issue,Medium,Closed,2024-01-09 13:47:56,2024-01-11 05:05:07,2024-01-11 06:03:07,maya.patel,Finance Support,Acme Corp,Email,false,
SUP-2003742,Account Management - TechStart Inc,Account Management,Low,Closed,2024-01-22 05:06:23,2024-01-23 20:16:44,2024-01-23 20:42:44,laura.smith,Account Team,TechStart Inc,Portal,false,7.5
SUP-2003743,Feature Request - CityCouncil,Feature Request,High,Escalated,2024-01-12 12:13:35,2024-01-13 12:55:06,,carlos.silva,Product Team,CityCouncil,Phone,false,
SUP-2003744,Account Management - Acme Corp,Account Management,Medium,Closed,2024-01-25 09:12:03,2024-01-27 22:09:57,2024-01-27 23:06:57,carlos.silva,Account Team,Acme Corp,Portal,false,6.7
SUP-2003745,Technical Support - Acme Corp,Technical Support,Low,Closed,2024-01-17 10:20:09,2024-02-06 11:35:07,2024-02-06 11:55:07,jennifer.wu,Technical Team,Acme Corp,Phone,true,6.4
SUP-2003746,Technical Support - RetailCo,Technical Support,Medium,Closed,2024-01-11 12:43:46,2024-01-13 11:37:26,2024-01-13 11:56:26,laura.smith,Technical Team,RetailCo,Phone,false,7.1
SUP-2003747,Feature Request - Acme Corp,Feature Request,Medium,Closed,2024-01-17 14:35:37,2024-01-27 10:07:33,2024-01-27 10:18:33,laura.smith,Product Team,Acme Corp,Email,true,
SUP-2003748,Performance Issue - CityCouncil,Performance Issue,Low,Escalated,2024-01-09 21:36:36,2024-01-12 18:38:18,,carlos.silva,Engineering,CityCouncil,Chat,false,
SUP-2003749,Feature Request - Acme Corp,Feature Request,Low,Closed,2024-01-17 12:42:22,2024-01-19 17:45:20,2024-01-19 18:04:20,maya.patel,Product Team,Acme Corp,Email,false,5.3
SUP-2003750,Billing Issue - RetailCo,Billing Issue,High,Reopened,2024-01-04 12:38:59,2024-01-08 02:02:23,,thomas.berg,Finance Support,RetailCo,Portal,false,
SUP-2003751,Data Export/Import - Acme Corp,Data Export/Import,Critical,Closed,2024-01-15 14:42:31,2024-01-15 15:51:50,2024-01-15 16:15:50,carlos.silva,Technical Team,Acme Corp,Email,false,6.0
SUP-2003752,Feature Request - TechStart Inc,Feature Request,Medium,Closed,2024-01-12 11:42:47,2024-01-13 12:10:59,2024-01-13 13:09:59,alex.chen,Product Team,TechStart Inc,Portal,false,
SUP-2003753,Performance Issue - Individual,Performance Issue,Medium,Closed,2024-01-18 15:44:42,2024-01-19 06:54:55,2024-01-19 07:16:55,maya.patel,Engineering,Individual,Phone,false,6.1
SUP-2003754,Performance Issue - TechStart Inc,Performance Issue,Medium,Closed,2024-01-15 13:06:52,2024-01-18 09:59:57,2024-01-18 10:46:57,laura.smith,Engineering,TechStart Inc,Portal,false,7.2
SUP-2003755,Billing Issue - Acme Corp,Billing Issue,Low,Closed,2024-01-23 12:07:39,2024-01-25 19:47:49,2024-01-25 20:12:49,jennifer.wu,Finance Support,Acme Corp,Email,false,7.3
SUP-2003756,Feature Request - StartupXYZ,Feature Request,Medium,Closed,2024-01-24 16:40:50,2024-01-25 17:03:56,2024-01-25 17:08:56,jennifer.wu,Product Team,StartupXYZ,Chat,false,7.0
SUP-2003757,Billing Issue - TechStart Inc,Billing Issue,Medium,Closed,2024-01-23 09:59:40,2024-01-25 15:31:08,2024-01-25 15:56:08,sofia.moreau,Finance Support,TechStart Inc,Email,false,7.7
SUP-2003758,Performance Issue - TechStart Inc,Performance Issue,High,Closed,2024-01-23 08:48:02,2024-01-24 01:39:12,2024-01-24 01:55:12,jennifer.wu,Engineering,TechStart Inc,Phone,false,7.0
SUP-2003759,Technical Support - TechStart Inc,Technical Support,Medium,Reopened,2024-01-10 20:31:40,2024-01-11 15:09:51,,maya.patel,Technical Team,TechStart Inc,Email,false,
SUP-2003760,Data Export/Import - TechStart Inc,Data Export/Import,Low,Closed,2024-01-22 11:31:25,2024-01-23 20:37:52,2024-01-23 21:05:52,alex.chen,Technical Team,TechStart Inc,Portal,false,8.0
SUP-2003761,Feature Request - Acme Corp,Feature Request,Medium,Closed,2024-01-25 09:29:13,2024-01-27 18:21:23,2024-01-27 18:32:23,maya.patel,Product Team,Acme Corp,Chat,false,5.5
SUP-2003762,Technical Support - Acme Corp,Technical Support,High,Closed,2024-01-01 05:24:41,2024-01-01 08:26:37,2024-01-01 09:08:37,alex.chen,Technical Team,Acme Corp,Email,false,6.7
SUP-2003763,Account Management - TechStart Inc,Account Management,High,Closed,2024-01-12 15:00:05,2024-01-12 20:14:16,2024-01-12 20:19:16,carlos.silva,Account Team,TechStart Inc,Chat,false,7.1
SUP-2003764,Performance Issue - UniServices,Performance Issue,High,Closed,2024-01-20 16:46:32,2024-01-21 04:46:48,2024-01-21 05:43:48,alex.chen,Engineering,UniServices,Email,false,6.0
SUP-2003765,Technical Support - Global Finance,Technical Support,Low,Closed,2024-01-23 01:56:38,2024-02-24 02:39:35,2024-02-24 02:54:35,carlos.silva,Technical Team,Global Finance,Email,true,
SUP-2003766,Billing Issue - UniServices,Billing Issue,High,Reopened,2024-01-12 00:10:37,2024-01-12 02:46:12,,maya.patel,Finance Support,UniServices,Portal,false,
SUP-2003767,Integration Problem - UniServices,Integration Problem,High,Closed,2024-01-01 11:01:31,2024-01-01 19:05:16,2024-01-01 20:03:16,alex.chen,Integration Team,UniServices,Email,false,7.7
SUP-2003768,Performance Issue - UniServices,Performance Issue,Medium,Closed,2024-01-03 10:34:50,2024-01-04 05:03:06,2024-01-04 05:22:06,ryan.kim,Engineering,UniServices,Email,false,
SUP-2003769,Feature Request - TechStart Inc,Feature Request,Medium,Reopened,2024-01-05 11:27:34,2024-01-08 06:23:54,,laura.smith,Product Team,TechStart Inc,Portal,false,
SUP-2003770,Billing Issue - StartupXYZ,Billing Issue,Medium,Closed,2024-01-19 08:54:13,2024-01-21 11:09:33,2024-01-21 11:52:33,ryan.kim,Finance Support,StartupXYZ,Portal,false,
SUP-2003771,Technical Support - Acme Corp,Technical Support,Medium,Escalated,2024-01-24 08:49:27,2024-01-25 08:12:27,,maya.patel,Technical Team,Acme Corp,Email,false,
SUP-2003772,Technical Support - RetailCo,Technical Support,High,Closed,2024-01-22 13:16:51,2024-01-23 08:32:14,2024-01-23 09:00:14,ryan.kim,Technical Team,RetailCo,Portal,false,
SUP-2003773,Technical Support - TechStart Inc,Technical Support,Medium,Closed,2024-01-11 13:58:07,2024-01-12 09:37:36,2024-01-12 10:24:36,jennifer.wu,Technical Team,TechStart Inc,Email,false,6.7
SUP-2003774,Performance Issue - RetailCo,Performance Issue,Medium,Escalated,2024-01-05 11:24:20,2024-01-06 07:09:01,,maya.patel,Engineering,RetailCo,Email,false,
SUP-2003775,Account Management - Global Finance,Account Management,Low,Closed,2024-01-11 08:53:35,2024-01-11 18:22:37,2024-01-11 19:12:37,laura.smith,Account Team,Global Finance,Chat,false,
SUP-2003776,Billing Issue - CityCouncil,Billing Issue,High,Closed,2024-01-23 17:04:37,2024-01-24 03:15:39,2024-01-24 03:22:39,carlos.silva,Finance Support,CityCouncil,Email,false,
SUP-2003777,Integration Problem - TechStart Inc,Integration Problem,Medium,Closed,2024-01-03 04:36:37,2024-01-04 15:46:00,2024-01-04 16:21:00,thomas.berg,Integration Team,TechStart Inc,Chat,false,4.9
SUP-2003778,Billing Issue - TechStart Inc,Billing Issue,High,Closed,2024-01-02 12:27:39,2024-01-02 23:19:14,2024-01-02 23:51:14,ryan.kim,Finance Support,TechStart Inc,Portal,false,
SUP-2003779,Integration Problem - StartupXYZ,Integration Problem,Low,Closed,2024-01-23 13:37:48,2024-01-25 17:53:48,2024-01-25 18:35:48,alex.chen,Integration Team,StartupXYZ,Portal,false,
SUP-2003780,Billing Issue - StartupXYZ,Billing Issue,Medium,Closed,2024-01-25 10:58:46,2024-01-26 01:44:40,2024-01-26 02:26:40,jennifer.wu,Finance Support,StartupXYZ,Portal,false,7.8
SUP-2003781,Billing Issue - Acme Corp,Billing Issue,High,Closed,2024-01-15 12:37:21,2024-01-15 23:50:21,2024-01-16 00:18:21,alex.chen,Finance Support,Acme Corp,Phone,false,7.6
SUP-2003782,Account Management - Acme Corp,Account Management,Low,Closed,2024-01-01 14:38:54,2024-01-03 02:59:09,2024-01-03 03:56:09,sofia.moreau,Account Team,Acme Corp,Portal,false,6.2
SUP-2003783,Billing Issue - Acme Corp,Billing Issue,Critical,Closed,2024-01-10 15:33:25,2024-01-10 18:41:13,2024-01-10 19:25:13,laura.smith,Finance Support,Acme Corp,Chat,false,5.8
SUP-2003784,Technical Support - RetailCo,Technical Support,High,Closed,2024-01-02 15:06:00,2024-01-02 23:04:49,2024-01-02 23:55:49,sofia.moreau,Technical Team,RetailCo,Chat,false,
SUP-2003785,Account Management - TechStart Inc,Account Management,High,Escalated,2024-01-15 22:46:03,2024-01-16 18:13:50,,alex.chen,Account Team,TechStart Inc,Phone,false,
SUP-2003786,Data Export/Import - UniServices,Data Export/Import,Medium,Closed,2024-01-11 13:37:21,2024-01-11 22:06:07,2024-01-11 23:03:07,laura.smith,Technical Team,UniServices,Email,false,6.7
SUP-2003787,Account Management - Global Finance,Account Management,High,Closed,2024-01-25 10:44:15,2024-01-25 19:22:35,2024-01-25 19:27:35,jennifer.wu,Account Team,Global Finance,Phone,false,6.0
SUP-2003788,Feature Request - MedGroup,Feature Request,Critical,Closed,2024-01-01 11:21:12,2024-01-01 17:19:53,2024-01-01 17:58:53,laura.smith,Product Team,MedGroup,Chat,true,5.8
SUP-2003789,Feature Request - RetailCo,Feature Request,Medium,Closed,2024-01-27 05:20:50,2024-01-28 17:29:30,2024-01-28 17:45:30,maya.patel,Product Team,RetailCo,Portal,false,6.4
SUP-2003790,Data Export/Import - RetailCo,Data Export/Import,Medium,Closed,2024-01-15 13:35:35,2024-01-17 19:31:40,2024-01-17 19:53:40,thomas.berg,Technical Team,RetailCo,Portal,false,
SUP-2003791,Technical Support - MedGroup,Technical Support,Low,Closed,2024-01-09 08:29:57,2024-01-11 22:41:01,2024-01-11 23:10:01,sofia.moreau,Technical Team,MedGroup,Email,false,6.4
SUP-2003792,Account Management - CityCouncil,Account Management,Critical,Closed,2024-01-05 10:28:41,2024-01-05 12:24:32,2024-01-05 12:54:32,sofia.moreau,Account Team,CityCouncil,Email,false,7.0
SUP-2003793,Technical Support - Acme Corp,Technical Support,Low,Closed,2024-01-04 08:00:11,2024-01-11 01:07:40,2024-01-11 02:02:40,carlos.silva,Technical Team,Acme Corp,Portal,false,6.5
SUP-2003794,Feature Request - Global Finance,Feature Request,Low,Closed,2024-01-08 20:54:26,2024-01-13 04:43:01,2024-01-13 05:05:01,maya.patel,Product Team,Global Finance,Phone,false,6.0
SUP-2003795,Billing Issue - MedGroup,Billing Issue,High,Closed,2024-01-22 10:46:28,2024-01-24 17:43:00,2024-01-24 18:08:00,carlos.silva,Finance Support,MedGroup,Portal,true,7.5
SUP-2003796,Account Management - CityCouncil,Account Management,Low,Escalated,2024-01-09 10:46:07,2024-01-10 14:41:34,,jennifer.wu,Account Team,CityCouncil,Chat,false,
SUP-2003797,Technical Support - StartupXYZ,Technical Support,Low,Closed,2024-01-12 14:15:42,2024-01-15 07:57:59,2024-01-15 08:13:59,maya.patel,Technical Team,StartupXYZ,Portal,false,6.9
SUP-2003798,Performance Issue - TechStart Inc,Performance Issue,Medium,Closed,2024-01-25 08:58:01,2024-01-26 22:44:11,2024-01-26 23:29:11,sofia.moreau,Engineering,TechStart Inc,Portal,false,7.0
SUP-2003799,Billing Issue - Individual,Billing Issue,Medium,Reopened,2024-01-15 12:48:13,2024-01-16 13:56:20,,sofia.moreau,Finance Support,Individual,Phone,false,
SUP-2003800,Account Management - CityCouncil,Account Management,Medium,Closed,2024-01-23 12:06:50,2024-01-25 11:47:21,2024-01-25 12:46:21,laura.smith,Account Team,CityCouncil,Email,false,
SUP-2003801,Technical Support - TechStart Inc,Technical Support,Low,Closed,2024-01-08 13:02:30,2024-01-13 20:46:14,2024-01-13 21:22:14,jennifer.wu,Technical Team,TechStart Inc,Phone,false,5.9
SUP-2003802,Data Export/Import - UniServices,Data Export/Import,Low,Closed,2024-01-12 08:05:39,2024-01-14 11:47:52,2024-01-14 12:42:52,alex.chen,Technical Team,UniServices,Chat,false,7.8
SUP-2003803,Billing Issue - Acme Corp,Billing Issue,High,Closed,2024-01-02 08:57:02,2024-01-02 13:48:27,2024-01-02 14:13:27,jennifer.wu,Finance Support,Acme Corp,Portal,false,
SUP-2003804,Technical Support - Acme Corp,Technical Support,High,Closed,2024-01-24 12:19:05,2024-01-26 23:17:45,2024-01-26 23:46:45,thomas.berg,Technical Team,Acme Corp,Email,true,3.6
SUP-2003805,Technical Support - TechStart Inc,Technical Support,Medium,Closed,2024-01-23 15:26:15,2024-01-25 04:26:39,2024-01-25 04:44:39,thomas.berg,Technical Team,TechStart Inc,Phone,false,5.3
SUP-2003806,Integration Problem - StartupXYZ,Integration Problem,Low,Escalated,2024-01-05 12:41:23,2024-01-19 11:34:49,,laura.smith,Integration Team,StartupXYZ,Portal,false,
SUP-2003807,Integration Problem - Acme Corp,Integration Problem,Low,Closed,2024-01-08 17:03:08,2024-01-15 08:06:36,2024-01-15 09:03:36,alex.chen,Integration Team,Acme Corp,Chat,false,7.5
SUP-2003808,Account Management - UniServices,Account Management,Medium,Closed,2024-01-19 13:18:05,2024-01-20 06:52:45,2024-01-20 07:46:45,ryan.kim,Account Team,UniServices,Email,false,
SUP-2003809,Technical Support - CityCouncil,Technical Support,Medium,Closed,2024-01-26 12:54:12,2024-01-29 06:04:59,2024-01-29 06:13:59,carlos.silva,Technical Team,CityCouncil,Email,false,6.9
SUP-2003810,Technical Support - Acme Corp,Technical Support,High,Closed,2024-01-24 04:53:35,2024-01-25 07:19:07,2024-01-25 07:40:07,thomas.berg,Technical Team,Acme Corp,Portal,true,3.3
SUP-2003811,Integration Problem - TechStart Inc,Integration Problem,Medium,Closed,2024-01-04 17:58:49,2024-01-08 04:59:36,2024-01-08 05:18:36,maya.patel,Integration Team,TechStart Inc,Email,false,7.6
SUP-2003812,Performance Issue - Individual,Performance Issue,Medium,Closed,2024-01-10 00:05:40,2024-01-11 19:26:40,2024-01-11 19:32:40,carlos.silva,Engineering,Individual,Email,false,7.1
SUP-2003813,Integration Problem - MedGroup,Integration Problem,Medium,Closed,2024-01-18 13:51:54,2024-01-20 03:23:14,2024-01-20 03:41:14,carlos.silva,Integration Team,MedGroup,Phone,false,4.8
SUP-2003814,Technical Support - RetailCo,Technical Support,Medium,Closed,2024-01-26 09:11:35,2024-01-27 11:43:54,2024-01-27 12:42:54,alex.chen,Technical Team,RetailCo,Portal,false,7.8
SUP-2003815,Account Management - UniServices,Account Management,Medium,Closed,2024-01-15 09:37:10,2024-01-17 17:51:37,2024-01-17 18:21:37,thomas.berg,Account Team,UniServices,Phone,false,4.7
SUP-2003816,Billing Issue - MedGroup,Billing Issue,Medium,Closed,2024-01-26 08:51:58,2024-01-27 16:59:31,2024-01-27 17:42:31,maya.patel,Finance Support,MedGroup,Email,false,6.5
SUP-2003817,Billing Issue - Global Finance,Billing Issue,Low,Closed,2024-01-19 11:37:10,2024-01-23 15:03:25,2024-01-23 15:49:25,maya.patel,Finance Support,Global Finance,Chat,false,
SUP-2003818,Technical Support - TechStart Inc,Technical Support,Medium,Escalated,2024-01-05 10:26:42,2024-01-08 04:56:42,,thomas.berg,Technical Team,TechStart Inc,Email,false,
SUP-2003819,Account Management - StartupXYZ,Account Management,Critical,Closed,2024-01-04 13:04:36,2024-01-04 13:36:31,2024-01-04 14:36:31,alex.chen,Account Team,StartupXYZ,Email,false,7.8
SUP-2003820,Performance Issue - Acme Corp,Performance Issue,Low,Reopened,2024-01-20 23:41:28,2024-01-26 02:12:51,,carlos.silva,Engineering,Acme Corp,Chat,false,
SUP-2003821,Billing Issue - Global Finance,Billing Issue,Low,Reopened,2024-01-08 21:41:35,2024-01-09 23:31:14,,sofia.moreau,Finance Support,Global Finance,Email,false,
SUP-2003822,Performance Issue - Global Finance,Performance Issue,Medium,Closed,2024-01-01 14:54:12,2024-01-03 02:28:47,2024-01-03 02:43:47,ryan.kim,Engineering,Global Finance,Email,false,5.1
SUP-2003823,Feature Request - Acme Corp,Feature Request,Medium,Closed,2024-01-03 08:50:01,2024-01-06 18:14:27,2024-01-06 18:30:27,laura.smith,Product Team,Acme Corp,Phone,false,4.6
SUP-2003824,Account Management - RetailCo,Account Management,High,Closed,2024-01-09 02:43:54,2024-01-09 21:44:42,2024-01-09 22:32:42,maya.patel,Account Team,RetailCo,Phone,false,6.5
SUP-2003825,Technical Support - Acme Corp,Technical Support,Medium,Closed,2024-01-08 16:21:39,2024-01-09 14:44:21,2024-01-09 15:30:21,jennifer.wu,Technical Team,Acme Corp,Chat,false,
SUP-2003826,Feature Request - RetailCo,Feature Request,Medium,Closed,2024-01-03 10:36:21,2024-01-06 18:39:37,2024-01-06 19:31:37,laura.smith,Product Team,RetailCo,Portal,false,7.8
SUP-2003827,Technical Support - Acme Corp,Technical Support,Medium,Closed,2024-01-16 17:08:18,2024-01-18 12:38:36,2024-01-18 13:20:36,sofia.moreau,Technical Team,Acme Corp,Email,false,5.6
SUP-2003828,Performance Issue - TechStart Inc,Performance Issue,High,Closed,2024-01-10 15:26:47,2024-01-11 04:23:15,2024-01-11 05:21:15,alex.chen,Engineering,TechStart Inc,Email,false,6.0
SUP-2003829,Billing Issue - TechStart Inc,Billing Issue,Low,Closed,2024-01-05 14:03:54,2024-01-06 14:17:48,2024-01-06 14:35:48,maya.patel,Finance Support,TechStart Inc,Portal,false,7.8
SUP-2003830,Integration Problem - StartupXYZ,Integration Problem,Critical,Reopened,2024-01-05 03:20:39,2024-01-05 05:27:42,,carlos.silva,Integration Team,StartupXYZ,Email,false,
SUP-2003831,Technical Support - Global Finance,Technical Support,Medium,Closed,2024-01-16 09:32:57,2024-01-17 05:03:27,2024-01-17 05:48:27,laura.smith,Technical Team,Global Finance,Email,false,6.2
SUP-2003832,Feature Request - StartupXYZ,Feature Request,High,Closed,2024-01-17 16:38:22,2024-01-18 05:50:54,2024-01-18 06:12:54,alex.chen,Product Team,StartupXYZ,Portal,false,6.1
SUP-2003833,Billing Issue - RetailCo,Billing Issue,Low,Closed,2024-01-15 14:26:39,2024-01-17 12:13:56,2024-01-17 12:24:56,sofia.moreau,Finance Support,RetailCo,Chat,false,6.7
SUP-2003834,Performance Issue - CityCouncil,Performance Issue,Low,Closed,2024-01-23 03:34:30,2024-02-10 03:53:01,2024-02-10 04:01:01,carlos.silva,Engineering,CityCouncil,Portal,true,6.3
SUP-2003835,Performance Issue - Acme Corp,Performance Issue,High,Closed,2024-01-25 11:51:12,2024-01-26 18:54:54,2024-01-26 19:29:54,maya.patel,Engineering,Acme Corp,Chat,true,6.6
SUP-2003836,Data Export/Import - Individual,Data Export/Import,Low,Closed,2024-01-24 17:43:13,2024-01-29 17:56:45,2024-01-29 18:33:45,carlos.silva,Technical Team,Individual,Email,false,6.8
SUP-2003837,Data Export/Import - Acme Corp,Data Export/Import,Critical,Closed,2024-01-15 08:24:11,2024-01-15 13:26:37,2024-01-15 13:54:37,sofia.moreau,Technical Team,Acme Corp,Chat,true,5.9
SUP-2003838,Feature Request - CityCouncil,Feature Request,Critical,Closed,2024-01-17 16:58:32,2024-01-17 20:17:44,2024-01-17 21:02:44,ryan.kim,Product Team,CityCouncil,Phone,false,4.8
SUP-2003839,Integration Problem - TechStart Inc,Integration Problem,Low,Closed,2024-01-01 10:32:30,2024-01-23 12:38:23,2024-01-23 12:44:23,ryan.kim,Integration Team,TechStart Inc,Phone,true,5.8
SUP-2003840,Technical Support - Individual,Technical Support,Medium,Closed,2024-01-22 08:23:06,2024-01-23 09:34:09,2024-01-23 10:05:09,maya.patel,Technical Team,Individual,Email,false,6.7
SUP-2003841,Data Export/Import - RetailCo,Data Export/Import,Medium,Closed,2024-01-11 10:01:41,2024-01-11 22:46:06,2024-01-11 22:54:06,alex.chen,Technical Team,RetailCo,Chat,false,7.2
SUP-2003842,Technical Support - TechStart Inc,Technical Support,High,Closed,2024-01-04 17:42:18,2024-01-05 22:28:23,2024-01-05 22:48:23,carlos.silva,Technical Team,TechStart Inc,Email,true,6.4
SUP-2003843,Billing Issue - RetailCo,Billing Issue,High,Closed,2024-01-06 15:57:34,2024-01-06 18:06:24,2024-01-06 19:05:24,sofia.moreau,Finance Support,RetailCo,Phone,false,7.5
SUP-2003844,Feature Request - Acme Corp,Feature Request,Low,Reopened,2024-01-23 21:37:58,2024-01-27 08:50:51,,thomas.berg,Product Team,Acme Corp,Email,false,
SUP-2003845,Integration Problem - StartupXYZ,Integration Problem,Critical,Escalated,2024-01-16 06:47:31,2024-01-16 08:40:47,,ryan.kim,Integration Team,StartupXYZ,Portal,false,
SUP-2003846,Billing Issue - TechStart Inc,Billing Issue,Medium,Closed,2024-01-10 18:31:33,2024-01-11 00:32:30,2024-01-11 01:15:30,maya.patel,Finance Support,TechStart Inc,Portal,false,8.3
SUP-2003847,Performance Issue - Acme Corp,Performance Issue,Medium,Closed,2024-01-01 14:20:38,2024-01-03 17:57:24,2024-01-03 18:02:24,laura.smith,Engineering,Acme Corp,Email,false,
SUP-2003848,Data Export/Import - MedGroup,Data Export/Import,High,Closed,2024-01-11 08:11:00,2024-01-11 19:08:17,2024-01-11 20:07:17,alex.chen,Technical Team,MedGroup,Phone,false,6.8
SUP-2003849,Feature Request - Global Finance,Feature Request,High,Closed,2024-01-15 14:32:04,2024-01-16 19:26:39,2024-01-16 19:38:39,jennifer.wu,Product Team,Global Finance,Email,true,
SUP-2003850,Data Export/Import - TechStart Inc,Data Export/Import,Low,Reopened,2024-01-19 11:05:29,2024-01-22 06:09:07,,jennifer.wu,Technical Team,TechStart Inc,Chat,false,
SUP-2003851,Billing Issue - Acme Corp,Billing Issue,High,Closed,2024-01-03 11:04:31,2024-01-03 22:07:16,2024-01-03 22:19:16,sofia.moreau,Finance Support,Acme Corp,Chat,false,6.5
SUP-2003852,Integration Problem - UniServices,Integration Problem,Low,Escalated,2024-01-11 13:56:58,2024-01-15 21:07:07,,maya.patel,Integration Team,UniServices,Phone,false,
SUP-2003853,Data Export/Import - TechStart Inc,Data Export/Import,Medium,Closed,2024-01-09 16:56:06,2024-01-10 12:53:38,2024-01-10 13:13:38,laura.smith,Technical Team,TechStart Inc,Phone,false,7.5
SUP-2003854,Account Management - Global Finance,Account Management,High,Closed,2024-01-10 11:49:30,2024-01-10 21:56:37,2024-01-10 22:56:37,sofia.moreau,Account Team,Global Finance,Portal,false,6.4
SUP-2003855,Integration Problem - StartupXYZ,Integration Problem,Medium,Closed,2024-01-22 14:58:05,2024-01-23 08:41:04,2024-01-23 08:46:04,laura.smith,Integration Team,StartupXYZ,Phone,false,
SUP-2003856,Integration Problem - Acme Corp,Integration Problem,Critical,Reopened,2024-01-09 11:52:17,2024-01-09 15:50:54,,jennifer.wu,Integration Team,Acme Corp,Phone,false,
SUP-2003857,Data Export/Import - StartupXYZ,Data Export/Import,High,Closed,2024-01-10 04:33:03,2024-01-10 12:13:42,2024-01-10 12:55:42,laura.smith,Technical Team,StartupXYZ,Portal,false,7.5
SUP-2003858,Feature Request - RetailCo,Feature Request,High,Closed,2024-01-27 09:09:15,2024-01-28 11:55:12,2024-01-28 12:37:12,ryan.kim,Product Team,RetailCo,Portal,true,6.4
SUP-2003859,Billing Issue - MedGroup,Billing Issue,Medium,Closed,2024-01-17 13:34:36,2024-01-18 18:16:38,2024-01-18 18:26:38,ryan.kim,Finance Support,MedGroup,Email,false,6.4
SUP-2003860,Billing Issue - Acme Corp,Billing Issue,Medium,Closed,2024-01-10 16:39:29,2024-01-11 01:33:32,2024-01-11 02:22:32,maya.patel,Finance Support,Acme Corp,Phone,false,7.5
SUP-2003861,Billing Issue - UniServices,Billing Issue,High,Closed,2024-01-22 09:34:10,2024-01-22 14:44:53,2024-01-22 15:30:53,maya.patel,Finance Support,UniServices,Phone,false,5.8
SUP-2003862,Billing Issue - TechStart Inc,Billing Issue,Medium,Closed,2024-01-09 10:45:20,2024-01-09 20:26:11,2024-01-09 21:18:11,laura.smith,Finance Support,TechStart Inc,Phone,false,6.7
SUP-2003863,Account Management - Global Finance,Account Management,High,Escalated,2024-01-08 11:53:42,2024-01-09 17:08:27,,laura.smith,Account Team,Global Finance,Portal,false,
SUP-2003864,Data Export/Import - Global Finance,Data Export/Import,Low,Closed,2024-01-05 14:07:47,2024-01-10 01:23:05,2024-01-10 01:58:05,maya.patel,Technical Team,Global Finance,Chat,false,
SUP-2003865,Technical Support - RetailCo,Technical Support,Critical,Closed,2024-01-27 11:47:49,2024-01-27 13:29:58,2024-01-27 13:35:58,laura.smith,Technical Team,RetailCo,Phone,false,7.0
SUP-2003866,Feature Request - TechStart Inc,Feature Request,High,Closed,2024-01-08 11:58:32,2024-01-09 16:34:38,2024-01-09 16:43:38,alex.chen,Product Team,TechStart Inc,Portal,true,
SUP-2003867,Feature Request - StartupXYZ,Feature Request,High,Closed,2024-01-11 10:55:43,2024-01-11 18:21:29,2024-01-11 19:12:29,carlos.silva,Product Team,StartupXYZ,Phone,false,6.8
SUP-2003868,Account Management - MedGroup,Account Management,Medium,Closed,2024-01-24 11:21:39,2024-01-26 14:37:45,2024-01-26 14:57:45,carlos.silva,Account Team,MedGroup,Chat,false,6.3
SUP-2003869,Integration Problem - UniServices,Integration Problem,Medium,Closed,2024-01-02 09:45:18,2024-01-03 18:03:43,2024-01-03 18:53:43,laura.smith,Integration Team,UniServices,Chat,false,6.9
SUP-2003870,Feature Request - TechStart Inc,Feature Request,Low,Closed,2024-01-17 15:49:56,2024-01-19 23:44:17,2024-01-20 00:34:17,carlos.silva,Product Team,TechStart Inc,Portal,false,6.8
SUP-2003871,Technical Support - TechStart Inc,Technical Support,Medium,Closed,2024-01-26 11:53:52,2024-01-27 15:54:03,2024-01-27 16:30:03,jennifer.wu,Technical Team,TechStart Inc,Portal,false,6.2
SUP-2003872,Integration Problem - Acme Corp,Integration Problem,Medium,Closed,2024-01-17 14:58:33,2024-01-18 22:22:57,2024-01-18 22:42:57,jennifer.wu,Integration Team,Acme Corp,Chat,false,5.8
SUP-2003873,Technical Support - StartupXYZ,Technical Support,Medium,Closed,2024-01-19 08:36:52,2024-01-19 20:26:41,2024-01-19 21:00:41,jennifer.wu,Technical Team,StartupXYZ,Email,false,6.9
SUP-2003874,Technical Support - RetailCo,Technical Support,Critical,Closed,2024-01-02 14:58:35,2024-01-02 16:25:35,2024-01-02 17:07:35,laura.smith,Technical Team,RetailCo,Chat,false,6.0
SUP-2003875,Data Export/Import - Individual,Data Export/Import,Medium,Closed,2024-01-15 09:00:09,2024-01-15 13:23:54,2024-01-15 13:46:54,jennifer.wu,Technical Team,Individual,Phone,false,
SUP-2003876,Account Management - Global Finance,Account Management,Medium,Closed,2024-01-02 11:22:04,2024-01-03 23:27:30,2024-01-03 23:34:30,jennifer.wu,Account Team,Global Finance,Chat,false,6.6
SUP-2003877,Technical Support - TechStart Inc,Technical Support,Medium,Reopened,2024-01-22 12:02:08,2024-01-22 22:41:46,,jennifer.wu,Technical Team,TechStart Inc,Phone,false,
SUP-2003878,Feature Request - MedGroup,Feature Request,High,Closed,2024-01-24 16:54:38,2024-01-25 01:03:19,2024-01-25 02:00:19,alex.chen,Product Team,MedGroup,Email,false,6.4
SUP-2003879,Billing Issue - CityCouncil,Billing Issue,High,Escalated,2024-01-27 01:10:40,2024-01-27 06:33:31,,jennifer.wu,Finance Support,CityCouncil,Portal,false,
SUP-2003880,Account Management - Acme Corp,Account Management,High,Closed,2024-01-11 04:02:40,2024-01-11 10:17:56,2024-01-11 10:32:56,alex.chen,Account Team,Acme Corp,Portal,false,
SUP-2003881,Billing Issue - UniServices,Billing Issue,Medium,Closed,2024-01-02 09:30:06,2024-01-03 10:21:19,2024-01-03 10:45:19,laura.smith,Finance Support,UniServices,Chat,false,6.2
SUP-2003882,Billing Issue - Individual,Billing Issue,Critical,Closed,2024-01-16 14:17:00,2024-01-16 15:57:58,2024-01-16 16:24:58,alex.chen,Finance Support,Individual,Portal,false,
SUP-2003883,Feature Request - Global Finance,Feature Request,Low,Escalated,2024-01-18 08:32:00,2024-01-26 08:11:45,,carlos.silva,Product Team,Global Finance,Portal,false,
SUP-2003884,Feature Request - MedGroup,Feature Request,High,Escalated,2024-01-11 10:06:41,2024-01-12 04:30:43,,ryan.kim,Product Team,MedGroup,Phone,false,
SUP-2003885,Billing Issue - MedGroup,Billing Issue,High,Closed,2024-01-24 11:22:31,2024-01-24 17:52:19,2024-01-24 18:16:19,laura.smith,Finance Support,MedGroup,Chat,false,8.0
SUP-2003886,Feature Request - Global Finance,Feature Request,Low,Closed,2024-01-02 13:03:22,2024-01-29 11:25:38,2024-01-29 12:08:38,alex.chen,Product Team,Global Finance,Chat,true,
SUP-2003887,Billing Issue - UniServices,Billing Issue,Low,Closed,2024-01-16 11:39:11,2024-01-17 22:32:50,2024-01-17 23:19:50,alex.chen,Finance Support,UniServices,Phone,false,8.3
SUP-2003888,Technical Support - TechStart Inc,Technical Support,Low,Closed,2024-01-08 11:10:00,2024-01-09 15:09:41,2024-01-09 16:05:41,maya.patel,Technical Team,TechStart Inc,Email,false,7.1
SUP-2003889,Performance Issue - Acme Corp,Performance Issue,Medium,Closed,2024-01-16 09:03:32,2024-01-17 11:44:06,2024-01-17 12:41:06,ryan.kim,Engineering,Acme Corp,Email,false,4.9
SUP-2003890,Technical Support - TechStart Inc,Technical Support,High,Closed,2024-01-10 08:52:37,2024-01-10 22:07:26,2024-01-10 22:36:26,laura.smith,Technical Team,TechStart Inc,Email,false,7.0
SUP-2003891,Data Export/Import - StartupXYZ,Data Export/Import,High,Escalated,2024-01-16 11:28:55,2024-01-17 07:51:19,,thomas.berg,Technical Team,StartupXYZ,Phone,false,
SUP-2003892,Data Export/Import - StartupXYZ,Data Export/Import,Medium,Escalated,2024-01-01 13:39:10,2024-01-02 03:01:13,,sofia.moreau,Technical Team,StartupXYZ,Portal,false,
SUP-2003893,Performance Issue - Global Finance,Performance Issue,Medium,Escalated,2024-01-17 13:30:26,2024-01-20 07:15:06,,carlos.silva,Engineering,Global Finance,Phone,false,
SUP-2003894,Data Export/Import - Acme Corp,Data Export/Import,Medium,Reopened,2024-01-22 15:39:21,2024-01-23 02:25:15,,thomas.berg,Technical Team,Acme Corp,Chat,false,
SUP-2003895,Account Management - Acme Corp,Account Management,Medium,Closed,2024-01-24 09:32:59,2024-01-25 15:29:37,2024-01-25 15:58:37,laura.smith,Account Team,Acme Corp,Chat,false,
SUP-2003896,Integration Problem - UniServices,Integration Problem,Low,Closed,2024-01-02 12:07:48,2024-01-10 05:36:13,2024-01-10 06:19:13,alex.chen,Integration Team,UniServices,Chat,false,5.9
SUP-2003897,Billing Issue - MedGroup,Billing Issue,Low,Closed,2024-01-01 13:17:02,2024-01-04 13:48:09,2024-01-04 14:43:09,laura.smith,Finance Support,MedGroup,Phone,false,7.9
SUP-2003898,Performance Issue - UniServices,Performance Issue,Medium,Closed,2024-01-01 12:44:56,2024-01-05 17:06:46,2024-01-05 17:18:46,thomas.berg,Engineering,UniServices,Phone,true,5.0
SUP-2003899,Performance Issue - Individual,Performance Issue,Medium,Closed,2024-01-15 11:29:41,2024-01-17 05:46:13,2024-01-17 06:41:13,jennifer.wu,Engineering,Individual,Chat,false,6.1
SUP-2003900,Performance Issue - MedGroup,Performance Issue,Medium,Closed,2024-01-01 01:05:54,2024-01-05 16:45:40,2024-01-05 17:00:40,thomas.berg,Engineering,MedGroup,Chat,true,3.6
SUP-2003901,Integration Problem - StartupXYZ,Integration Problem,Medium,Escalated,2024-01-03 08:29:29,2024-01-04 20:00:36,,thomas.berg,Integration Team,StartupXYZ,Portal,false,
SUP-2003902,Data Export/Import - MedGroup,Data Export/Import,Low,Reopened,2024-01-16 16:00:50,2024-01-17 20:22:53,,maya.patel,Technical Team,MedGroup,Phone,false,
SUP-2003903,Feature Request - MedGroup,Feature Request,High,Closed,2024-01-09 13:11:10,2024-01-11 01:33:26,2024-01-11 01:43:26,carlos.silva,Product Team,MedGroup,Portal,true,5.0
SUP-2003904,Account Management - Global Finance,Account Management,Low,Closed,2024-01-18 08:21:46,2024-01-28 04:14:22,2024-01-28 04:24:22,sofia.moreau,Account Team,Global Finance,Email,false,6.8
SUP-2003905,Billing Issue - Acme Corp,Billing Issue,Medium,Closed,2024-01-16 11:03:43,2024-01-16 17:55:04,2024-01-16 18:41:04,alex.chen,Finance Support,Acme Corp,Portal,false,6.3
SUP-2003906,Billing Issue - TechStart Inc,Billing Issue,Low,Closed,2024-01-01 09:53:35,2024-01-02 11:21:21,2024-01-02 11:40:21,alex.chen,Finance Support,TechStart Inc,Chat,false,9.2
SUP-2003907,Billing Issue - Global Finance,Billing Issue,Low,Closed,2024-01-13 11:15:39,2024-01-19 19:17:54,2024-01-19 19:23:54,sofia.moreau,Finance Support,Global Finance,Phone,false,6.2
SUP-2003908,Billing Issue - UniServices,Billing Issue,Low,Closed,2024-01-06 15:53:53,2024-01-07 19:19:27,2024-01-07 20:07:27,laura.smith,Finance Support,UniServices,Portal,false,4.9
SUP-2003909,Account Management - TechStart Inc,Account Management,High,Closed,2024-01-18 13:54:08,2024-01-18 16:04:28,2024-01-18 16:11:28,maya.patel,Account Team,TechStart Inc,Portal,false,7.1
SUP-2003910,Integration Problem - UniServices,Integration Problem,Critical,Closed,2024-01-25 08:55:27,2024-01-25 10:55:12,2024-01-25 11:10:12,alex.chen,Integration Team,UniServices,Chat,false,
SUP-2003911,Account Management - Global Finance,Account Management,Medium,Closed,2024-01-20 16:59:49,2024-01-21 09:19:59,2024-01-21 10:02:59,jennifer.wu,Account Team,Global Finance,Phone,false,
SUP-2003912,Feature Request - RetailCo,Feature Request,Medium,Closed,2024-01-01 10:55:10,2024-01-03 03:27:49,2024-01-03 03:40:49,thomas.berg,Product Team,RetailCo,Chat,false,4.8
SUP-2003913,Integration Problem - Acme Corp,Integration Problem,Medium,Closed,2024-01-03 14:23:40,2024-01-08 13:49:44,2024-01-08 14:44:44,ryan.kim,Integration Team,Acme Corp,Chat,true,3.9
SUP-2003914,Performance Issue - Acme Corp,Performance Issue,Medium,Closed,2024-01-13 07:02:07,2024-01-15 02:08:27,2024-01-15 02:19:27,alex.chen,Engineering,Acme Corp,Email,false,
SUP-2003915,Feature Request - Acme Corp,Feature Request,High,Closed,2024-01-19 10:43:57,2024-01-20 23:22:55,2024-01-20 23:55:55,ryan.kim,Product Team,Acme Corp,Phone,true,4.1
SUP-2003916,Integration Problem - TechStart Inc,Integration Problem,Critical,Closed,2024-01-11 08:50:49,2024-01-11 10:38:08,2024-01-11 11:29:08,alex.chen,Integration Team,TechStart Inc,Chat,false,6.3
SUP-2003917,Integration Problem - StartupXYZ,Integration Problem,Medium,Closed,2024-01-04 12:45:31,2024-01-07 01:33:40,2024-01-07 01:56:40,laura.smith,Integration Team,StartupXYZ,Chat,false,7.4
SUP-2003918,Feature Request - CityCouncil,Feature Request,High,Closed,2024-01-17 11:43:32,2024-01-18 02:29:07,2024-01-18 03:22:07,sofia.moreau,Product Team,CityCouncil,Phone,false,5.6
SUP-2003919,Performance Issue - Acme Corp,Performance Issue,Low,Closed,2024-01-01 15:09:42,2024-01-09 14:49:52,2024-01-09 15:14:52,carlos.silva,Engineering,Acme Corp,Phone,false,6.1
SUP-2003920,Billing Issue - Global Finance,Billing Issue,Medium,Reopened,2024-01-18 07:57:58,2024-01-19 01:41:04,,sofia.moreau,Finance Support,Global Finance,Phone,false,
SUP-2003921,Data Export/Import - TechStart Inc,Data Export/Import,Medium,Closed,2024-01-15 23:18:17,2024-01-16 22:24:28,2024-01-16 23:10:28,jennifer.wu,Technical Team,TechStart Inc,Chat,false,7.2
SUP-2003922,Data Export/Import - Acme Corp,Data Export/Import,High,Escalated,2024-01-03 15:14:03,2024-01-04 03:15:35,,ryan.kim,Technical Team,Acme Corp,Phone,false,
SUP-2003923,Billing Issue - TechStart Inc,Billing Issue,Medium,Reopened,2024-01-12 09:57:42,2024-01-13 03:39:06,,maya.patel,Finance Support,TechStart Inc,Chat,false,
SUP-2003924,Feature Request - TechStart Inc,Feature Request,Medium,Closed,2024-01-01 12:44:13,2024-01-03 04:12:52,2024-01-03 04:56:52,maya.patel,Product Team,TechStart Inc,Portal,false,6.3
SUP-2003925,Technical Support - RetailCo,Technical Support,Medium,Closed,2024-01-19 14:15:54,2024-01-20 01:32:18,2024-01-20 02:14:18,alex.chen,Technical Team,RetailCo,Phone,false,
SUP-2003926,Account Management - Global Finance,Account Management,High,Closed,2024-01-04 08:13:59,2024-01-04 19:47:17,2024-01-04 20:11:17,laura.smith,Account Team,Global Finance,Phone,false,6.9
SUP-2003927,Technical Support - Acme Corp,Technical Support,Medium,Closed,2024-01-18 15:48:55,2024-01-25 19:42:52,2024-01-25 19:54:52,carlos.silva,Technical Team,Acme Corp,Phone,true,6.3
SUP-2003928,Billing Issue - Global Finance,Billing Issue,High,Closed,2024-01-08 10:13:59,2024-01-08 21:10:58,2024-01-08 22:01:58,alex.chen,Finance Support,Global Finance,Email,false,5.9
SUP-2003929,Technical Support - RetailCo,Technical Support,Low,Closed,2024-01-11 08:53:24,2024-01-14 01:23:14,2024-01-14 01:50:14,laura.smith,Technical Team,RetailCo,Chat,false,7.2
SUP-2003930,Performance Issue - Acme Corp,Performance Issue,Low,Reopened,2024-01-25 18:06:37,2024-01-28 08:47:37,,sofia.moreau,Engineering,Acme Corp,Portal,false,
SUP-2003931,Feature Request - UniServices,Feature Request,Medium,Closed,2024-01-11 10:07:28,2024-01-12 12:39:54,2024-01-12 13:22:54,alex.chen,Product Team,UniServices,Chat,false,6.7
SUP-2003932,Feature Request - Acme Corp,Feature Request,Medium,Escalated,2024-01-19 14:45:51,2024-01-22 17:08:08,,carlos.silva,Product Team,Acme Corp,Phone,false,
SUP-2003933,Feature Request - Global Finance,Feature Request,Medium,Closed,2024-01-25 10:53:38,2024-01-29 13:14:47,2024-01-29 13:20:47,thomas.berg,Product Team,Global Finance,Portal,true,2.6
SUP-2003934,Integration Problem - CityCouncil,Integration Problem,High,Closed,2024-01-10 14:59:10,2024-01-11 12:02:15,2024-01-11 12:14:15,ryan.kim,Integration Team,CityCouncil,Phone,false,6.4
SUP-2003935,Integration Problem - UniServices,Integration Problem,High,Closed,2024-01-23 12:36:33,2024-01-24 11:07:34,2024-01-24 11:59:34,carlos.silva,Integration Team,UniServices,Phone,false,6.3
SUP-2003936,Billing Issue - UniServices,Billing Issue,Low,Closed,2024-01-25 08:29:30,2024-01-25 13:54:25,2024-01-25 14:53:25,laura.smith,Finance Support,UniServices,Portal,false,7.5
SUP-2003937,Integration Problem - MedGroup,Integration Problem,Medium,Escalated,2024-01-22 12:37:08,2024-01-28 05:20:40,,sofia.moreau,Integration Team,MedGroup,Phone,false,
SUP-2003938,Account Management - CityCouncil,Account Management,Low,Closed,2024-01-03 10:13:07,2024-01-13 00:01:23,2024-01-13 00:14:23,carlos.silva,Account Team,CityCouncil,Chat,false,7.7
SUP-2003939,Billing Issue - StartupXYZ,Billing Issue,Medium,Escalated,2024-01-02 13:03:57,2024-01-02 18:37:00,,laura.smith,Finance Support,StartupXYZ,Portal,false,
SUP-2003940,Integration Problem - MedGroup,Integration Problem,Low,Closed,2024-01-22 12:21:34,2024-01-30 14:38:03,2024-01-30 15:25:03,thomas.berg,Integration Team,MedGroup,Phone,false,2.9
SUP-2003941,Feature Request - UniServices,Feature Request,High,Reopened,2024-01-09 03:08:24,2024-01-09 09:20:01,,laura.smith,Product Team,UniServices,Portal,false,
SUP-2003942,Billing Issue - Individual,Billing Issue,Medium,Reopened,2024-01-01 13:53:40,2024-01-03 01:15:40,,thomas.berg,Finance Support,Individual,Portal,false,
SUP-2003943,Integration Problem - CityCouncil,Integration Problem,High,Closed,2024-01-04 16:06:02,2024-01-04 22:01:19,2024-01-04 22:39:19,laura.smith,Integration Team,CityCouncil,Email,false,6.9
SUP-2003944,Data Export/Import - CityCouncil,Data Export/Import,High,Escalated,2024-01-25 16:14:32,2024-01-26 02:36:10,,alex.chen,Technical Team,CityCouncil,Portal,false,
SUP-2003945,Account Management - Global Finance,Account Management,Low,Closed,2024-01-02 21:18:51,2024-01-06 17:13:14,2024-01-06 17:30:14,alex.chen,Account Team,Global Finance,Email,false,6.3
SUP-2003946,Billing Issue - StartupXYZ,Billing Issue,High,Reopened,2024-01-16 08:43:24,2024-01-16 18:27:06,,ryan.kim,Finance Support,StartupXYZ,Portal,false,
SUP-2003947,Feature Request - CityCouncil,Feature Request,Medium,Escalated,2024-01-19 17:38:21,2024-01-23 13:18:46,,carlos.silva,Product Team,CityCouncil,Chat,false,
SUP-2003948,Technical Support - RetailCo,Technical Support,Medium,Reopened,2024-01-04 11:08:00,2024-01-06 23:41:09,,carlos.silva,Technical Team,RetailCo,Email,false,
SUP-2003949,Data Export/Import - Individual,Data Export/Import,Low,Reopened,2024-01-15 13:28:19,2024-01-17 00:54:17,,maya.patel,Technical Team,Individual,Email,false,
SUP-2003950,Account Management - CityCouncil,Account Management,Critical,Closed,2024-01-10 17:47:52,2024-01-10 20:04:15,2024-01-10 20:49:15,maya.patel,Account Team,CityCouncil,Phone,false,
SUP-2003951,Account Management - Acme Corp,Account Management,Low,Closed,2024-01-10 14:01:28,2024-01-11 15:23:12,2024-01-11 15:59:12,sofia.moreau,Account Team,Acme Corp,Chat,false,6.8
SUP-2003952,Billing Issue - Global Finance,Billing Issue,Medium,Closed,2024-01-02 11:06:25,2024-01-05 01:44:08,2024-01-05 02:14:08,carlos.silva,Finance Support,Global Finance,Email,false,5.8
SUP-2003953,Data Export/Import - Acme Corp,Data Export/Import,Critical,Closed,2024-01-01 13:10:56,2024-01-01 17:03:18,2024-01-01 17:43:18,thomas.berg,Technical Team,Acme Corp,Email,false,3.6
SUP-2003954,Technical Support - Global Finance,Technical Support,High,Closed,2024-01-09 13:44:29,2024-01-09 17:23:23,2024-01-09 17:46:23,sofia.moreau,Technical Team,Global Finance,Phone,false,6.8
SUP-2003955,Billing Issue - Acme Corp,Billing Issue,Medium,Closed,2024-01-04 16:20:31,2024-01-05 03:58:18,2024-01-05 04:42:18,alex.chen,Finance Support,Acme Corp,Portal,false,6.9
SUP-2003956,Technical Support - Individual,Technical Support,Medium,Closed,2024-01-11 14:44:26,2024-01-17 09:41:00,2024-01-17 09:59:00,alex.chen,Technical Team,Individual,Portal,true,
SUP-2003957,Integration Problem - Global Finance,Integration Problem,High,Closed,2024-01-25 12:27:43,2024-01-27 03:48:05,2024-01-27 04:07:05,carlos.silva,Integration Team,Global Finance,Portal,true,
SUP-2003958,Technical Support - MedGroup,Technical Support,Low,Closed,2024-01-09 08:29:17,2024-01-11 07:38:28,2024-01-11 07:49:28,maya.patel,Technical Team,MedGroup,Phone,false,
SUP-2003959,Technical Support - CityCouncil,Technical Support,Medium,Closed,2024-01-16 08:03:41,2024-01-18 07:12:08,2024-01-18 07:58:08,jennifer.wu,Technical Team,CityCouncil,Chat,false,6.8
SUP-2003960,Integration Problem - RetailCo,Integration Problem,Medium,Escalated,2024-01-19 12:19:30,2024-01-20 18:20:37,,laura.smith,Integration Team,RetailCo,Portal,false,
SUP-2003961,Data Export/Import - UniServices,Data Export/Import,Low,Closed,2024-01-08 10:35:31,2024-01-10 14:03:09,2024-01-10 15:00:09,maya.patel,Technical Team,UniServices,Portal,false,6.3
SUP-2003962,Billing Issue - StartupXYZ,Billing Issue,Medium,Closed,2024-01-23 10:21:57,2024-01-24 09:01:59,2024-01-24 09:25:59,thomas.berg,Finance Support,StartupXYZ,Email,false,5.3
SUP-2003963,Performance Issue - MedGroup,Performance Issue,Low,Closed,2024-01-23 13:50:21,2024-01-29 08:49:07,2024-01-29 09:43:07,thomas.berg,Engineering,MedGroup,Email,false,5.9
SUP-2003964,Account Management - Acme Corp,Account Management,Medium,Closed,2024-01-19 10:00:39,2024-01-20 16:19:28,2024-01-20 17:13:28,maya.patel,Account Team,Acme Corp,Phone,false,6.8
SUP-2003965,Billing Issue - Acme Corp,Billing Issue,Medium,Closed,2024-01-16 11:04:49,2024-01-17 06:32:06,2024-01-17 07:22:06,ryan.kim,Finance Support,Acme Corp,Email,false,5.5
SUP-2003966,Technical Support - Individual,Technical Support,Low,Reopened,2024-01-19 08:28:33,2024-01-23 08:07:36,,carlos.silva,Technical Team,Individual,Chat,false,
SUP-2003967,Technical Support - Acme Corp,Technical Support,Critical,Closed,2024-01-22 17:11:03,2024-01-22 20:55:13,2024-01-22 21:43:13,alex.chen,Technical Team,Acme Corp,Email,false,8.4
SUP-2003968,Technical Support - RetailCo,Technical Support,Low,Closed,2024-01-09 08:29:50,2024-01-15 08:51:04,2024-01-15 09:10:04,alex.chen,Technical Team,RetailCo,Phone,false,8.4
SUP-2003969,Technical Support - CityCouncil,Technical Support,Low,Closed,2024-01-01 00:55:21,2024-01-07 21:58:11,2024-01-07 22:45:11,alex.chen,Technical Team,CityCouncil,Portal,false,
SUP-2003970,Integration Problem - UniServices,Integration Problem,Critical,Closed,2024-01-01 15:37:26,2024-01-01 20:33:44,2024-01-01 20:40:44,carlos.silva,Integration Team,UniServices,Phone,true,6.1
SUP-2003971,Technical Support - RetailCo,Technical Support,High,Escalated,2024-01-02 11:31:35,2024-01-02 19:53:02,,carlos.silva,Technical Team,RetailCo,Chat,false,
SUP-2003972,Billing Issue - RetailCo,Billing Issue,Medium,Escalated,2024-01-20 15:30:10,2024-01-23 01:45:12,,alex.chen,Finance Support,RetailCo,Portal,false,
SUP-2003973,Technical Support - Individual,Technical Support,Medium,Escalated,2024-01-23 13:06:41,2024-01-24 07:39:22,,sofia.moreau,Technical Team,Individual,Email,false,
SUP-2003974,Account Management - Individual,Account Management,Medium,Closed,2024-01-10 10:56:43,2024-01-11 00:50:18,2024-01-11 00:56:18,alex.chen,Account Team,Individual,Chat,false,8.5
SUP-2003975,Feature Request - Acme Corp,Feature Request,Medium,Closed,2024-01-27 13:01:43,2024-01-28 13:41:29,2024-01-28 14:29:29,jennifer.wu,Product Team,Acme Corp,Chat,false,5.1
SUP-2003976,Integration Problem - StartupXYZ,Integration Problem,Medium,Reopened,2024-01-16 15:05:58,2024-01-17 13:17:39,,jennifer.wu,Integration Team,StartupXYZ,Chat,false,
SUP-2003977,Billing Issue - Global Finance,Billing Issue,Low,Closed,2024-01-23 14:36:25,2024-01-28 11:48:08,2024-01-28 12:34:08,jennifer.wu,Finance Support,Global Finance,Chat,false,6.8
SUP-2003978,Feature Request - TechStart Inc,Feature Request,Medium,Closed,2024-01-12 15:38:38,2024-01-14 23:50:56,2024-01-15 00:02:56,maya.patel,Product Team,TechStart Inc,Portal,false,
SUP-2003979,Technical Support - UniServices,Technical Support,High,Closed,2024-01-10 15:01:36,2024-01-10 23:21:34,2024-01-10 23:47:34,maya.patel,Technical Team,UniServices,Phone,false,7.5
SUP-2003980,Technical Support - Acme Corp,Technical Support,Medium,Closed,2024-01-12 09:16:03,2024-01-13 20:00:20,2024-01-13 20:59:20,jennifer.wu,Technical Team,Acme Corp,Phone,false,6.1
SUP-2003981,Technical Support - UniServices,Technical Support,Low,Escalated,2024-01-01 09:26:29,2024-01-07 15:33:37,,sofia.moreau,Technical Team,UniServices,Phone,false,
SUP-2003982,Billing Issue - Acme Corp,Billing Issue,Medium,Closed,2024-01-18 12:36:08,2024-01-20 01:09:35,2024-01-20 01:58:35,alex.chen,Finance Support,Acme Corp,Portal,false,4.8
SUP-2003983,Performance Issue - StartupXYZ,Performance Issue,High,Closed,2024-01-05 12:32:23,2024-01-05 19:43:29,2024-01-05 20:41:29,jennifer.wu,Engineering,StartupXYZ,Phone,false,7.5
SUP-2003984,Performance Issue - UniServices,Performance Issue,Medium,Closed,2024-01-18 07:31:31,2024-01-20 01:37:42,2024-01-20 01:51:42,jennifer.wu,Engineering,UniServices,Phone,false,6.6
SUP-2003985,Billing Issue - StartupXYZ,Billing Issue,Medium,Closed,2024-01-22 08:19:34,2024-01-23 01:55:16,2024-01-23 02:37:16,thomas.berg,Finance Support,StartupXYZ,Phone,false,5.0
SUP-2003986,Performance Issue - StartupXYZ,Performance Issue,Medium,Closed,2024-01-17 16:32:42,2024-01-18 20:02:55,2024-01-18 20:58:55,alex.chen,Engineering,StartupXYZ,Portal,false,
SUP-2003987,Data Export/Import - Global Finance,Data Export/Import,High,Closed,2024-01-09 09:00:16,2024-01-09 10:57:36,2024-01-09 11:52:36,jennifer.wu,Technical Team,Global Finance,Chat,false,6.4
SUP-2003988,Billing Issue - TechStart Inc,Billing Issue,Medium,Closed,2024-01-05 13:37:39,2024-01-07 01:39:48,2024-01-07 01:45:48,carlos.silva,Finance Support,TechStart Inc,Phone,false,
SUP-2003989,Feature Request - MedGroup,Feature Request,Low,Closed,2024-01-25 15:34:20,2024-01-30 06:59:36,2024-01-30 07:07:36,ryan.kim,Product Team,MedGroup,Chat,false,4.1
SUP-2003990,Data Export/Import - Global Finance,Data Export/Import,Low,Closed,2024-01-04 16:57:23,2024-01-08 07:43:58,2024-01-08 08:07:58,maya.patel,Technical Team,Global Finance,Portal,false,6.6
SUP-2003991,Performance Issue - Global Finance,Performance Issue,High,Escalated,2024-01-19 14:24:12,2024-01-22 03:59:31,,alex.chen,Engineering,Global Finance,Phone,false,
SUP-2003992,Billing Issue - TechStart Inc,Billing Issue,Medium,Escalated,2024-01-24 11:52:56,2024-01-24 21:36:54,,sofia.moreau,Finance Support,TechStart Inc,Portal,false,
SUP-2003993,Feature Request - StartupXYZ,Feature Request,Low,Reopened,2024-01-15 13:06:08,2024-01-20 01:58:04,,carlos.silva,Product Team,StartupXYZ,Chat,false,
SUP-2003994,Account Management - Acme Corp,Account Management,High,Closed,2024-01-11 12:50:31,2024-01-11 18:20:34,2024-01-11 19:00:34,laura.smith,Account Team,Acme Corp,Chat,false,5.6
SUP-2003995,Account Management - Global Finance,Account Management,Medium,Closed,2024-01-03 08:32:12,2024-01-05 06:24:50,2024-01-05 06:48:50,carlos.silva,Account Team,Global Finance,Email,false,6.0
SUP-2003996,Technical Support - Acme Corp,Technical Support,Low,Closed,2024-01-22 13:15:55,2024-02-02 06:57:09,2024-02-02 07:26:09,thomas.berg,Technical Team,Acme Corp,Portal,true,3.7
SUP-2003997,Integration Problem - TechStart Inc,Integration Problem,Low,Closed,2024-01-11 13:37:36,2024-01-14 21:40:11,2024-01-14 21:53:11,alex.chen,Integration Team,TechStart Inc,Email,false,8.1
SUP-2003998,Billing Issue - CityCouncil,Billing Issue,Medium,Reopened,2024-01-01 12:04:34,2024-01-02 03:28:34,,ryan.kim,Finance Support,CityCouncil,Chat,false,
SUP-2003999,Integration Problem - MedGroup,Integration Problem,High,Closed,2024-01-16 09:32:51,2024-01-16 21:02:52,2024-01-16 21:58:52,maya.patel,Integration Team,MedGroup,Email,false,5.9
